file_path,label
data/images/Amanita_muscaria/188506846.jpg,Amanita muscaria
data/images/Amanita_muscaria/188649708.jpg,Amanita muscaria
data/images/Amanita_muscaria/188650006.jpg,Amanita muscaria
data/images/Amanita_muscaria/188797586.jpg,Amanita muscaria
data/images/Amanita_muscaria/188852877.jpg,Amanita muscaria
data/images/Amanita_muscaria/188880004.jpg,Amanita muscaria
data/images/Amanita_muscaria/188903097.jpg,Amanita muscaria
data/images/Amanita_muscaria/188988821.jpg,Amanita muscaria
data/images/Amanita_muscaria/189003336.jpg,Amanita muscaria
data/images/Amanita_muscaria/189046754.jpg,Amanita muscaria
data/images/Amanita_muscaria/189091848.jpg,Amanita muscaria
data/images/Amanita_muscaria/189092271.jpg,Amanita muscaria
data/images/Amanita_muscaria/189119055.jpg,Amanita muscaria
data/images/Amanita_muscaria/189123339.jpg,Amanita muscaria
data/images/Amanita_muscaria/189147227.jpg,Amanita muscaria
data/images/Amanita_muscaria/189204290.jpg,Amanita muscaria
data/images/Amanita_muscaria/189252685.jpg,Amanita muscaria
data/images/Amanita_muscaria/189338576.jpg,Amanita muscaria
data/images/Amanita_muscaria/189360778.jpg,Amanita muscaria
data/images/Amanita_muscaria/189459763.jpg,Amanita muscaria
data/images/Amanita_muscaria/189460481.jpg,Amanita muscaria
data/images/Amanita_muscaria/189465674.jpg,Amanita muscaria
data/images/Amanita_muscaria/189624538.jpg,Amanita muscaria
data/images/Amanita_muscaria/189649078.jpg,Amanita muscaria
data/images/Amanita_muscaria/189651323.jpg,Amanita muscaria
data/images/Amanita_muscaria/189668913.jpg,Amanita muscaria
data/images/Amanita_muscaria/189743012.jpg,Amanita muscaria
data/images/Amanita_muscaria/189829889.jpg,Amanita muscaria
data/images/Amanita_muscaria/189937438.jpg,Amanita muscaria
data/images/Amanita_muscaria/189946349.jpg,Amanita muscaria
data/images/Amanita_muscaria/189961204.jpg,Amanita muscaria
data/images/Amanita_muscaria/190078840.jpg,Amanita muscaria
data/images/Amanita_muscaria/190306763.jpg,Amanita muscaria
data/images/Amanita_muscaria/190322646.jpg,Amanita muscaria
data/images/Amanita_muscaria/190338100.jpg,Amanita muscaria
data/images/Amanita_muscaria/191070779.jpg,Amanita muscaria
data/images/Amanita_muscaria/191072247.jpg,Amanita muscaria
data/images/Amanita_muscaria/191474933.jpg,Amanita muscaria
data/images/Amanita_muscaria/191666069.jpg,Amanita muscaria
data/images/Amanita_muscaria/193699184.jpg,Amanita muscaria
data/images/Amanita_muscaria/194674697.jpg,Amanita muscaria
data/images/Amanita_muscaria/197665361.jpg,Amanita muscaria
data/images/Amanita_muscaria/198375651.jpg,Amanita muscaria
data/images/Amanita_muscaria/198375820.jpg,Amanita muscaria
data/images/Amanita_muscaria/199448946.jpg,Amanita muscaria
data/images/Amanita_muscaria/200321338.jpg,Amanita muscaria
data/images/Amanita_muscaria/201144245.jpg,Amanita muscaria
data/images/Amanita_muscaria/201144397.jpg,Amanita muscaria
data/images/Amanita_muscaria/202074751.jpg,Amanita muscaria
data/images/Amanita_muscaria/212874247.jpg,Amanita muscaria
data/images/Amanita_muscaria/215580941.jpg,Amanita muscaria
data/images/Amanita_muscaria/217072179.jpg,Amanita muscaria
data/images/Amanita_muscaria/219351207.jpg,Amanita muscaria
data/images/Amanita_muscaria/220311695.jpg,Amanita muscaria
data/images/Amanita_muscaria/220509227.jpg,Amanita muscaria
data/images/Amanita_muscaria/220510606.jpg,Amanita muscaria
data/images/Amanita_muscaria/221537137.jpg,Amanita muscaria
data/images/Amanita_muscaria/222595032.jpg,Amanita muscaria
data/images/Amanita_muscaria/242641459.jpg,Amanita muscaria
data/images/Amanita_muscaria/243100965.jpg,Amanita muscaria
data/images/Amanita_muscaria/243315416.jpg,Amanita muscaria
data/images/Amanita_muscaria/243962928.jpg,Amanita muscaria
data/images/Amanita_muscaria/244675608.jpg,Amanita muscaria
data/images/Amanita_muscaria/244864442.jpg,Amanita muscaria
data/images/Amanita_muscaria/244938797.jpg,Amanita muscaria
data/images/Amanita_muscaria/245207731.jpg,Amanita muscaria
data/images/Amanita_muscaria/245235768.jpg,Amanita muscaria
data/images/Amanita_muscaria/245372525.jpg,Amanita muscaria
data/images/Amanita_muscaria/245773707.jpg,Amanita muscaria
data/images/Amanita_muscaria/245919914.jpg,Amanita muscaria
data/images/Amanita_muscaria/246448398.jpg,Amanita muscaria
data/images/Amanita_muscaria/246481782.jpg,Amanita muscaria
data/images/Amanita_muscaria/246637949.jpg,Amanita muscaria
data/images/Amanita_muscaria/246764248.jpg,Amanita muscaria
data/images/Amanita_muscaria/246891966.jpg,Amanita muscaria
data/images/Amanita_muscaria/246895945.jpg,Amanita muscaria
data/images/Amanita_muscaria/246900698.jpg,Amanita muscaria
data/images/Amanita_muscaria/246902204.jpg,Amanita muscaria
data/images/Amanita_muscaria/246913937.jpg,Amanita muscaria
data/images/Amanita_muscaria/246943859.jpg,Amanita muscaria
data/images/Amanita_muscaria/246951135.jpg,Amanita muscaria
data/images/Amanita_muscaria/246976844.jpg,Amanita muscaria
data/images/Amanita_muscaria/247073462.jpg,Amanita muscaria
data/images/Amanita_muscaria/247078114.jpg,Amanita muscaria
data/images/Amanita_muscaria/247084730.jpg,Amanita muscaria
data/images/Amanita_muscaria/247091166.jpg,Amanita muscaria
data/images/Amanita_muscaria/247107298.jpg,Amanita muscaria
data/images/Amanita_muscaria/247117512.jpg,Amanita muscaria
data/images/Amanita_muscaria/247288169.jpg,Amanita muscaria
data/images/Amanita_muscaria/247306975.jpg,Amanita muscaria
data/images/Amanita_muscaria/247337944.jpg,Amanita muscaria
data/images/Amanita_muscaria/247343288.jpg,Amanita muscaria
data/images/Amanita_muscaria/247452684.jpg,Amanita muscaria
data/images/Amanita_muscaria/247453989.jpg,Amanita muscaria
data/images/Amanita_muscaria/247455989.jpg,Amanita muscaria
data/images/Amanita_muscaria/247466405.jpg,Amanita muscaria
data/images/Amanita_muscaria/247588813.jpg,Amanita muscaria
data/images/Amanita_muscaria/247595350.jpg,Amanita muscaria
data/images/Amanita_muscaria/247615462.jpg,Amanita muscaria
data/images/Amanita_muscaria/247619388.jpg,Amanita muscaria
data/images/Amanita_muscaria/247631750.jpg,Amanita muscaria
data/images/Amanita_muscaria/247731674.jpg,Amanita muscaria
data/images/Amanita_muscaria/247750330.jpg,Amanita muscaria
data/images/Amanita_muscaria/247750564.jpg,Amanita muscaria
data/images/Amanita_muscaria/247895802.jpg,Amanita muscaria
data/images/Amanita_muscaria/247900989.jpg,Amanita muscaria
data/images/Amanita_muscaria/247960095.jpg,Amanita muscaria
data/images/Amanita_muscaria/248033351.jpg,Amanita muscaria
data/images/Amanita_muscaria/248059868.jpg,Amanita muscaria
data/images/Amanita_muscaria/248077987.jpg,Amanita muscaria
data/images/Amanita_muscaria/248082484.jpg,Amanita muscaria
data/images/Amanita_muscaria/248115329.jpg,Amanita muscaria
data/images/Amanita_muscaria/248261893.jpg,Amanita muscaria
data/images/Amanita_muscaria/248271094.jpg,Amanita muscaria
data/images/Amanita_muscaria/248273516.jpg,Amanita muscaria
data/images/Amanita_muscaria/248559399.jpg,Amanita muscaria
data/images/Amanita_muscaria/248578198.jpg,Amanita muscaria
data/images/Amanita_muscaria/248589779.jpg,Amanita muscaria
data/images/Amanita_muscaria/248643788.jpg,Amanita muscaria
data/images/Amanita_muscaria/248717728.jpg,Amanita muscaria
data/images/Amanita_muscaria/249140482.jpg,Amanita muscaria
data/images/Amanita_muscaria/249148079.jpg,Amanita muscaria
data/images/Amanita_muscaria/249159797.jpg,Amanita muscaria
data/images/Amanita_muscaria/249227292.jpg,Amanita muscaria
data/images/Amanita_muscaria/249289383.jpg,Amanita muscaria
data/images/Amanita_muscaria/249339315.jpg,Amanita muscaria
data/images/Amanita_muscaria/249541124.jpg,Amanita muscaria
data/images/Amanita_muscaria/249753387.jpg,Amanita muscaria
data/images/Amanita_muscaria/249981238.jpg,Amanita muscaria
data/images/Amanita_muscaria/250138245.jpg,Amanita muscaria
data/images/Amanita_muscaria/250170082.jpg,Amanita muscaria
data/images/Amanita_muscaria/250880997.jpg,Amanita muscaria
data/images/Amanita_muscaria/250881268.jpg,Amanita muscaria
data/images/Amanita_muscaria/251031717.jpg,Amanita muscaria
data/images/Amanita_muscaria/251151990.jpg,Amanita muscaria
data/images/Amanita_muscaria/252321455.jpg,Amanita muscaria
data/images/Amanita_muscaria/253997555.jpg,Amanita muscaria
data/images/Amanita_muscaria/254143265.jpg,Amanita muscaria
data/images/Amanita_muscaria/258074312.jpg,Amanita muscaria
data/images/Amanita_muscaria/268144042.jpg,Amanita muscaria
data/images/Amanita_muscaria/270492822.jpg,Amanita muscaria
data/images/Amanita_muscaria/299855334.jpg,Amanita muscaria
data/images/Amanita_muscaria/300622695.jpg,Amanita muscaria
data/images/Amanita_muscaria/308694542.jpg,Amanita muscaria
data/images/Amanita_muscaria/309221664.jpg,Amanita muscaria
data/images/Amanita_muscaria/309440067.jpg,Amanita muscaria
data/images/Amanita_muscaria/311037989.jpg,Amanita muscaria
data/images/Amanita_muscaria/311478832.jpg,Amanita muscaria
data/images/Amanita_muscaria/312882008.jpg,Amanita muscaria
data/images/Amanita_muscaria/313087974.jpg,Amanita muscaria
data/images/Amanita_muscaria/313088057.jpg,Amanita muscaria
data/images/Amanita_muscaria/314119069.jpg,Amanita muscaria
data/images/Amanita_muscaria/314227838.jpg,Amanita muscaria
data/images/Amanita_muscaria/314294412.jpg,Amanita muscaria
data/images/Amanita_muscaria/314379025.jpg,Amanita muscaria
data/images/Amanita_muscaria/314608724.jpg,Amanita muscaria
data/images/Amanita_muscaria/314609059.jpg,Amanita muscaria
data/images/Amanita_muscaria/314775443.jpg,Amanita muscaria
data/images/Amanita_muscaria/314782857.jpg,Amanita muscaria
data/images/Amanita_muscaria/314971432.jpg,Amanita muscaria
data/images/Amanita_muscaria/315013453.jpg,Amanita muscaria
data/images/Amanita_muscaria/315191490.jpg,Amanita muscaria
data/images/Amanita_muscaria/315211575.jpg,Amanita muscaria
data/images/Amanita_muscaria/315483636.jpg,Amanita muscaria
data/images/Amanita_muscaria/315503362.jpg,Amanita muscaria
data/images/Amanita_muscaria/315790750.jpg,Amanita muscaria
data/images/Amanita_muscaria/315791161.jpg,Amanita muscaria
data/images/Amanita_muscaria/315813871.jpg,Amanita muscaria
data/images/Amanita_muscaria/315826721.jpg,Amanita muscaria
data/images/Amanita_muscaria/315830423.jpg,Amanita muscaria
data/images/Amanita_muscaria/315831076.jpg,Amanita muscaria
data/images/Amanita_muscaria/315831621.jpg,Amanita muscaria
data/images/Amanita_muscaria/315890481.jpg,Amanita muscaria
data/images/Amanita_muscaria/316001506.jpg,Amanita muscaria
data/images/Amanita_muscaria/316016156.jpg,Amanita muscaria
data/images/Amanita_muscaria/316019964.jpg,Amanita muscaria
data/images/Amanita_muscaria/316054324.jpg,Amanita muscaria
data/images/Amanita_muscaria/316093867.jpg,Amanita muscaria
data/images/Amanita_muscaria/316559575.jpg,Amanita muscaria
data/images/Amanita_muscaria/316563341.jpg,Amanita muscaria
data/images/Amanita_muscaria/316743927.jpg,Amanita muscaria
data/images/Amanita_muscaria/316943287.jpg,Amanita muscaria
data/images/Amanita_muscaria/317240909.jpg,Amanita muscaria
data/images/Amanita_muscaria/317507909.jpg,Amanita muscaria
data/images/Amanita_muscaria/317776939.jpg,Amanita muscaria
data/images/Amanita_muscaria/317789142.jpg,Amanita muscaria
data/images/Amanita_muscaria/317855202.jpg,Amanita muscaria
data/images/Amanita_muscaria/318150719.jpg,Amanita muscaria
data/images/Amanita_muscaria/318151082.jpg,Amanita muscaria
data/images/Amanita_muscaria/318165635.jpg,Amanita muscaria
data/images/Amanita_muscaria/318181086.jpg,Amanita muscaria
data/images/Amanita_muscaria/318346808.jpg,Amanita muscaria
data/images/Amanita_muscaria/318838430.jpg,Amanita muscaria
data/images/Amanita_muscaria/318839136.jpg,Amanita muscaria
data/images/Amanita_muscaria/318851806.jpg,Amanita muscaria
data/images/Amanita_muscaria/318865379.jpg,Amanita muscaria
data/images/Amanita_muscaria/318870681.jpg,Amanita muscaria
data/images/Amanita_muscaria/318870726.jpg,Amanita muscaria
data/images/Amanita_muscaria/319127908.jpg,Amanita muscaria
data/images/Amanita_muscaria/319311870.jpg,Amanita muscaria
data/images/Amanita_muscaria/319361296.jpg,Amanita muscaria
data/images/Amanita_muscaria/319537111.jpg,Amanita muscaria
data/images/Amanita_muscaria/319784415.jpg,Amanita muscaria
data/images/Amanita_muscaria/319792919.jpg,Amanita muscaria
data/images/Amanita_muscaria/319907984.jpg,Amanita muscaria
data/images/Amanita_muscaria/319931564.jpg,Amanita muscaria
data/images/Amanita_muscaria/319946386.jpg,Amanita muscaria
data/images/Amanita_muscaria/320023029.jpg,Amanita muscaria
data/images/Amanita_muscaria/320122878.jpg,Amanita muscaria
data/images/Amanita_muscaria/320129619.jpg,Amanita muscaria
data/images/Amanita_muscaria/320135454.jpg,Amanita muscaria
data/images/Amanita_muscaria/320135529.jpg,Amanita muscaria
data/images/Amanita_muscaria/320146850.jpg,Amanita muscaria
data/images/Amanita_muscaria/320168501.jpg,Amanita muscaria
data/images/Amanita_muscaria/320179501.jpg,Amanita muscaria
data/images/Amanita_muscaria/320182938.jpg,Amanita muscaria
data/images/Amanita_muscaria/320354784.jpg,Amanita muscaria
data/images/Amanita_muscaria/320368479.jpg,Amanita muscaria
data/images/Amanita_muscaria/320368496.jpg,Amanita muscaria
data/images/Amanita_muscaria/320374802.jpg,Amanita muscaria
data/images/Amanita_muscaria/320380351.jpg,Amanita muscaria
data/images/Amanita_muscaria/320383954.jpg,Amanita muscaria
data/images/Amanita_muscaria/320387500.jpg,Amanita muscaria
data/images/Amanita_muscaria/320407351.jpg,Amanita muscaria
data/images/Amanita_muscaria/320615287.jpg,Amanita muscaria
data/images/Amanita_muscaria/320619375.jpg,Amanita muscaria
data/images/Amanita_muscaria/320621633.jpg,Amanita muscaria
data/images/Amanita_muscaria/320636285.jpg,Amanita muscaria
data/images/Amanita_muscaria/320651030.jpg,Amanita muscaria
data/images/Amanita_muscaria/320663434.jpg,Amanita muscaria
data/images/Amanita_muscaria/320663536.jpg,Amanita muscaria
data/images/Amanita_muscaria/320671045.jpg,Amanita muscaria
data/images/Amanita_muscaria/320717712.jpg,Amanita muscaria
data/images/Amanita_muscaria/320828748.jpg,Amanita muscaria
data/images/Amanita_muscaria/320870392.jpg,Amanita muscaria
data/images/Amanita_muscaria/321004541.jpg,Amanita muscaria
data/images/Amanita_muscaria/321015134.jpg,Amanita muscaria
data/images/Amanita_muscaria/321042851.jpg,Amanita muscaria
data/images/Amanita_muscaria/321107734.jpg,Amanita muscaria
data/images/Amanita_muscaria/321107900.jpg,Amanita muscaria
data/images/Amanita_muscaria/321108849.jpg,Amanita muscaria
data/images/Amanita_muscaria/321193165.jpg,Amanita muscaria
data/images/Amanita_muscaria/321204377.jpg,Amanita muscaria
data/images/Amanita_muscaria/321207032.jpg,Amanita muscaria
data/images/Amanita_muscaria/321233232.jpg,Amanita muscaria
data/images/Amanita_muscaria/321245111.jpg,Amanita muscaria
data/images/Amanita_muscaria/321372241.jpg,Amanita muscaria
data/images/Amanita_muscaria/321388932.jpg,Amanita muscaria
data/images/Amanita_muscaria/321398833.jpg,Amanita muscaria
data/images/Amanita_muscaria/321411679.jpg,Amanita muscaria
data/images/Amanita_muscaria/321432198.jpg,Amanita muscaria
data/images/Amanita_muscaria/321475059.jpg,Amanita muscaria
data/images/Amanita_muscaria/321558219.jpg,Amanita muscaria
data/images/Amanita_muscaria/321575805.jpg,Amanita muscaria
data/images/Amanita_muscaria/321593710.jpg,Amanita muscaria
data/images/Amanita_muscaria/321700180.jpg,Amanita muscaria
data/images/Amanita_muscaria/321700962.jpg,Amanita muscaria
data/images/Amanita_muscaria/321794084.jpg,Amanita muscaria
data/images/Amanita_muscaria/321804098.jpg,Amanita muscaria
data/images/Amanita_muscaria/321834472.jpg,Amanita muscaria
data/images/Amanita_muscaria/321834473.jpg,Amanita muscaria
data/images/Amanita_muscaria/321856106.jpg,Amanita muscaria
data/images/Amanita_muscaria/322014662.jpg,Amanita muscaria
data/images/Amanita_muscaria/322541247.jpg,Amanita muscaria
data/images/Amanita_muscaria/322604736.jpg,Amanita muscaria
data/images/Amanita_muscaria/322924407.jpg,Amanita muscaria
data/images/Amanita_muscaria/322951918.jpg,Amanita muscaria
data/images/Amanita_muscaria/323148752.jpg,Amanita muscaria
data/images/Amanita_muscaria/323155784.jpg,Amanita muscaria
data/images/Amanita_muscaria/323175529.jpg,Amanita muscaria
data/images/Amanita_muscaria/323442995.jpg,Amanita muscaria
data/images/Amanita_muscaria/323444997.jpg,Amanita muscaria
data/images/Amanita_muscaria/323616192.jpg,Amanita muscaria
data/images/Amanita_muscaria/323783043.jpg,Amanita muscaria
data/images/Amanita_muscaria/323983571.jpg,Amanita muscaria
data/images/Amanita_muscaria/324006459.jpg,Amanita muscaria
data/images/Amanita_muscaria/324118073.jpg,Amanita muscaria
data/images/Amanita_muscaria/324167640.jpg,Amanita muscaria
data/images/Amanita_muscaria/324200512.jpg,Amanita muscaria
data/images/Amanita_muscaria/324284527.jpg,Amanita muscaria
data/images/Amanita_muscaria/324293590.jpg,Amanita muscaria
data/images/Amanita_muscaria/324324198.jpg,Amanita muscaria
data/images/Amanita_muscaria/324487720.jpg,Amanita muscaria
data/images/Amanita_muscaria/324577423.jpg,Amanita muscaria
data/images/Amanita_muscaria/324716799.jpg,Amanita muscaria
data/images/Amanita_muscaria/324840750.jpg,Amanita muscaria
data/images/Amanita_muscaria/324864054.jpg,Amanita muscaria
data/images/Amanita_muscaria/324882392.jpg,Amanita muscaria
data/images/Amanita_muscaria/324934257.jpg,Amanita muscaria
data/images/Amanita_muscaria/324992207.jpg,Amanita muscaria
data/images/Amanita_muscaria/325177351.jpg,Amanita muscaria
data/images/Amanita_muscaria/325463042.jpg,Amanita muscaria
data/images/Amanita_muscaria/325544103.jpg,Amanita muscaria
data/images/Amanita_muscaria/325663261.jpg,Amanita muscaria
data/images/Amanita_muscaria/325685518.jpg,Amanita muscaria
data/images/Amanita_muscaria/325851233.jpg,Amanita muscaria
data/images/Amanita_muscaria/326295472.jpg,Amanita muscaria
data/images/Amanita_muscaria/326303074.jpg,Amanita muscaria
data/images/Amanita_muscaria/326527289.jpg,Amanita muscaria
data/images/Amanita_muscaria/327149324.jpg,Amanita muscaria
data/images/Amanita_muscaria/327492284.jpg,Amanita muscaria
data/images/Amanita_muscaria/330838622.jpg,Amanita muscaria
data/images/Amanita_muscaria/338066709.jpg,Amanita muscaria
data/images/Amanita_muscaria/339311714.jpg,Amanita muscaria
data/images/Amanita_muscaria/339893139.jpg,Amanita muscaria
data/images/Amanita_muscaria/345875283.jpg,Amanita muscaria
data/images/Amanita_muscaria/348263304.jpg,Amanita muscaria
data/images/Amanita_muscaria/349589893.jpg,Amanita muscaria
data/images/Coprinus_comatus/142629462.jpg,Coprinus comatus
data/images/Coprinus_comatus/142945514.jpg,Coprinus comatus
data/images/Coprinus_comatus/143038674.jpg,Coprinus comatus
data/images/Coprinus_comatus/143524750.jpg,Coprinus comatus
data/images/Coprinus_comatus/143794664.jpg,Coprinus comatus
data/images/Coprinus_comatus/143863103.jpg,Coprinus comatus
data/images/Coprinus_comatus/143866076.jpg,Coprinus comatus
data/images/Coprinus_comatus/147883826.jpg,Coprinus comatus
data/images/Coprinus_comatus/148171775.jpg,Coprinus comatus
data/images/Coprinus_comatus/148460726.jpg,Coprinus comatus
data/images/Coprinus_comatus/149809434.jpg,Coprinus comatus
data/images/Coprinus_comatus/149809439.jpg,Coprinus comatus
data/images/Coprinus_comatus/151470501.jpg,Coprinus comatus
data/images/Coprinus_comatus/153552574.jpg,Coprinus comatus
data/images/Coprinus_comatus/154676337.jpg,Coprinus comatus
data/images/Coprinus_comatus/156540171.jpg,Coprinus comatus
data/images/Coprinus_comatus/158553966.jpg,Coprinus comatus
data/images/Coprinus_comatus/170480564.jpg,Coprinus comatus
data/images/Coprinus_comatus/174649244.jpg,Coprinus comatus
data/images/Coprinus_comatus/175910961.jpg,Coprinus comatus
data/images/Coprinus_comatus/176737584.jpg,Coprinus comatus
data/images/Coprinus_comatus/177467666.jpg,Coprinus comatus
data/images/Coprinus_comatus/177858718.jpg,Coprinus comatus
data/images/Coprinus_comatus/178190182.jpg,Coprinus comatus
data/images/Coprinus_comatus/178506567.jpg,Coprinus comatus
data/images/Coprinus_comatus/178521404.jpg,Coprinus comatus
data/images/Coprinus_comatus/178838965.jpg,Coprinus comatus
data/images/Coprinus_comatus/179324346.jpg,Coprinus comatus
data/images/Coprinus_comatus/179386001.jpg,Coprinus comatus
data/images/Coprinus_comatus/179848033.jpg,Coprinus comatus
data/images/Coprinus_comatus/180255895.jpg,Coprinus comatus
data/images/Coprinus_comatus/181017940.jpg,Coprinus comatus
data/images/Coprinus_comatus/182652512.jpg,Coprinus comatus
data/images/Coprinus_comatus/182764004.jpg,Coprinus comatus
data/images/Coprinus_comatus/182820849.jpg,Coprinus comatus
data/images/Coprinus_comatus/182918434.jpg,Coprinus comatus
data/images/Coprinus_comatus/183345059.jpg,Coprinus comatus
data/images/Coprinus_comatus/183469579.jpg,Coprinus comatus
data/images/Coprinus_comatus/183494340.jpg,Coprinus comatus
data/images/Coprinus_comatus/185572878.jpg,Coprinus comatus
data/images/Coprinus_comatus/185764977.jpg,Coprinus comatus
data/images/Coprinus_comatus/185776874.jpg,Coprinus comatus
data/images/Coprinus_comatus/186259640.jpg,Coprinus comatus
data/images/Coprinus_comatus/186314715.jpg,Coprinus comatus
data/images/Coprinus_comatus/186680012.jpg,Coprinus comatus
data/images/Coprinus_comatus/186869428.jpg,Coprinus comatus
data/images/Coprinus_comatus/187093307.jpg,Coprinus comatus
data/images/Coprinus_comatus/187122056.jpg,Coprinus comatus
data/images/Coprinus_comatus/187236408.jpg,Coprinus comatus
data/images/Coprinus_comatus/187336898.jpg,Coprinus comatus
data/images/Coprinus_comatus/187336923.jpg,Coprinus comatus
data/images/Coprinus_comatus/187453977.jpg,Coprinus comatus
data/images/Coprinus_comatus/187456742.jpg,Coprinus comatus
data/images/Coprinus_comatus/187464945.jpg,Coprinus comatus
data/images/Coprinus_comatus/187487483.jpg,Coprinus comatus
data/images/Coprinus_comatus/187495438.jpg,Coprinus comatus
data/images/Coprinus_comatus/187495608.jpg,Coprinus comatus
data/images/Coprinus_comatus/187501052.jpg,Coprinus comatus
data/images/Coprinus_comatus/187513686.jpg,Coprinus comatus
data/images/Coprinus_comatus/187643644.jpg,Coprinus comatus
data/images/Coprinus_comatus/187650669.jpg,Coprinus comatus
data/images/Coprinus_comatus/187661080.jpg,Coprinus comatus
data/images/Coprinus_comatus/187692242.jpg,Coprinus comatus
data/images/Coprinus_comatus/187886626.jpg,Coprinus comatus
data/images/Coprinus_comatus/187886700.jpg,Coprinus comatus
data/images/Coprinus_comatus/187913673.jpg,Coprinus comatus
data/images/Coprinus_comatus/188001295.jpg,Coprinus comatus
data/images/Coprinus_comatus/188038382.jpg,Coprinus comatus
data/images/Coprinus_comatus/188123914.jpg,Coprinus comatus
data/images/Coprinus_comatus/188148142.jpg,Coprinus comatus
data/images/Coprinus_comatus/188237258.jpg,Coprinus comatus
data/images/Coprinus_comatus/188244187.jpg,Coprinus comatus
data/images/Coprinus_comatus/188492114.jpg,Coprinus comatus
data/images/Coprinus_comatus/188493521.jpg,Coprinus comatus
data/images/Coprinus_comatus/188654818.jpg,Coprinus comatus
data/images/Coprinus_comatus/188783889.jpg,Coprinus comatus
data/images/Coprinus_comatus/188794307.jpg,Coprinus comatus
data/images/Coprinus_comatus/188806346.jpg,Coprinus comatus
data/images/Coprinus_comatus/188876154.jpg,Coprinus comatus
data/images/Coprinus_comatus/188892519.jpg,Coprinus comatus
data/images/Coprinus_comatus/188892701.jpg,Coprinus comatus
data/images/Coprinus_comatus/188914983.jpg,Coprinus comatus
data/images/Coprinus_comatus/188982796.jpg,Coprinus comatus
data/images/Coprinus_comatus/188992662.jpg,Coprinus comatus
data/images/Coprinus_comatus/188993362.jpg,Coprinus comatus
data/images/Coprinus_comatus/188993612.jpg,Coprinus comatus
data/images/Coprinus_comatus/189001892.jpg,Coprinus comatus
data/images/Coprinus_comatus/189203851.jpg,Coprinus comatus
data/images/Coprinus_comatus/189217010.jpg,Coprinus comatus
data/images/Coprinus_comatus/189228310.jpg,Coprinus comatus
data/images/Coprinus_comatus/189347671.jpg,Coprinus comatus
data/images/Coprinus_comatus/189350222.jpg,Coprinus comatus
data/images/Coprinus_comatus/189361681.jpg,Coprinus comatus
data/images/Coprinus_comatus/189446536.jpg,Coprinus comatus
data/images/Coprinus_comatus/189450855.jpg,Coprinus comatus
data/images/Coprinus_comatus/189452854.jpg,Coprinus comatus
data/images/Coprinus_comatus/189487631.jpg,Coprinus comatus
data/images/Coprinus_comatus/189575022.jpg,Coprinus comatus
data/images/Coprinus_comatus/189609245.jpg,Coprinus comatus
data/images/Coprinus_comatus/189649053.jpg,Coprinus comatus
data/images/Coprinus_comatus/189694990.jpg,Coprinus comatus
data/images/Coprinus_comatus/189699236.jpg,Coprinus comatus
data/images/Coprinus_comatus/189752413.jpg,Coprinus comatus
data/images/Coprinus_comatus/189934930.jpg,Coprinus comatus
data/images/Coprinus_comatus/189943952.jpg,Coprinus comatus
data/images/Coprinus_comatus/189949065.jpg,Coprinus comatus
data/images/Coprinus_comatus/190053658.jpg,Coprinus comatus
data/images/Coprinus_comatus/190085512.jpg,Coprinus comatus
data/images/Coprinus_comatus/190098546.jpg,Coprinus comatus
data/images/Coprinus_comatus/190106002.jpg,Coprinus comatus
data/images/Coprinus_comatus/190113398.jpg,Coprinus comatus
data/images/Coprinus_comatus/190134328.jpg,Coprinus comatus
data/images/Coprinus_comatus/190189511.jpg,Coprinus comatus
data/images/Coprinus_comatus/190202000.jpg,Coprinus comatus
data/images/Coprinus_comatus/190298504.jpg,Coprinus comatus
data/images/Coprinus_comatus/190322789.jpg,Coprinus comatus
data/images/Coprinus_comatus/190384681.jpg,Coprinus comatus
data/images/Coprinus_comatus/190505143.jpg,Coprinus comatus
data/images/Coprinus_comatus/190673769.jpg,Coprinus comatus
data/images/Coprinus_comatus/190733212.jpg,Coprinus comatus
data/images/Coprinus_comatus/190740350.jpg,Coprinus comatus
data/images/Coprinus_comatus/190774501.jpg,Coprinus comatus
data/images/Coprinus_comatus/190774806.jpg,Coprinus comatus
data/images/Coprinus_comatus/190799300.jpg,Coprinus comatus
data/images/Coprinus_comatus/191099388.jpg,Coprinus comatus
data/images/Coprinus_comatus/191162023.jpg,Coprinus comatus
data/images/Coprinus_comatus/191184218.jpg,Coprinus comatus
data/images/Coprinus_comatus/191255724.jpg,Coprinus comatus
data/images/Coprinus_comatus/191791662.jpg,Coprinus comatus
data/images/Coprinus_comatus/192308894.jpg,Coprinus comatus
data/images/Coprinus_comatus/192337621.jpg,Coprinus comatus
data/images/Coprinus_comatus/198974046.jpg,Coprinus comatus
data/images/Coprinus_comatus/199560907.jpg,Coprinus comatus
data/images/Coprinus_comatus/199830737.jpg,Coprinus comatus
data/images/Coprinus_comatus/200625306.jpg,Coprinus comatus
data/images/Coprinus_comatus/204372960.jpg,Coprinus comatus
data/images/Coprinus_comatus/204892902.jpg,Coprinus comatus
data/images/Coprinus_comatus/205092368.jpg,Coprinus comatus
data/images/Coprinus_comatus/208506508.jpg,Coprinus comatus
data/images/Coprinus_comatus/213440804.jpg,Coprinus comatus
data/images/Coprinus_comatus/213647952.jpg,Coprinus comatus
data/images/Coprinus_comatus/214196445.jpg,Coprinus comatus
data/images/Coprinus_comatus/216278303.jpg,Coprinus comatus
data/images/Coprinus_comatus/217069416.jpg,Coprinus comatus
data/images/Coprinus_comatus/219982677.jpg,Coprinus comatus
data/images/Coprinus_comatus/220666128.jpg,Coprinus comatus
data/images/Coprinus_comatus/221284533.jpg,Coprinus comatus
data/images/Coprinus_comatus/226445519.jpg,Coprinus comatus
data/images/Coprinus_comatus/226445555.jpg,Coprinus comatus
data/images/Coprinus_comatus/229540292.jpg,Coprinus comatus
data/images/Coprinus_comatus/236283271.jpg,Coprinus comatus
data/images/Coprinus_comatus/240579594.jpg,Coprinus comatus
data/images/Coprinus_comatus/243291797.jpg,Coprinus comatus
data/images/Coprinus_comatus/244301737.jpg,Coprinus comatus
data/images/Coprinus_comatus/244337594.jpg,Coprinus comatus
data/images/Coprinus_comatus/244455665.jpg,Coprinus comatus
data/images/Coprinus_comatus/244495007.jpg,Coprinus comatus
data/images/Coprinus_comatus/244662949.jpg,Coprinus comatus
data/images/Coprinus_comatus/245218088.jpg,Coprinus comatus
data/images/Coprinus_comatus/245219805.jpg,Coprinus comatus
data/images/Coprinus_comatus/245528578.jpg,Coprinus comatus
data/images/Coprinus_comatus/245605758.jpg,Coprinus comatus
data/images/Coprinus_comatus/245734699.jpg,Coprinus comatus
data/images/Coprinus_comatus/245970798.jpg,Coprinus comatus
data/images/Coprinus_comatus/246769072.jpg,Coprinus comatus
data/images/Coprinus_comatus/246912028.jpg,Coprinus comatus
data/images/Coprinus_comatus/246913387.jpg,Coprinus comatus
data/images/Coprinus_comatus/246932697.jpg,Coprinus comatus
data/images/Coprinus_comatus/246937497.jpg,Coprinus comatus
data/images/Coprinus_comatus/246940625.jpg,Coprinus comatus
data/images/Coprinus_comatus/247017452.jpg,Coprinus comatus
data/images/Coprinus_comatus/247279174.jpg,Coprinus comatus
data/images/Coprinus_comatus/247289469.jpg,Coprinus comatus
data/images/Coprinus_comatus/247303840.jpg,Coprinus comatus
data/images/Coprinus_comatus/247488348.jpg,Coprinus comatus
data/images/Coprinus_comatus/247654196.jpg,Coprinus comatus
data/images/Coprinus_comatus/247731604.jpg,Coprinus comatus
data/images/Coprinus_comatus/247743749.jpg,Coprinus comatus
data/images/Coprinus_comatus/248044569.jpg,Coprinus comatus
data/images/Coprinus_comatus/248054384.jpg,Coprinus comatus
data/images/Coprinus_comatus/248066046.jpg,Coprinus comatus
data/images/Coprinus_comatus/248066278.jpg,Coprinus comatus
data/images/Coprinus_comatus/248071421.jpg,Coprinus comatus
data/images/Coprinus_comatus/248252770.jpg,Coprinus comatus
data/images/Coprinus_comatus/248349938.jpg,Coprinus comatus
data/images/Coprinus_comatus/248423796.jpg,Coprinus comatus
data/images/Coprinus_comatus/248462168.jpg,Coprinus comatus
data/images/Coprinus_comatus/248582546.jpg,Coprinus comatus
data/images/Coprinus_comatus/248732773.jpg,Coprinus comatus
data/images/Coprinus_comatus/248747800.jpg,Coprinus comatus
data/images/Coprinus_comatus/248882187.jpg,Coprinus comatus
data/images/Coprinus_comatus/249006889.jpg,Coprinus comatus
data/images/Coprinus_comatus/249044578.jpg,Coprinus comatus
data/images/Coprinus_comatus/249184870.jpg,Coprinus comatus
data/images/Coprinus_comatus/249190207.jpg,Coprinus comatus
data/images/Coprinus_comatus/249286157.jpg,Coprinus comatus
data/images/Coprinus_comatus/249397675.jpg,Coprinus comatus
data/images/Coprinus_comatus/249481348.jpg,Coprinus comatus
data/images/Coprinus_comatus/249727843.jpg,Coprinus comatus
data/images/Coprinus_comatus/249737657.jpg,Coprinus comatus
data/images/Coprinus_comatus/249877595.jpg,Coprinus comatus
data/images/Coprinus_comatus/250337560.jpg,Coprinus comatus
data/images/Coprinus_comatus/250432287.jpg,Coprinus comatus
data/images/Coprinus_comatus/251560438.jpg,Coprinus comatus
data/images/Coprinus_comatus/251647439.jpg,Coprinus comatus
data/images/Coprinus_comatus/252314361.jpg,Coprinus comatus
data/images/Coprinus_comatus/252320685.jpg,Coprinus comatus
data/images/Coprinus_comatus/253996959.jpg,Coprinus comatus
data/images/Coprinus_comatus/255167932.jpg,Coprinus comatus
data/images/Coprinus_comatus/256169056.jpg,Coprinus comatus
data/images/Coprinus_comatus/257453856.jpg,Coprinus comatus
data/images/Coprinus_comatus/263799813.jpg,Coprinus comatus
data/images/Coprinus_comatus/268144111.jpg,Coprinus comatus
data/images/Coprinus_comatus/283376863.jpg,Coprinus comatus
data/images/Coprinus_comatus/290621725.jpg,Coprinus comatus
data/images/Coprinus_comatus/312696849.jpg,Coprinus comatus
data/images/Coprinus_comatus/312859530.jpg,Coprinus comatus
data/images/Coprinus_comatus/314155316.jpg,Coprinus comatus
data/images/Coprinus_comatus/314312888.jpg,Coprinus comatus
data/images/Coprinus_comatus/314827123.jpg,Coprinus comatus
data/images/Coprinus_comatus/315208422.jpg,Coprinus comatus
data/images/Coprinus_comatus/315505550.jpg,Coprinus comatus
data/images/Coprinus_comatus/315509344.jpg,Coprinus comatus
data/images/Coprinus_comatus/315781400.jpg,Coprinus comatus
data/images/Coprinus_comatus/315845646.jpg,Coprinus comatus
data/images/Coprinus_comatus/316058895.jpg,Coprinus comatus
data/images/Coprinus_comatus/316239341.jpg,Coprinus comatus
data/images/Coprinus_comatus/316756986.jpg,Coprinus comatus
data/images/Coprinus_comatus/316986531.jpg,Coprinus comatus
data/images/Coprinus_comatus/317513374.jpg,Coprinus comatus
data/images/Coprinus_comatus/317706788.jpg,Coprinus comatus
data/images/Coprinus_comatus/317795662.jpg,Coprinus comatus
data/images/Coprinus_comatus/317931697.jpg,Coprinus comatus
data/images/Coprinus_comatus/317972245.jpg,Coprinus comatus
data/images/Coprinus_comatus/317994323.jpg,Coprinus comatus
data/images/Coprinus_comatus/318147725.jpg,Coprinus comatus
data/images/Coprinus_comatus/318222589.jpg,Coprinus comatus
data/images/Coprinus_comatus/318843192.jpg,Coprinus comatus
data/images/Coprinus_comatus/318852063.jpg,Coprinus comatus
data/images/Coprinus_comatus/318856111.jpg,Coprinus comatus
data/images/Coprinus_comatus/319142720.jpg,Coprinus comatus
data/images/Coprinus_comatus/319238026.jpg,Coprinus comatus
data/images/Coprinus_comatus/319358876.jpg,Coprinus comatus
data/images/Coprinus_comatus/319551312.jpg,Coprinus comatus
data/images/Coprinus_comatus/319788893.jpg,Coprinus comatus
data/images/Coprinus_comatus/319824190.jpg,Coprinus comatus
data/images/Coprinus_comatus/319981555.jpg,Coprinus comatus
data/images/Coprinus_comatus/320122849.jpg,Coprinus comatus
data/images/Coprinus_comatus/320125449.jpg,Coprinus comatus
data/images/Coprinus_comatus/320125588.jpg,Coprinus comatus
data/images/Coprinus_comatus/320132585.jpg,Coprinus comatus
data/images/Coprinus_comatus/320160812.jpg,Coprinus comatus
data/images/Coprinus_comatus/320174713.jpg,Coprinus comatus
data/images/Coprinus_comatus/320180707.jpg,Coprinus comatus
data/images/Coprinus_comatus/320181217.jpg,Coprinus comatus
data/images/Coprinus_comatus/320183620.jpg,Coprinus comatus
data/images/Coprinus_comatus/320365597.jpg,Coprinus comatus
data/images/Coprinus_comatus/320368344.jpg,Coprinus comatus
data/images/Coprinus_comatus/320373627.jpg,Coprinus comatus
data/images/Coprinus_comatus/320377099.jpg,Coprinus comatus
data/images/Coprinus_comatus/320391158.jpg,Coprinus comatus
data/images/Coprinus_comatus/320421397.jpg,Coprinus comatus
data/images/Coprinus_comatus/320427148.jpg,Coprinus comatus
data/images/Coprinus_comatus/320430325.jpg,Coprinus comatus
data/images/Coprinus_comatus/320601401.jpg,Coprinus comatus
data/images/Coprinus_comatus/320607745.jpg,Coprinus comatus
data/images/Coprinus_comatus/320620223.jpg,Coprinus comatus
data/images/Coprinus_comatus/320631435.jpg,Coprinus comatus
data/images/Coprinus_comatus/320642231.jpg,Coprinus comatus
data/images/Coprinus_comatus/320651741.jpg,Coprinus comatus
data/images/Coprinus_comatus/320699277.jpg,Coprinus comatus
data/images/Coprinus_comatus/320828431.jpg,Coprinus comatus
data/images/Coprinus_comatus/320829485.jpg,Coprinus comatus
data/images/Coprinus_comatus/320844963.jpg,Coprinus comatus
data/images/Coprinus_comatus/320873931.jpg,Coprinus comatus
data/images/Coprinus_comatus/321002226.jpg,Coprinus comatus
data/images/Coprinus_comatus/321012734.jpg,Coprinus comatus
data/images/Coprinus_comatus/321030789.jpg,Coprinus comatus
data/images/Coprinus_comatus/321183351.jpg,Coprinus comatus
data/images/Coprinus_comatus/321190864.jpg,Coprinus comatus
data/images/Coprinus_comatus/321207541.jpg,Coprinus comatus
data/images/Coprinus_comatus/321213387.jpg,Coprinus comatus
data/images/Coprinus_comatus/321247346.jpg,Coprinus comatus
data/images/Coprinus_comatus/321382913.jpg,Coprinus comatus
data/images/Coprinus_comatus/321393743.jpg,Coprinus comatus
data/images/Coprinus_comatus/321404971.jpg,Coprinus comatus
data/images/Coprinus_comatus/321536401.jpg,Coprinus comatus
data/images/Coprinus_comatus/321572297.jpg,Coprinus comatus
data/images/Coprinus_comatus/321592588.jpg,Coprinus comatus
data/images/Coprinus_comatus/321803605.jpg,Coprinus comatus
data/images/Coprinus_comatus/321808562.jpg,Coprinus comatus
data/images/Coprinus_comatus/321829135.jpg,Coprinus comatus
data/images/Coprinus_comatus/321874590.jpg,Coprinus comatus
data/images/Coprinus_comatus/321874859.jpg,Coprinus comatus
data/images/Coprinus_comatus/322103160.jpg,Coprinus comatus
data/images/Coprinus_comatus/322604585.jpg,Coprinus comatus
data/images/Coprinus_comatus/322764271.jpg,Coprinus comatus
data/images/Coprinus_comatus/322921864.jpg,Coprinus comatus
data/images/Coprinus_comatus/323150464.jpg,Coprinus comatus
data/images/Coprinus_comatus/323420519.jpg,Coprinus comatus
data/images/Coprinus_comatus/323470719.jpg,Coprinus comatus
data/images/Coprinus_comatus/323650382.jpg,Coprinus comatus
data/images/Coprinus_comatus/323801479.jpg,Coprinus comatus
data/images/Coprinus_comatus/323808653.jpg,Coprinus comatus
data/images/Coprinus_comatus/323990411.jpg,Coprinus comatus
data/images/Coprinus_comatus/323993117.jpg,Coprinus comatus
data/images/Coprinus_comatus/324120592.jpg,Coprinus comatus
data/images/Coprinus_comatus/324131470.jpg,Coprinus comatus
data/images/Coprinus_comatus/324140508.jpg,Coprinus comatus
data/images/Coprinus_comatus/324277959.jpg,Coprinus comatus
data/images/Coprinus_comatus/324290308.jpg,Coprinus comatus
data/images/Coprinus_comatus/324302994.jpg,Coprinus comatus
data/images/Coprinus_comatus/324314629.jpg,Coprinus comatus
data/images/Coprinus_comatus/324575865.jpg,Coprinus comatus
data/images/Coprinus_comatus/324861674.jpg,Coprinus comatus
data/images/Coprinus_comatus/325008094.jpg,Coprinus comatus
data/images/Coprinus_comatus/325051000.jpg,Coprinus comatus
data/images/Coprinus_comatus/325152578.jpg,Coprinus comatus
data/images/Coprinus_comatus/325226644.jpg,Coprinus comatus
data/images/Coprinus_comatus/325323968.jpg,Coprinus comatus
data/images/Coprinus_comatus/325492349.jpg,Coprinus comatus
data/images/Coprinus_comatus/325544935.jpg,Coprinus comatus
data/images/Coprinus_comatus/325864953.jpg,Coprinus comatus
data/images/Coprinus_comatus/326186143.jpg,Coprinus comatus
data/images/Coprinus_comatus/326608946.jpg,Coprinus comatus
data/images/Coprinus_comatus/326781963.jpg,Coprinus comatus
data/images/Coprinus_comatus/327241391.jpg,Coprinus comatus
data/images/Coprinus_comatus/333039415.jpg,Coprinus comatus
data/images/Coprinus_comatus/343085417.jpg,Coprinus comatus
data/images/Tremella_mesenterica/100148071.jpg,Tremella mesenterica
data/images/Tremella_mesenterica/100480504.jpg,Tremella mesenterica
data/images/Tremella_mesenterica/100483823.jpg,Tremella mesenterica
data/images/Tremella_mesenterica/100763332.jpg,Tremella mesenterica
data/images/Tremella_mesenterica/100765326.jpg,Tremella mesenterica
data/images/Tremella_mesenterica/101322107.jpg,Tremella mesenterica
data/images/Tremella_mesenterica/101528800.jpg,Tremella mesenterica
data/images/Tremella_mesenterica/101529599.jpg,Tremella mesenterica
data/images/Tremella_mesenterica/101881890.jpg,Tremella mesenterica
data/images/Tremella_mesenterica/102015708.jpg,Tremella mesenterica
data/images/Tremella_mesenterica/102099558.jpg,Tremella mesenterica
data/images/Tremella_mesenterica/102159451.jpg,Tremella mesenterica
data/images/Tremella_mesenterica/102457711.jpg,Tremella mesenterica
data/images/Tremella_mesenterica/102462715.jpg,Tremella mesenterica
data/images/Tremella_mesenterica/102527998.jpg,Tremella mesenterica
data/images/Tremella_mesenterica/102656082.jpg,Tremella mesenterica
data/images/Tremella_mesenterica/102758934.jpg,Tremella mesenterica
data/images/Tremella_mesenterica/102865512.jpg,Tremella mesenterica
data/images/Tremella_mesenterica/102866420.jpg,Tremella mesenterica
data/images/Tremella_mesenterica/102869875.jpg,Tremella mesenterica
data/images/Tremella_mesenterica/102876236.jpg,Tremella mesenterica
data/images/Tremella_mesenterica/102924240.jpg,Tremella mesenterica
data/images/Tremella_mesenterica/102996786.jpg,Tremella mesenterica
data/images/Tremella_mesenterica/103009240.jpg,Tremella mesenterica
data/images/Tremella_mesenterica/103091252.jpg,Tremella mesenterica
data/images/Tremella_mesenterica/103114575.jpg,Tremella mesenterica
data/images/Tremella_mesenterica/103133489.jpg,Tremella mesenterica
data/images/Tremella_mesenterica/103136743.jpg,Tremella mesenterica
data/images/Tremella_mesenterica/103139542.jpg,Tremella mesenterica
data/images/Tremella_mesenterica/103245117.jpg,Tremella mesenterica
data/images/Tremella_mesenterica/103247275.jpg,Tremella mesenterica
data/images/Tremella_mesenterica/103248787.jpg,Tremella mesenterica
data/images/Tremella_mesenterica/103301936.jpg,Tremella mesenterica
data/images/Tremella_mesenterica/103315111.jpg,Tremella mesenterica
data/images/Tremella_mesenterica/103363651.jpg,Tremella mesenterica
data/images/Tremella_mesenterica/103644512.jpg,Tremella mesenterica
data/images/Tremella_mesenterica/103817297.jpg,Tremella mesenterica
data/images/Tremella_mesenterica/103822298.jpg,Tremella mesenterica
data/images/Tremella_mesenterica/103879713.jpg,Tremella mesenterica
data/images/Tremella_mesenterica/103881753.jpg,Tremella mesenterica
data/images/Tremella_mesenterica/103965430.jpg,Tremella mesenterica
data/images/Tremella_mesenterica/103965676.jpg,Tremella mesenterica
data/images/Tremella_mesenterica/104026283.jpg,Tremella mesenterica
data/images/Tremella_mesenterica/104095143.jpg,Tremella mesenterica
data/images/Tremella_mesenterica/104095550.jpg,Tremella mesenterica
data/images/Tremella_mesenterica/104097999.jpg,Tremella mesenterica
data/images/Tremella_mesenterica/104098130.jpg,Tremella mesenterica
data/images/Tremella_mesenterica/104103378.jpg,Tremella mesenterica
data/images/Tremella_mesenterica/104105933.jpg,Tremella mesenterica
data/images/Tremella_mesenterica/104112292.jpg,Tremella mesenterica
data/images/Tremella_mesenterica/104179097.jpg,Tremella mesenterica
data/images/Tremella_mesenterica/104182562.jpg,Tremella mesenterica
data/images/Tremella_mesenterica/104196803.jpg,Tremella mesenterica
data/images/Tremella_mesenterica/104230036.jpg,Tremella mesenterica
data/images/Tremella_mesenterica/104269975.jpg,Tremella mesenterica
data/images/Tremella_mesenterica/104269995.jpg,Tremella mesenterica
data/images/Tremella_mesenterica/104339293.jpg,Tremella mesenterica
data/images/Tremella_mesenterica/104400431.jpg,Tremella mesenterica
data/images/Tremella_mesenterica/104401227.jpg,Tremella mesenterica
data/images/Tremella_mesenterica/104408138.jpg,Tremella mesenterica
data/images/Tremella_mesenterica/104413858.jpg,Tremella mesenterica
data/images/Tremella_mesenterica/104453567.jpg,Tremella mesenterica
data/images/Tremella_mesenterica/104459618.jpg,Tremella mesenterica
data/images/Tremella_mesenterica/104468130.jpg,Tremella mesenterica
data/images/Tremella_mesenterica/104518086.jpg,Tremella mesenterica
data/images/Tremella_mesenterica/104637406.jpg,Tremella mesenterica
data/images/Tremella_mesenterica/104637909.jpg,Tremella mesenterica
data/images/Tremella_mesenterica/104706030.jpg,Tremella mesenterica
data/images/Tremella_mesenterica/104717224.jpg,Tremella mesenterica
data/images/Tremella_mesenterica/104729807.jpg,Tremella mesenterica
data/images/Tremella_mesenterica/104752094.jpg,Tremella mesenterica
data/images/Tremella_mesenterica/104752173.jpg,Tremella mesenterica
data/images/Tremella_mesenterica/104772437.jpg,Tremella mesenterica
data/images/Tremella_mesenterica/104860854.jpg,Tremella mesenterica
data/images/Tremella_mesenterica/104862340.jpg,Tremella mesenterica
data/images/Tremella_mesenterica/104863954.jpg,Tremella mesenterica
data/images/Tremella_mesenterica/104865096.jpg,Tremella mesenterica
data/images/Tremella_mesenterica/104872870.jpg,Tremella mesenterica
data/images/Tremella_mesenterica/105026829.jpg,Tremella mesenterica
data/images/Tremella_mesenterica/105117888.jpg,Tremella mesenterica
data/images/Tremella_mesenterica/105151128.jpg,Tremella mesenterica
data/images/Tremella_mesenterica/105602510.jpg,Tremella mesenterica
data/images/Tremella_mesenterica/105633186.jpg,Tremella mesenterica
data/images/Tremella_mesenterica/105926712.jpg,Tremella mesenterica
data/images/Tremella_mesenterica/106066876.jpg,Tremella mesenterica
data/images/Tremella_mesenterica/106067542.jpg,Tremella mesenterica
data/images/Tremella_mesenterica/106233014.jpg,Tremella mesenterica
data/images/Tremella_mesenterica/106237248.jpg,Tremella mesenterica
data/images/Tremella_mesenterica/106301766.jpg,Tremella mesenterica
data/images/Tremella_mesenterica/106307758.jpg,Tremella mesenterica
data/images/Tremella_mesenterica/106325725.jpg,Tremella mesenterica
data/images/Tremella_mesenterica/106387411.jpg,Tremella mesenterica
data/images/Tremella_mesenterica/106427469.jpg,Tremella mesenterica
data/images/Tremella_mesenterica/106691106.jpg,Tremella mesenterica
data/images/Tremella_mesenterica/106739231.jpg,Tremella mesenterica
data/images/Tremella_mesenterica/106811559.jpg,Tremella mesenterica
data/images/Tremella_mesenterica/107001502.jpg,Tremella mesenterica
data/images/Tremella_mesenterica/107020530.jpg,Tremella mesenterica
data/images/Tremella_mesenterica/107028629.jpg,Tremella mesenterica
data/images/Tremella_mesenterica/107117985.jpg,Tremella mesenterica
data/images/Tremella_mesenterica/107119567.jpg,Tremella mesenterica
data/images/Tremella_mesenterica/107245760.jpg,Tremella mesenterica
data/images/Tremella_mesenterica/107246402.jpg,Tremella mesenterica
data/images/Tremella_mesenterica/107311036.jpg,Tremella mesenterica
data/images/Tremella_mesenterica/107414136.jpg,Tremella mesenterica
data/images/Tremella_mesenterica/107420927.jpg,Tremella mesenterica
data/images/Tremella_mesenterica/107482111.jpg,Tremella mesenterica
data/images/Tremella_mesenterica/107568279.jpg,Tremella mesenterica
data/images/Tremella_mesenterica/107641263.jpg,Tremella mesenterica
data/images/Tremella_mesenterica/107843644.jpg,Tremella mesenterica
data/images/Tremella_mesenterica/107945058.jpg,Tremella mesenterica
data/images/Tremella_mesenterica/108531467.jpg,Tremella mesenterica
data/images/Tremella_mesenterica/113815679.jpg,Tremella mesenterica
data/images/Tremella_mesenterica/115316882.jpg,Tremella mesenterica
data/images/Tremella_mesenterica/120962521.jpg,Tremella mesenterica
data/images/Tremella_mesenterica/130476024.jpg,Tremella mesenterica
data/images/Tremella_mesenterica/137271602.jpg,Tremella mesenterica
data/images/Tremella_mesenterica/138971528.jpg,Tremella mesenterica
data/images/Tremella_mesenterica/139729200.jpg,Tremella mesenterica
data/images/Tremella_mesenterica/141976440.jpg,Tremella mesenterica
data/images/Tremella_mesenterica/143162316.jpg,Tremella mesenterica
data/images/Tremella_mesenterica/143561653.jpg,Tremella mesenterica
data/images/Tremella_mesenterica/143713761.jpg,Tremella mesenterica
data/images/Tremella_mesenterica/144592704.jpg,Tremella mesenterica
data/images/Tremella_mesenterica/144726795.jpg,Tremella mesenterica
data/images/Tremella_mesenterica/144792150.jpg,Tremella mesenterica
data/images/Tremella_mesenterica/144855962.jpg,Tremella mesenterica
data/images/Tremella_mesenterica/144983710.jpg,Tremella mesenterica
data/images/Tremella_mesenterica/144985159.jpg,Tremella mesenterica
data/images/Tremella_mesenterica/145035394.jpg,Tremella mesenterica
data/images/Tremella_mesenterica/145050497.jpg,Tremella mesenterica
data/images/Tremella_mesenterica/145126812.jpg,Tremella mesenterica
data/images/Tremella_mesenterica/145184488.jpg,Tremella mesenterica
data/images/Tremella_mesenterica/145185720.jpg,Tremella mesenterica
data/images/Tremella_mesenterica/145412119.jpg,Tremella mesenterica
data/images/Tremella_mesenterica/145421075.jpg,Tremella mesenterica
data/images/Tremella_mesenterica/145421345.jpg,Tremella mesenterica
data/images/Tremella_mesenterica/145429250.jpg,Tremella mesenterica
data/images/Tremella_mesenterica/145491110.jpg,Tremella mesenterica
data/images/Tremella_mesenterica/145491254.jpg,Tremella mesenterica
data/images/Tremella_mesenterica/145749147.jpg,Tremella mesenterica
data/images/Tremella_mesenterica/145750715.jpg,Tremella mesenterica
data/images/Tremella_mesenterica/145753812.jpg,Tremella mesenterica
data/images/Tremella_mesenterica/145954225.jpg,Tremella mesenterica
data/images/Tremella_mesenterica/146025675.jpg,Tremella mesenterica
data/images/Tremella_mesenterica/146038264.jpg,Tremella mesenterica
data/images/Tremella_mesenterica/146107345.jpg,Tremella mesenterica
data/images/Tremella_mesenterica/146109835.jpg,Tremella mesenterica
data/images/Tremella_mesenterica/146124776.jpg,Tremella mesenterica
data/images/Tremella_mesenterica/146132236.jpg,Tremella mesenterica
data/images/Tremella_mesenterica/146196141.jpg,Tremella mesenterica
data/images/Tremella_mesenterica/146328742.jpg,Tremella mesenterica
data/images/Tremella_mesenterica/146353674.jpg,Tremella mesenterica
data/images/Tremella_mesenterica/146503280.jpg,Tremella mesenterica
data/images/Tremella_mesenterica/146547446.jpg,Tremella mesenterica
data/images/Tremella_mesenterica/146548539.jpg,Tremella mesenterica
data/images/Tremella_mesenterica/146609392.jpg,Tremella mesenterica
data/images/Tremella_mesenterica/146748600.jpg,Tremella mesenterica
data/images/Tremella_mesenterica/146881683.jpg,Tremella mesenterica
data/images/Tremella_mesenterica/146881709.jpg,Tremella mesenterica
data/images/Tremella_mesenterica/147114273.jpg,Tremella mesenterica
data/images/Tremella_mesenterica/147180601.jpg,Tremella mesenterica
data/images/Tremella_mesenterica/147186382.jpg,Tremella mesenterica
data/images/Tremella_mesenterica/147283666.jpg,Tremella mesenterica
data/images/Tremella_mesenterica/147454285.jpg,Tremella mesenterica
data/images/Tremella_mesenterica/147522543.jpg,Tremella mesenterica
data/images/Tremella_mesenterica/147694800.jpg,Tremella mesenterica
data/images/Tremella_mesenterica/147885142.jpg,Tremella mesenterica
data/images/Tremella_mesenterica/148006991.jpg,Tremella mesenterica
data/images/Tremella_mesenterica/148011087.jpg,Tremella mesenterica
data/images/Tremella_mesenterica/148024870.jpg,Tremella mesenterica
data/images/Tremella_mesenterica/148336617.jpg,Tremella mesenterica
data/images/Tremella_mesenterica/148600850.jpg,Tremella mesenterica
data/images/Tremella_mesenterica/149049324.jpg,Tremella mesenterica
data/images/Tremella_mesenterica/149054806.jpg,Tremella mesenterica
data/images/Tremella_mesenterica/150390528.jpg,Tremella mesenterica
data/images/Tremella_mesenterica/152242443.jpg,Tremella mesenterica
data/images/Tremella_mesenterica/153228457.jpg,Tremella mesenterica
data/images/Tremella_mesenterica/153666410.jpg,Tremella mesenterica
data/images/Tremella_mesenterica/154686763.jpg,Tremella mesenterica
data/images/Tremella_mesenterica/154715974.jpg,Tremella mesenterica
data/images/Tremella_mesenterica/154830900.jpg,Tremella mesenterica
data/images/Tremella_mesenterica/159398792.jpg,Tremella mesenterica
data/images/Tremella_mesenterica/172496315.jpg,Tremella mesenterica
data/images/Tremella_mesenterica/177012036.jpg,Tremella mesenterica
data/images/Tremella_mesenterica/188648765.jpg,Tremella mesenterica
data/images/Tremella_mesenterica/188992405.jpg,Tremella mesenterica
data/images/Tremella_mesenterica/189836676.jpg,Tremella mesenterica
data/images/Tremella_mesenterica/190205763.jpg,Tremella mesenterica
data/images/Tremella_mesenterica/190902870.jpg,Tremella mesenterica
data/images/Tremella_mesenterica/191259024.jpg,Tremella mesenterica
data/images/Tremella_mesenterica/191669155.jpg,Tremella mesenterica
data/images/Tremella_mesenterica/191678222.jpg,Tremella mesenterica
data/images/Tremella_mesenterica/191829999.jpg,Tremella mesenterica
data/images/Tremella_mesenterica/191830760.jpg,Tremella mesenterica
data/images/Tremella_mesenterica/191836821.jpg,Tremella mesenterica
data/images/Tremella_mesenterica/191847090.jpg,Tremella mesenterica
data/images/Tremella_mesenterica/191847091.jpg,Tremella mesenterica
data/images/Tremella_mesenterica/191849518.jpg,Tremella mesenterica
data/images/Tremella_mesenterica/191932071.jpg,Tremella mesenterica
data/images/Tremella_mesenterica/191940710.jpg,Tremella mesenterica
data/images/Tremella_mesenterica/191943225.jpg,Tremella mesenterica
data/images/Tremella_mesenterica/192196169.jpg,Tremella mesenterica
data/images/Tremella_mesenterica/192196425.jpg,Tremella mesenterica
data/images/Tremella_mesenterica/193698353.jpg,Tremella mesenterica
data/images/Tremella_mesenterica/194805503.jpg,Tremella mesenterica
data/images/Tremella_mesenterica/194976718.jpg,Tremella mesenterica
data/images/Tremella_mesenterica/194987249.jpg,Tremella mesenterica
data/images/Tremella_mesenterica/195071804.jpg,Tremella mesenterica
data/images/Tremella_mesenterica/195101737.jpg,Tremella mesenterica
data/images/Tremella_mesenterica/195196770.jpg,Tremella mesenterica
data/images/Tremella_mesenterica/195455515.jpg,Tremella mesenterica
data/images/Tremella_mesenterica/196021131.jpg,Tremella mesenterica
data/images/Tremella_mesenterica/196508674.jpg,Tremella mesenterica
data/images/Tremella_mesenterica/196509465.jpg,Tremella mesenterica
data/images/Tremella_mesenterica/197133227.jpg,Tremella mesenterica
data/images/Tremella_mesenterica/197223527.jpg,Tremella mesenterica
data/images/Tremella_mesenterica/197542693.jpg,Tremella mesenterica
data/images/Tremella_mesenterica/197770934.jpg,Tremella mesenterica
data/images/Tremella_mesenterica/197780908.jpg,Tremella mesenterica
data/images/Tremella_mesenterica/197782703.jpg,Tremella mesenterica
data/images/Tremella_mesenterica/198990860.jpg,Tremella mesenterica
data/images/Tremella_mesenterica/199185380.jpg,Tremella mesenterica
data/images/Tremella_mesenterica/199444699.jpg,Tremella mesenterica
data/images/Tremella_mesenterica/199481822.jpg,Tremella mesenterica
data/images/Tremella_mesenterica/199775659.jpg,Tremella mesenterica
data/images/Tremella_mesenterica/199880586.jpg,Tremella mesenterica
data/images/Tremella_mesenterica/200071803.jpg,Tremella mesenterica
data/images/Tremella_mesenterica/200265777.jpg,Tremella mesenterica
data/images/Tremella_mesenterica/200347544.jpg,Tremella mesenterica
data/images/Tremella_mesenterica/200404771.jpg,Tremella mesenterica
data/images/Tremella_mesenterica/200509729.jpg,Tremella mesenterica
data/images/Tremella_mesenterica/200601798.jpg,Tremella mesenterica
data/images/Tremella_mesenterica/201095115.jpg,Tremella mesenterica
data/images/Tremella_mesenterica/201096679.jpg,Tremella mesenterica
data/images/Tremella_mesenterica/201136186.jpg,Tremella mesenterica
data/images/Tremella_mesenterica/201259528.jpg,Tremella mesenterica
data/images/Tremella_mesenterica/201372547.jpg,Tremella mesenterica
data/images/Tremella_mesenterica/201473258.jpg,Tremella mesenterica
data/images/Tremella_mesenterica/202955768.jpg,Tremella mesenterica
data/images/Tremella_mesenterica/205106755.jpg,Tremella mesenterica
data/images/Tremella_mesenterica/206234787.jpg,Tremella mesenterica
data/images/Tremella_mesenterica/211445401.jpg,Tremella mesenterica
data/images/Tremella_mesenterica/226157378.jpg,Tremella mesenterica
data/images/Tremella_mesenterica/239158899.jpg,Tremella mesenterica
data/images/Tremella_mesenterica/249610517.jpg,Tremella mesenterica
data/images/Tremella_mesenterica/252152585.jpg,Tremella mesenterica
data/images/Tremella_mesenterica/252281712.jpg,Tremella mesenterica
data/images/Tremella_mesenterica/252404518.jpg,Tremella mesenterica
data/images/Tremella_mesenterica/252856652.jpg,Tremella mesenterica
data/images/Tremella_mesenterica/253916732.jpg,Tremella mesenterica
data/images/Tremella_mesenterica/254108873.jpg,Tremella mesenterica
data/images/Tremella_mesenterica/254204074.jpg,Tremella mesenterica
data/images/Tremella_mesenterica/254324341.jpg,Tremella mesenterica
data/images/Tremella_mesenterica/255075091.jpg,Tremella mesenterica
data/images/Tremella_mesenterica/255334789.jpg,Tremella mesenterica
data/images/Tremella_mesenterica/256162146.jpg,Tremella mesenterica
data/images/Tremella_mesenterica/256272030.jpg,Tremella mesenterica
data/images/Tremella_mesenterica/256377192.jpg,Tremella mesenterica
data/images/Tremella_mesenterica/256390340.jpg,Tremella mesenterica
data/images/Tremella_mesenterica/256483688.jpg,Tremella mesenterica
data/images/Tremella_mesenterica/256487045.jpg,Tremella mesenterica
data/images/Tremella_mesenterica/256487405.jpg,Tremella mesenterica
data/images/Tremella_mesenterica/256549736.jpg,Tremella mesenterica
data/images/Tremella_mesenterica/256550484.jpg,Tremella mesenterica
data/images/Tremella_mesenterica/256739497.jpg,Tremella mesenterica
data/images/Tremella_mesenterica/256866823.jpg,Tremella mesenterica
data/images/Tremella_mesenterica/257018730.jpg,Tremella mesenterica
data/images/Tremella_mesenterica/257150455.jpg,Tremella mesenterica
data/images/Tremella_mesenterica/257781367.jpg,Tremella mesenterica
data/images/Tremella_mesenterica/258126943.jpg,Tremella mesenterica
data/images/Tremella_mesenterica/258655979.jpg,Tremella mesenterica
data/images/Tremella_mesenterica/258734482.jpg,Tremella mesenterica
data/images/Tremella_mesenterica/259340944.jpg,Tremella mesenterica
data/images/Tremella_mesenterica/259651499.jpg,Tremella mesenterica
data/images/Tremella_mesenterica/259657337.jpg,Tremella mesenterica
data/images/Tremella_mesenterica/259661862.jpg,Tremella mesenterica
data/images/Tremella_mesenterica/260256522.jpg,Tremella mesenterica
data/images/Tremella_mesenterica/260363455.jpg,Tremella mesenterica
data/images/Tremella_mesenterica/260982880.jpg,Tremella mesenterica
data/images/Tremella_mesenterica/261437016.jpg,Tremella mesenterica
data/images/Tremella_mesenterica/262920482.jpg,Tremella mesenterica
data/images/Tremella_mesenterica/264311376.jpg,Tremella mesenterica
data/images/Tremella_mesenterica/265046501.jpg,Tremella mesenterica
data/images/Tremella_mesenterica/265400975.jpg,Tremella mesenterica
data/images/Tremella_mesenterica/271952308.jpg,Tremella mesenterica
data/images/Tremella_mesenterica/271971367.jpg,Tremella mesenterica
data/images/Tremella_mesenterica/272143425.jpg,Tremella mesenterica
data/images/Tremella_mesenterica/300620468.jpg,Tremella mesenterica
data/images/Tremella_mesenterica/303111413.jpg,Tremella mesenterica
data/images/Tremella_mesenterica/323482527.jpg,Tremella mesenterica
data/images/Tremella_mesenterica/325323658.jpg,Tremella mesenterica
data/images/Tremella_mesenterica/328914774.jpg,Tremella mesenterica
data/images/Tremella_mesenterica/329342459.jpg,Tremella mesenterica
data/images/Tremella_mesenterica/329830796.jpg,Tremella mesenterica
data/images/Tremella_mesenterica/329831586.jpg,Tremella mesenterica
data/images/Tremella_mesenterica/330009962.jpg,Tremella mesenterica
data/images/Tremella_mesenterica/330201610.jpg,Tremella mesenterica
data/images/Tremella_mesenterica/330314203.jpg,Tremella mesenterica
data/images/Tremella_mesenterica/330314206.jpg,Tremella mesenterica
data/images/Tremella_mesenterica/330327106.jpg,Tremella mesenterica
data/images/Tremella_mesenterica/330585170.jpg,Tremella mesenterica
data/images/Tremella_mesenterica/330962042.jpg,Tremella mesenterica
data/images/Tremella_mesenterica/331284532.jpg,Tremella mesenterica
data/images/Tremella_mesenterica/331531610.jpg,Tremella mesenterica
data/images/Tremella_mesenterica/331687808.jpg,Tremella mesenterica
data/images/Tremella_mesenterica/335241981.jpg,Tremella mesenterica
data/images/Tremella_mesenterica/335364236.jpg,Tremella mesenterica
data/images/Tremella_mesenterica/335487177.jpg,Tremella mesenterica
data/images/Tremella_mesenterica/335584228.jpg,Tremella mesenterica
data/images/Tremella_mesenterica/335588717.jpg,Tremella mesenterica
data/images/Tremella_mesenterica/340038491.jpg,Tremella mesenterica
data/images/Tremella_mesenterica/340045069.jpg,Tremella mesenterica
data/images/Tremella_mesenterica/340144626.jpg,Tremella mesenterica
data/images/Tremella_mesenterica/340291745.jpg,Tremella mesenterica
data/images/Tremella_mesenterica/340457604.jpg,Tremella mesenterica
data/images/Tremella_mesenterica/340469732.jpg,Tremella mesenterica
data/images/Tremella_mesenterica/340738881.jpg,Tremella mesenterica
data/images/Tremella_mesenterica/340748517.jpg,Tremella mesenterica
data/images/Tremella_mesenterica/340923673.jpg,Tremella mesenterica
data/images/Tremella_mesenterica/342064352.jpg,Tremella mesenterica
data/images/Tremella_mesenterica/343643487.jpg,Tremella mesenterica
data/images/Tremella_mesenterica/345730203.jpg,Tremella mesenterica
data/images/Tremella_mesenterica/97762764.jpg,Tremella mesenterica
data/images/Tremella_mesenterica/98484171.jpg,Tremella mesenterica
data/images/Tremella_mesenterica/98607128.jpg,Tremella mesenterica
data/images/Tremella_mesenterica/98985344.jpg,Tremella mesenterica
data/images/Tremella_mesenterica/99069349.jpg,Tremella mesenterica
data/images/Tremella_mesenterica/99319678.jpg,Tremella mesenterica
data/images/Tremella_mesenterica/99322193.jpg,Tremella mesenterica
data/images/Tremella_mesenterica/99627374.jpg,Tremella mesenterica
data/images/Laccaria_amethystina/137998517.jpg,Laccaria amethystina
data/images/Laccaria_amethystina/138027194.jpg,Laccaria amethystina
data/images/Laccaria_amethystina/138089694.jpg,Laccaria amethystina
data/images/Laccaria_amethystina/138099866.jpg,Laccaria amethystina
data/images/Laccaria_amethystina/138105652.jpg,Laccaria amethystina
data/images/Laccaria_amethystina/138109087.jpg,Laccaria amethystina
data/images/Laccaria_amethystina/138119989.jpg,Laccaria amethystina
data/images/Laccaria_amethystina/138240434.jpg,Laccaria amethystina
data/images/Laccaria_amethystina/138245023.jpg,Laccaria amethystina
data/images/Laccaria_amethystina/138396293.jpg,Laccaria amethystina
data/images/Laccaria_amethystina/138472419.jpg,Laccaria amethystina
data/images/Laccaria_amethystina/138476430.jpg,Laccaria amethystina
data/images/Laccaria_amethystina/138478858.jpg,Laccaria amethystina
data/images/Laccaria_amethystina/138479102.jpg,Laccaria amethystina
data/images/Laccaria_amethystina/138479604.jpg,Laccaria amethystina
data/images/Laccaria_amethystina/138589049.jpg,Laccaria amethystina
data/images/Laccaria_amethystina/138589053.jpg,Laccaria amethystina
data/images/Laccaria_amethystina/138589055.jpg,Laccaria amethystina
data/images/Laccaria_amethystina/138621468.jpg,Laccaria amethystina
data/images/Laccaria_amethystina/138810077.jpg,Laccaria amethystina
data/images/Laccaria_amethystina/138817946.jpg,Laccaria amethystina
data/images/Laccaria_amethystina/138825198.jpg,Laccaria amethystina
data/images/Laccaria_amethystina/138828979.jpg,Laccaria amethystina
data/images/Laccaria_amethystina/138947540.jpg,Laccaria amethystina
data/images/Laccaria_amethystina/138966450.jpg,Laccaria amethystina
data/images/Laccaria_amethystina/139200678.jpg,Laccaria amethystina
data/images/Laccaria_amethystina/139210691.jpg,Laccaria amethystina
data/images/Laccaria_amethystina/139215543.jpg,Laccaria amethystina
data/images/Laccaria_amethystina/139215690.jpg,Laccaria amethystina
data/images/Laccaria_amethystina/139217891.jpg,Laccaria amethystina
data/images/Laccaria_amethystina/139232235.jpg,Laccaria amethystina
data/images/Laccaria_amethystina/139240247.jpg,Laccaria amethystina
data/images/Laccaria_amethystina/139314698.jpg,Laccaria amethystina
data/images/Laccaria_amethystina/139315020.jpg,Laccaria amethystina
data/images/Laccaria_amethystina/139315536.jpg,Laccaria amethystina
data/images/Laccaria_amethystina/139417856.jpg,Laccaria amethystina
data/images/Laccaria_amethystina/139508547.jpg,Laccaria amethystina
data/images/Laccaria_amethystina/139610903.jpg,Laccaria amethystina
data/images/Laccaria_amethystina/139616057.jpg,Laccaria amethystina
data/images/Laccaria_amethystina/139618742.jpg,Laccaria amethystina
data/images/Laccaria_amethystina/139735709.jpg,Laccaria amethystina
data/images/Laccaria_amethystina/139750430.jpg,Laccaria amethystina
data/images/Laccaria_amethystina/139787415.jpg,Laccaria amethystina
data/images/Laccaria_amethystina/139884086.jpg,Laccaria amethystina
data/images/Laccaria_amethystina/140241808.jpg,Laccaria amethystina
data/images/Laccaria_amethystina/140255432.jpg,Laccaria amethystina
data/images/Laccaria_amethystina/140260103.jpg,Laccaria amethystina
data/images/Laccaria_amethystina/140364514.jpg,Laccaria amethystina
data/images/Laccaria_amethystina/140368992.jpg,Laccaria amethystina
data/images/Laccaria_amethystina/140386474.jpg,Laccaria amethystina
data/images/Laccaria_amethystina/140435532.jpg,Laccaria amethystina
data/images/Laccaria_amethystina/140490661.jpg,Laccaria amethystina
data/images/Laccaria_amethystina/140505261.jpg,Laccaria amethystina
data/images/Laccaria_amethystina/140507596.jpg,Laccaria amethystina
data/images/Laccaria_amethystina/140518083.jpg,Laccaria amethystina
data/images/Laccaria_amethystina/140526781.jpg,Laccaria amethystina
data/images/Laccaria_amethystina/140543130.jpg,Laccaria amethystina
data/images/Laccaria_amethystina/140641247.jpg,Laccaria amethystina
data/images/Laccaria_amethystina/140764866.jpg,Laccaria amethystina
data/images/Laccaria_amethystina/140766262.jpg,Laccaria amethystina
data/images/Laccaria_amethystina/140767451.jpg,Laccaria amethystina
data/images/Laccaria_amethystina/140977427.jpg,Laccaria amethystina
data/images/Laccaria_amethystina/141005900.jpg,Laccaria amethystina
data/images/Laccaria_amethystina/141256179.jpg,Laccaria amethystina
data/images/Laccaria_amethystina/141524547.jpg,Laccaria amethystina
data/images/Laccaria_amethystina/141528029.jpg,Laccaria amethystina
data/images/Laccaria_amethystina/141985704.jpg,Laccaria amethystina
data/images/Laccaria_amethystina/143865856.jpg,Laccaria amethystina
data/images/Laccaria_amethystina/144072609.jpg,Laccaria amethystina
data/images/Laccaria_amethystina/145109967.jpg,Laccaria amethystina
data/images/Laccaria_amethystina/145956026.jpg,Laccaria amethystina
data/images/Laccaria_amethystina/151480021.jpg,Laccaria amethystina
data/images/Laccaria_amethystina/152287504.jpg,Laccaria amethystina
data/images/Laccaria_amethystina/156696621.jpg,Laccaria amethystina
data/images/Laccaria_amethystina/176247734.jpg,Laccaria amethystina
data/images/Laccaria_amethystina/176605442.jpg,Laccaria amethystina
data/images/Laccaria_amethystina/176618246.jpg,Laccaria amethystina
data/images/Laccaria_amethystina/176838758.jpg,Laccaria amethystina
data/images/Laccaria_amethystina/176850829.jpg,Laccaria amethystina
data/images/Laccaria_amethystina/176887607.jpg,Laccaria amethystina
data/images/Laccaria_amethystina/176923159.jpg,Laccaria amethystina
data/images/Laccaria_amethystina/177658365.jpg,Laccaria amethystina
data/images/Laccaria_amethystina/177713380.jpg,Laccaria amethystina
data/images/Laccaria_amethystina/178183416.jpg,Laccaria amethystina
data/images/Laccaria_amethystina/178343274.jpg,Laccaria amethystina
data/images/Laccaria_amethystina/178385473.jpg,Laccaria amethystina
data/images/Laccaria_amethystina/178498584.jpg,Laccaria amethystina
data/images/Laccaria_amethystina/178594095.jpg,Laccaria amethystina
data/images/Laccaria_amethystina/178815557.jpg,Laccaria amethystina
data/images/Laccaria_amethystina/179148062.jpg,Laccaria amethystina
data/images/Laccaria_amethystina/179148637.jpg,Laccaria amethystina
data/images/Laccaria_amethystina/179149976.jpg,Laccaria amethystina
data/images/Laccaria_amethystina/179231083.jpg,Laccaria amethystina
data/images/Laccaria_amethystina/179520983.jpg,Laccaria amethystina
data/images/Laccaria_amethystina/179651570.jpg,Laccaria amethystina
data/images/Laccaria_amethystina/179661501.jpg,Laccaria amethystina
data/images/Laccaria_amethystina/180232440.jpg,Laccaria amethystina
data/images/Laccaria_amethystina/180605618.jpg,Laccaria amethystina
data/images/Laccaria_amethystina/180775163.jpg,Laccaria amethystina
data/images/Laccaria_amethystina/180885351.jpg,Laccaria amethystina
data/images/Laccaria_amethystina/181055041.jpg,Laccaria amethystina
data/images/Laccaria_amethystina/181165159.jpg,Laccaria amethystina
data/images/Laccaria_amethystina/181181554.jpg,Laccaria amethystina
data/images/Laccaria_amethystina/181342595.jpg,Laccaria amethystina
data/images/Laccaria_amethystina/181532033.jpg,Laccaria amethystina
data/images/Laccaria_amethystina/181588204.jpg,Laccaria amethystina
data/images/Laccaria_amethystina/181806175.jpg,Laccaria amethystina
data/images/Laccaria_amethystina/182942179.jpg,Laccaria amethystina
data/images/Laccaria_amethystina/184267236.jpg,Laccaria amethystina
data/images/Laccaria_amethystina/184515625.jpg,Laccaria amethystina
data/images/Laccaria_amethystina/184658917.jpg,Laccaria amethystina
data/images/Laccaria_amethystina/184675515.jpg,Laccaria amethystina
data/images/Laccaria_amethystina/184733414.jpg,Laccaria amethystina
data/images/Laccaria_amethystina/185001245.jpg,Laccaria amethystina
data/images/Laccaria_amethystina/185274615.jpg,Laccaria amethystina
data/images/Laccaria_amethystina/185542609.jpg,Laccaria amethystina
data/images/Laccaria_amethystina/185554850.jpg,Laccaria amethystina
data/images/Laccaria_amethystina/185703735.jpg,Laccaria amethystina
data/images/Laccaria_amethystina/186009946.jpg,Laccaria amethystina
data/images/Laccaria_amethystina/186136482.jpg,Laccaria amethystina
data/images/Laccaria_amethystina/186146033.jpg,Laccaria amethystina
data/images/Laccaria_amethystina/186266437.jpg,Laccaria amethystina
data/images/Laccaria_amethystina/186308368.jpg,Laccaria amethystina
data/images/Laccaria_amethystina/186517540.jpg,Laccaria amethystina
data/images/Laccaria_amethystina/186518529.jpg,Laccaria amethystina
data/images/Laccaria_amethystina/186522714.jpg,Laccaria amethystina
data/images/Laccaria_amethystina/186523096.jpg,Laccaria amethystina
data/images/Laccaria_amethystina/186525399.jpg,Laccaria amethystina
data/images/Laccaria_amethystina/186526119.jpg,Laccaria amethystina
data/images/Laccaria_amethystina/186541164.jpg,Laccaria amethystina
data/images/Laccaria_amethystina/186669958.jpg,Laccaria amethystina
data/images/Laccaria_amethystina/186705446.jpg,Laccaria amethystina
data/images/Laccaria_amethystina/186820677.jpg,Laccaria amethystina
data/images/Laccaria_amethystina/186864500.jpg,Laccaria amethystina
data/images/Laccaria_amethystina/186865250.jpg,Laccaria amethystina
data/images/Laccaria_amethystina/187042816.jpg,Laccaria amethystina
data/images/Laccaria_amethystina/187295877.jpg,Laccaria amethystina
data/images/Laccaria_amethystina/187619215.jpg,Laccaria amethystina
data/images/Laccaria_amethystina/187627599.jpg,Laccaria amethystina
data/images/Laccaria_amethystina/187661680.jpg,Laccaria amethystina
data/images/Laccaria_amethystina/187676319.jpg,Laccaria amethystina
data/images/Laccaria_amethystina/187686368.jpg,Laccaria amethystina
data/images/Laccaria_amethystina/187693842.jpg,Laccaria amethystina
data/images/Laccaria_amethystina/187758622.jpg,Laccaria amethystina
data/images/Laccaria_amethystina/187886496.jpg,Laccaria amethystina
data/images/Laccaria_amethystina/187997412.jpg,Laccaria amethystina
data/images/Laccaria_amethystina/187999533.jpg,Laccaria amethystina
data/images/Laccaria_amethystina/188044860.jpg,Laccaria amethystina
data/images/Laccaria_amethystina/188992292.jpg,Laccaria amethystina
data/images/Laccaria_amethystina/189007185.jpg,Laccaria amethystina
data/images/Laccaria_amethystina/189019567.jpg,Laccaria amethystina
data/images/Laccaria_amethystina/189222879.jpg,Laccaria amethystina
data/images/Laccaria_amethystina/189352552.jpg,Laccaria amethystina
data/images/Laccaria_amethystina/189361363.jpg,Laccaria amethystina
data/images/Laccaria_amethystina/189463115.jpg,Laccaria amethystina
data/images/Laccaria_amethystina/189624425.jpg,Laccaria amethystina
data/images/Laccaria_amethystina/189740881.jpg,Laccaria amethystina
data/images/Laccaria_amethystina/189945583.jpg,Laccaria amethystina
data/images/Laccaria_amethystina/189952769.jpg,Laccaria amethystina
data/images/Laccaria_amethystina/190067057.jpg,Laccaria amethystina
data/images/Laccaria_amethystina/190113346.jpg,Laccaria amethystina
data/images/Laccaria_amethystina/190306659.jpg,Laccaria amethystina
data/images/Laccaria_amethystina/190336838.jpg,Laccaria amethystina
data/images/Laccaria_amethystina/190570111.jpg,Laccaria amethystina
data/images/Laccaria_amethystina/190574580.jpg,Laccaria amethystina
data/images/Laccaria_amethystina/190685120.jpg,Laccaria amethystina
data/images/Laccaria_amethystina/190766211.jpg,Laccaria amethystina
data/images/Laccaria_amethystina/191070965.jpg,Laccaria amethystina
data/images/Laccaria_amethystina/191361586.jpg,Laccaria amethystina
data/images/Laccaria_amethystina/191475189.jpg,Laccaria amethystina
data/images/Laccaria_amethystina/200442146.jpg,Laccaria amethystina
data/images/Laccaria_amethystina/206158713.jpg,Laccaria amethystina
data/images/Laccaria_amethystina/222595050.jpg,Laccaria amethystina
data/images/Laccaria_amethystina/222904293.jpg,Laccaria amethystina
data/images/Laccaria_amethystina/227556503.jpg,Laccaria amethystina
data/images/Laccaria_amethystina/229490997.jpg,Laccaria amethystina
data/images/Laccaria_amethystina/229529835.jpg,Laccaria amethystina
data/images/Laccaria_amethystina/230702983.jpg,Laccaria amethystina
data/images/Laccaria_amethystina/233883195.jpg,Laccaria amethystina
data/images/Laccaria_amethystina/236242434.jpg,Laccaria amethystina
data/images/Laccaria_amethystina/237097658.jpg,Laccaria amethystina
data/images/Laccaria_amethystina/237873379.jpg,Laccaria amethystina
data/images/Laccaria_amethystina/239998016.jpg,Laccaria amethystina
data/images/Laccaria_amethystina/240294091.jpg,Laccaria amethystina
data/images/Laccaria_amethystina/240616156.jpg,Laccaria amethystina
data/images/Laccaria_amethystina/240728579.jpg,Laccaria amethystina
data/images/Laccaria_amethystina/240728750.jpg,Laccaria amethystina
data/images/Laccaria_amethystina/241603907.jpg,Laccaria amethystina
data/images/Laccaria_amethystina/241645661.jpg,Laccaria amethystina
data/images/Laccaria_amethystina/241835010.jpg,Laccaria amethystina
data/images/Laccaria_amethystina/241858709.jpg,Laccaria amethystina
data/images/Laccaria_amethystina/242287855.jpg,Laccaria amethystina
data/images/Laccaria_amethystina/242311303.jpg,Laccaria amethystina
data/images/Laccaria_amethystina/242492617.jpg,Laccaria amethystina
data/images/Laccaria_amethystina/242820546.jpg,Laccaria amethystina
data/images/Laccaria_amethystina/242864674.jpg,Laccaria amethystina
data/images/Laccaria_amethystina/243073440.jpg,Laccaria amethystina
data/images/Laccaria_amethystina/243177376.jpg,Laccaria amethystina
data/images/Laccaria_amethystina/243432254.jpg,Laccaria amethystina
data/images/Laccaria_amethystina/243558957.jpg,Laccaria amethystina
data/images/Laccaria_amethystina/244458303.jpg,Laccaria amethystina
data/images/Laccaria_amethystina/244464572.jpg,Laccaria amethystina
data/images/Laccaria_amethystina/244485469.jpg,Laccaria amethystina
data/images/Laccaria_amethystina/244744044.jpg,Laccaria amethystina
data/images/Laccaria_amethystina/245047280.jpg,Laccaria amethystina
data/images/Laccaria_amethystina/245057903.jpg,Laccaria amethystina
data/images/Laccaria_amethystina/245060475.jpg,Laccaria amethystina
data/images/Laccaria_amethystina/245134943.jpg,Laccaria amethystina
data/images/Laccaria_amethystina/245135152.jpg,Laccaria amethystina
data/images/Laccaria_amethystina/245412707.jpg,Laccaria amethystina
data/images/Laccaria_amethystina/245732234.jpg,Laccaria amethystina
data/images/Laccaria_amethystina/245986004.jpg,Laccaria amethystina
data/images/Laccaria_amethystina/246165722.jpg,Laccaria amethystina
data/images/Laccaria_amethystina/246287204.jpg,Laccaria amethystina
data/images/Laccaria_amethystina/246326621.jpg,Laccaria amethystina
data/images/Laccaria_amethystina/246369690.jpg,Laccaria amethystina
data/images/Laccaria_amethystina/246632957.jpg,Laccaria amethystina
data/images/Laccaria_amethystina/246895196.jpg,Laccaria amethystina
data/images/Laccaria_amethystina/246909934.jpg,Laccaria amethystina
data/images/Laccaria_amethystina/246916590.jpg,Laccaria amethystina
data/images/Laccaria_amethystina/246927779.jpg,Laccaria amethystina
data/images/Laccaria_amethystina/246930201.jpg,Laccaria amethystina
data/images/Laccaria_amethystina/246941840.jpg,Laccaria amethystina
data/images/Laccaria_amethystina/246975716.jpg,Laccaria amethystina
data/images/Laccaria_amethystina/247289841.jpg,Laccaria amethystina
data/images/Laccaria_amethystina/247344459.jpg,Laccaria amethystina
data/images/Laccaria_amethystina/247631617.jpg,Laccaria amethystina
data/images/Laccaria_amethystina/247632142.jpg,Laccaria amethystina
data/images/Laccaria_amethystina/247731647.jpg,Laccaria amethystina
data/images/Laccaria_amethystina/247735123.jpg,Laccaria amethystina
data/images/Laccaria_amethystina/247757213.jpg,Laccaria amethystina
data/images/Laccaria_amethystina/247759058.jpg,Laccaria amethystina
data/images/Laccaria_amethystina/247803957.jpg,Laccaria amethystina
data/images/Laccaria_amethystina/247878236.jpg,Laccaria amethystina
data/images/Laccaria_amethystina/247892923.jpg,Laccaria amethystina
data/images/Laccaria_amethystina/247919134.jpg,Laccaria amethystina
data/images/Laccaria_amethystina/248030966.jpg,Laccaria amethystina
data/images/Laccaria_amethystina/248040965.jpg,Laccaria amethystina
data/images/Laccaria_amethystina/248047117.jpg,Laccaria amethystina
data/images/Laccaria_amethystina/248051923.jpg,Laccaria amethystina
data/images/Laccaria_amethystina/248052564.jpg,Laccaria amethystina
data/images/Laccaria_amethystina/248061975.jpg,Laccaria amethystina
data/images/Laccaria_amethystina/248249513.jpg,Laccaria amethystina
data/images/Laccaria_amethystina/248268085.jpg,Laccaria amethystina
data/images/Laccaria_amethystina/248268697.jpg,Laccaria amethystina
data/images/Laccaria_amethystina/248331627.jpg,Laccaria amethystina
data/images/Laccaria_amethystina/248433318.jpg,Laccaria amethystina
data/images/Laccaria_amethystina/248435741.jpg,Laccaria amethystina
data/images/Laccaria_amethystina/248457380.jpg,Laccaria amethystina
data/images/Laccaria_amethystina/248651276.jpg,Laccaria amethystina
data/images/Laccaria_amethystina/248713119.jpg,Laccaria amethystina
data/images/Laccaria_amethystina/248734296.jpg,Laccaria amethystina
data/images/Laccaria_amethystina/248857546.jpg,Laccaria amethystina
data/images/Laccaria_amethystina/248875230.jpg,Laccaria amethystina
data/images/Laccaria_amethystina/248907092.jpg,Laccaria amethystina
data/images/Laccaria_amethystina/249029536.jpg,Laccaria amethystina
data/images/Laccaria_amethystina/249061864.jpg,Laccaria amethystina
data/images/Laccaria_amethystina/249131904.jpg,Laccaria amethystina
data/images/Laccaria_amethystina/249153115.jpg,Laccaria amethystina
data/images/Laccaria_amethystina/249167304.jpg,Laccaria amethystina
data/images/Laccaria_amethystina/249167383.jpg,Laccaria amethystina
data/images/Laccaria_amethystina/249176007.jpg,Laccaria amethystina
data/images/Laccaria_amethystina/249319243.jpg,Laccaria amethystina
data/images/Laccaria_amethystina/249326218.jpg,Laccaria amethystina
data/images/Laccaria_amethystina/249754086.jpg,Laccaria amethystina
data/images/Laccaria_amethystina/249768289.jpg,Laccaria amethystina
data/images/Laccaria_amethystina/249779543.jpg,Laccaria amethystina
data/images/Laccaria_amethystina/249878257.jpg,Laccaria amethystina
data/images/Laccaria_amethystina/250151540.jpg,Laccaria amethystina
data/images/Laccaria_amethystina/250568160.jpg,Laccaria amethystina
data/images/Laccaria_amethystina/250709606.jpg,Laccaria amethystina
data/images/Laccaria_amethystina/251300279.jpg,Laccaria amethystina
data/images/Laccaria_amethystina/251303567.jpg,Laccaria amethystina
data/images/Laccaria_amethystina/251787880.jpg,Laccaria amethystina
data/images/Laccaria_amethystina/252853268.jpg,Laccaria amethystina
data/images/Laccaria_amethystina/253306391.jpg,Laccaria amethystina
data/images/Laccaria_amethystina/255077498.jpg,Laccaria amethystina
data/images/Laccaria_amethystina/257504255.jpg,Laccaria amethystina
data/images/Laccaria_amethystina/267321900.jpg,Laccaria amethystina
data/images/Laccaria_amethystina/271214167.jpg,Laccaria amethystina
data/images/Laccaria_amethystina/273690077.jpg,Laccaria amethystina
data/images/Laccaria_amethystina/310402604.jpg,Laccaria amethystina
data/images/Laccaria_amethystina/312718533.jpg,Laccaria amethystina
data/images/Laccaria_amethystina/313555713.jpg,Laccaria amethystina
data/images/Laccaria_amethystina/314095204.jpg,Laccaria amethystina
data/images/Laccaria_amethystina/315226719.jpg,Laccaria amethystina
data/images/Laccaria_amethystina/315235760.jpg,Laccaria amethystina
data/images/Laccaria_amethystina/315242290.jpg,Laccaria amethystina
data/images/Laccaria_amethystina/315518591.jpg,Laccaria amethystina
data/images/Laccaria_amethystina/315536080.jpg,Laccaria amethystina
data/images/Laccaria_amethystina/315791102.jpg,Laccaria amethystina
data/images/Laccaria_amethystina/315837662.jpg,Laccaria amethystina
data/images/Laccaria_amethystina/316015307.jpg,Laccaria amethystina
data/images/Laccaria_amethystina/316264937.jpg,Laccaria amethystina
data/images/Laccaria_amethystina/317223520.jpg,Laccaria amethystina
data/images/Laccaria_amethystina/317323834.jpg,Laccaria amethystina
data/images/Laccaria_amethystina/317749084.jpg,Laccaria amethystina
data/images/Laccaria_amethystina/318359272.jpg,Laccaria amethystina
data/images/Laccaria_amethystina/318359346.jpg,Laccaria amethystina
data/images/Laccaria_amethystina/318867118.jpg,Laccaria amethystina
data/images/Laccaria_amethystina/320136082.jpg,Laccaria amethystina
data/images/Laccaria_amethystina/320621236.jpg,Laccaria amethystina
data/images/Laccaria_amethystina/320663981.jpg,Laccaria amethystina
data/images/Laccaria_amethystina/320824337.jpg,Laccaria amethystina
data/images/Laccaria_amethystina/320837851.jpg,Laccaria amethystina
data/images/Laccaria_amethystina/320871231.jpg,Laccaria amethystina
data/images/Laccaria_amethystina/320872562.jpg,Laccaria amethystina
data/images/Laccaria_amethystina/321026633.jpg,Laccaria amethystina
data/images/Laccaria_amethystina/321229347.jpg,Laccaria amethystina
data/images/Laccaria_amethystina/321409882.jpg,Laccaria amethystina
data/images/Laccaria_amethystina/321570967.jpg,Laccaria amethystina
data/images/Laccaria_amethystina/321829172.jpg,Laccaria amethystina
data/images/Laccaria_amethystina/323186255.jpg,Laccaria amethystina
data/images/Laccaria_amethystina/323222691.jpg,Laccaria amethystina
data/images/Laccaria_amethystina/323615233.jpg,Laccaria amethystina
data/images/Laccaria_amethystina/323683790.jpg,Laccaria amethystina
data/images/Laccaria_amethystina/324140379.jpg,Laccaria amethystina
data/images/Laccaria_amethystina/324295613.jpg,Laccaria amethystina
data/images/Laccaria_amethystina/324475377.jpg,Laccaria amethystina
data/images/Laccaria_amethystina/324767890.jpg,Laccaria amethystina
data/images/Laccaria_amethystina/325461474.jpg,Laccaria amethystina
data/images/Laccaria_amethystina/325467602.jpg,Laccaria amethystina
data/images/Laccaria_amethystina/325869474.jpg,Laccaria amethystina
data/images/Laccaria_amethystina/326748814.jpg,Laccaria amethystina
data/images/Laccaria_amethystina/327695123.jpg,Laccaria amethystina
data/images/Amanita_rubescens/136680257.jpg,Amanita rubescens
data/images/Amanita_rubescens/136698079.jpg,Amanita rubescens
data/images/Amanita_rubescens/136787611.jpg,Amanita rubescens
data/images/Amanita_rubescens/136898886.jpg,Amanita rubescens
data/images/Amanita_rubescens/137012567.jpg,Amanita rubescens
data/images/Amanita_rubescens/137118392.jpg,Amanita rubescens
data/images/Amanita_rubescens/137141227.jpg,Amanita rubescens
data/images/Amanita_rubescens/137141419.jpg,Amanita rubescens
data/images/Amanita_rubescens/137203135.jpg,Amanita rubescens
data/images/Amanita_rubescens/137260024.jpg,Amanita rubescens
data/images/Amanita_rubescens/137269121.jpg,Amanita rubescens
data/images/Amanita_rubescens/137270698.jpg,Amanita rubescens
data/images/Amanita_rubescens/137277373.jpg,Amanita rubescens
data/images/Amanita_rubescens/137278191.jpg,Amanita rubescens
data/images/Amanita_rubescens/137422756.jpg,Amanita rubescens
data/images/Amanita_rubescens/137453029.jpg,Amanita rubescens
data/images/Amanita_rubescens/137513009.jpg,Amanita rubescens
data/images/Amanita_rubescens/137731524.jpg,Amanita rubescens
data/images/Amanita_rubescens/137740889.jpg,Amanita rubescens
data/images/Amanita_rubescens/137744857.jpg,Amanita rubescens
data/images/Amanita_rubescens/137746100.jpg,Amanita rubescens
data/images/Amanita_rubescens/137752217.jpg,Amanita rubescens
data/images/Amanita_rubescens/137840545.jpg,Amanita rubescens
data/images/Amanita_rubescens/137915083.jpg,Amanita rubescens
data/images/Amanita_rubescens/137945154.jpg,Amanita rubescens
data/images/Amanita_rubescens/137971567.jpg,Amanita rubescens
data/images/Amanita_rubescens/137975141.jpg,Amanita rubescens
data/images/Amanita_rubescens/138014187.jpg,Amanita rubescens
data/images/Amanita_rubescens/138082385.jpg,Amanita rubescens
data/images/Amanita_rubescens/138118902.jpg,Amanita rubescens
data/images/Amanita_rubescens/138123761.jpg,Amanita rubescens
data/images/Amanita_rubescens/138167590.jpg,Amanita rubescens
data/images/Amanita_rubescens/138226449.jpg,Amanita rubescens
data/images/Amanita_rubescens/138263129.jpg,Amanita rubescens
data/images/Amanita_rubescens/138401653.jpg,Amanita rubescens
data/images/Amanita_rubescens/138478935.jpg,Amanita rubescens
data/images/Amanita_rubescens/138479620.jpg,Amanita rubescens
data/images/Amanita_rubescens/138479625.jpg,Amanita rubescens
data/images/Amanita_rubescens/138482568.jpg,Amanita rubescens
data/images/Amanita_rubescens/138818141.jpg,Amanita rubescens
data/images/Amanita_rubescens/138818436.jpg,Amanita rubescens
data/images/Amanita_rubescens/138818561.jpg,Amanita rubescens
data/images/Amanita_rubescens/138818598.jpg,Amanita rubescens
data/images/Amanita_rubescens/138818647.jpg,Amanita rubescens
data/images/Amanita_rubescens/138818963.jpg,Amanita rubescens
data/images/Amanita_rubescens/138838904.jpg,Amanita rubescens
data/images/Amanita_rubescens/138839302.jpg,Amanita rubescens
data/images/Amanita_rubescens/138841189.jpg,Amanita rubescens
data/images/Amanita_rubescens/138844649.jpg,Amanita rubescens
data/images/Amanita_rubescens/138846074.jpg,Amanita rubescens
data/images/Amanita_rubescens/138946964.jpg,Amanita rubescens
data/images/Amanita_rubescens/138955219.jpg,Amanita rubescens
data/images/Amanita_rubescens/138955433.jpg,Amanita rubescens
data/images/Amanita_rubescens/138989290.jpg,Amanita rubescens
data/images/Amanita_rubescens/139029310.jpg,Amanita rubescens
data/images/Amanita_rubescens/139167136.jpg,Amanita rubescens
data/images/Amanita_rubescens/139201584.jpg,Amanita rubescens
data/images/Amanita_rubescens/139204761.jpg,Amanita rubescens
data/images/Amanita_rubescens/139206681.jpg,Amanita rubescens
data/images/Amanita_rubescens/139217627.jpg,Amanita rubescens
data/images/Amanita_rubescens/139219249.jpg,Amanita rubescens
data/images/Amanita_rubescens/139219449.jpg,Amanita rubescens
data/images/Amanita_rubescens/139223281.jpg,Amanita rubescens
data/images/Amanita_rubescens/139224685.jpg,Amanita rubescens
data/images/Amanita_rubescens/139319465.jpg,Amanita rubescens
data/images/Amanita_rubescens/139321499.jpg,Amanita rubescens
data/images/Amanita_rubescens/139331880.jpg,Amanita rubescens
data/images/Amanita_rubescens/139332889.jpg,Amanita rubescens
data/images/Amanita_rubescens/139335830.jpg,Amanita rubescens
data/images/Amanita_rubescens/139346602.jpg,Amanita rubescens
data/images/Amanita_rubescens/139417436.jpg,Amanita rubescens
data/images/Amanita_rubescens/139418634.jpg,Amanita rubescens
data/images/Amanita_rubescens/139510228.jpg,Amanita rubescens
data/images/Amanita_rubescens/139511535.jpg,Amanita rubescens
data/images/Amanita_rubescens/139514007.jpg,Amanita rubescens
data/images/Amanita_rubescens/139528753.jpg,Amanita rubescens
data/images/Amanita_rubescens/139602515.jpg,Amanita rubescens
data/images/Amanita_rubescens/139607234.jpg,Amanita rubescens
data/images/Amanita_rubescens/139617603.jpg,Amanita rubescens
data/images/Amanita_rubescens/139619137.jpg,Amanita rubescens
data/images/Amanita_rubescens/139619154.jpg,Amanita rubescens
data/images/Amanita_rubescens/139624807.jpg,Amanita rubescens
data/images/Amanita_rubescens/139729845.jpg,Amanita rubescens
data/images/Amanita_rubescens/139741341.jpg,Amanita rubescens
data/images/Amanita_rubescens/139748672.jpg,Amanita rubescens
data/images/Amanita_rubescens/139752181.jpg,Amanita rubescens
data/images/Amanita_rubescens/139847367.jpg,Amanita rubescens
data/images/Amanita_rubescens/139850142.jpg,Amanita rubescens
data/images/Amanita_rubescens/139865170.jpg,Amanita rubescens
data/images/Amanita_rubescens/139865484.jpg,Amanita rubescens
data/images/Amanita_rubescens/140361266.jpg,Amanita rubescens
data/images/Amanita_rubescens/140401078.jpg,Amanita rubescens
data/images/Amanita_rubescens/140770810.jpg,Amanita rubescens
data/images/Amanita_rubescens/140951291.jpg,Amanita rubescens
data/images/Amanita_rubescens/141145323.jpg,Amanita rubescens
data/images/Amanita_rubescens/141591737.jpg,Amanita rubescens
data/images/Amanita_rubescens/141694926.jpg,Amanita rubescens
data/images/Amanita_rubescens/141694927.jpg,Amanita rubescens
data/images/Amanita_rubescens/141694928.jpg,Amanita rubescens
data/images/Amanita_rubescens/141694929.jpg,Amanita rubescens
data/images/Amanita_rubescens/141708705.jpg,Amanita rubescens
data/images/Amanita_rubescens/142363774.jpg,Amanita rubescens
data/images/Amanita_rubescens/144073482.jpg,Amanita rubescens
data/images/Amanita_rubescens/145956089.jpg,Amanita rubescens
data/images/Amanita_rubescens/147884041.jpg,Amanita rubescens
data/images/Amanita_rubescens/168949884.jpg,Amanita rubescens
data/images/Amanita_rubescens/172491117.jpg,Amanita rubescens
data/images/Amanita_rubescens/173275981.jpg,Amanita rubescens
data/images/Amanita_rubescens/173378503.jpg,Amanita rubescens
data/images/Amanita_rubescens/173378515.jpg,Amanita rubescens
data/images/Amanita_rubescens/173392783.jpg,Amanita rubescens
data/images/Amanita_rubescens/173567040.jpg,Amanita rubescens
data/images/Amanita_rubescens/173586482.jpg,Amanita rubescens
data/images/Amanita_rubescens/173591743.jpg,Amanita rubescens
data/images/Amanita_rubescens/173634988.jpg,Amanita rubescens
data/images/Amanita_rubescens/173961005.jpg,Amanita rubescens
data/images/Amanita_rubescens/174124968.jpg,Amanita rubescens
data/images/Amanita_rubescens/174152355.jpg,Amanita rubescens
data/images/Amanita_rubescens/174245556.jpg,Amanita rubescens
data/images/Amanita_rubescens/174253583.jpg,Amanita rubescens
data/images/Amanita_rubescens/174644944.jpg,Amanita rubescens
data/images/Amanita_rubescens/174649977.jpg,Amanita rubescens
data/images/Amanita_rubescens/174829359.jpg,Amanita rubescens
data/images/Amanita_rubescens/174844912.jpg,Amanita rubescens
data/images/Amanita_rubescens/174845541.jpg,Amanita rubescens
data/images/Amanita_rubescens/174878276.jpg,Amanita rubescens
data/images/Amanita_rubescens/174899839.jpg,Amanita rubescens
data/images/Amanita_rubescens/175017587.jpg,Amanita rubescens
data/images/Amanita_rubescens/175022414.jpg,Amanita rubescens
data/images/Amanita_rubescens/175056789.jpg,Amanita rubescens
data/images/Amanita_rubescens/175070855.jpg,Amanita rubescens
data/images/Amanita_rubescens/175086774.jpg,Amanita rubescens
data/images/Amanita_rubescens/175090088.jpg,Amanita rubescens
data/images/Amanita_rubescens/175171778.jpg,Amanita rubescens
data/images/Amanita_rubescens/175185002.jpg,Amanita rubescens
data/images/Amanita_rubescens/175208126.jpg,Amanita rubescens
data/images/Amanita_rubescens/175235160.jpg,Amanita rubescens
data/images/Amanita_rubescens/175338195.jpg,Amanita rubescens
data/images/Amanita_rubescens/175415994.jpg,Amanita rubescens
data/images/Amanita_rubescens/175501670.jpg,Amanita rubescens
data/images/Amanita_rubescens/175501799.jpg,Amanita rubescens
data/images/Amanita_rubescens/175543243.jpg,Amanita rubescens
data/images/Amanita_rubescens/175592795.jpg,Amanita rubescens
data/images/Amanita_rubescens/175687346.jpg,Amanita rubescens
data/images/Amanita_rubescens/175739937.jpg,Amanita rubescens
data/images/Amanita_rubescens/175740048.jpg,Amanita rubescens
data/images/Amanita_rubescens/175899415.jpg,Amanita rubescens
data/images/Amanita_rubescens/175903853.jpg,Amanita rubescens
data/images/Amanita_rubescens/175904424.jpg,Amanita rubescens
data/images/Amanita_rubescens/175934423.jpg,Amanita rubescens
data/images/Amanita_rubescens/176071248.jpg,Amanita rubescens
data/images/Amanita_rubescens/176083343.jpg,Amanita rubescens
data/images/Amanita_rubescens/176119076.jpg,Amanita rubescens
data/images/Amanita_rubescens/176242808.jpg,Amanita rubescens
data/images/Amanita_rubescens/176243978.jpg,Amanita rubescens
data/images/Amanita_rubescens/176270110.jpg,Amanita rubescens
data/images/Amanita_rubescens/176455300.jpg,Amanita rubescens
data/images/Amanita_rubescens/176456105.jpg,Amanita rubescens
data/images/Amanita_rubescens/176563009.jpg,Amanita rubescens
data/images/Amanita_rubescens/176625007.jpg,Amanita rubescens
data/images/Amanita_rubescens/176631152.jpg,Amanita rubescens
data/images/Amanita_rubescens/176737115.jpg,Amanita rubescens
data/images/Amanita_rubescens/176737150.jpg,Amanita rubescens
data/images/Amanita_rubescens/176741990.jpg,Amanita rubescens
data/images/Amanita_rubescens/176745593.jpg,Amanita rubescens
data/images/Amanita_rubescens/176850926.jpg,Amanita rubescens
data/images/Amanita_rubescens/176884268.jpg,Amanita rubescens
data/images/Amanita_rubescens/176944019.jpg,Amanita rubescens
data/images/Amanita_rubescens/176944519.jpg,Amanita rubescens
data/images/Amanita_rubescens/177061079.jpg,Amanita rubescens
data/images/Amanita_rubescens/177124806.jpg,Amanita rubescens
data/images/Amanita_rubescens/177315349.jpg,Amanita rubescens
data/images/Amanita_rubescens/177389511.jpg,Amanita rubescens
data/images/Amanita_rubescens/177389795.jpg,Amanita rubescens
data/images/Amanita_rubescens/177521035.jpg,Amanita rubescens
data/images/Amanita_rubescens/177709374.jpg,Amanita rubescens
data/images/Amanita_rubescens/177786066.jpg,Amanita rubescens
data/images/Amanita_rubescens/177794238.jpg,Amanita rubescens
data/images/Amanita_rubescens/177823584.jpg,Amanita rubescens
data/images/Amanita_rubescens/177858003.jpg,Amanita rubescens
data/images/Amanita_rubescens/177858414.jpg,Amanita rubescens
data/images/Amanita_rubescens/177960693.jpg,Amanita rubescens
data/images/Amanita_rubescens/177964160.jpg,Amanita rubescens
data/images/Amanita_rubescens/178010757.jpg,Amanita rubescens
data/images/Amanita_rubescens/178010761.jpg,Amanita rubescens
data/images/Amanita_rubescens/178160522.jpg,Amanita rubescens
data/images/Amanita_rubescens/178160776.jpg,Amanita rubescens
data/images/Amanita_rubescens/178340453.jpg,Amanita rubescens
data/images/Amanita_rubescens/178447446.jpg,Amanita rubescens
data/images/Amanita_rubescens/178517672.jpg,Amanita rubescens
data/images/Amanita_rubescens/178575072.jpg,Amanita rubescens
data/images/Amanita_rubescens/178731115.jpg,Amanita rubescens
data/images/Amanita_rubescens/178818275.jpg,Amanita rubescens
data/images/Amanita_rubescens/178834702.jpg,Amanita rubescens
data/images/Amanita_rubescens/179096283.jpg,Amanita rubescens
data/images/Amanita_rubescens/179123473.jpg,Amanita rubescens
data/images/Amanita_rubescens/179133409.jpg,Amanita rubescens
data/images/Amanita_rubescens/179342898.jpg,Amanita rubescens
data/images/Amanita_rubescens/179343793.jpg,Amanita rubescens
data/images/Amanita_rubescens/179374230.jpg,Amanita rubescens
data/images/Amanita_rubescens/179516250.jpg,Amanita rubescens
data/images/Amanita_rubescens/179633635.jpg,Amanita rubescens
data/images/Amanita_rubescens/179657238.jpg,Amanita rubescens
data/images/Amanita_rubescens/179806175.jpg,Amanita rubescens
data/images/Amanita_rubescens/179944247.jpg,Amanita rubescens
data/images/Amanita_rubescens/180235358.jpg,Amanita rubescens
data/images/Amanita_rubescens/180587685.jpg,Amanita rubescens
data/images/Amanita_rubescens/181163677.jpg,Amanita rubescens
data/images/Amanita_rubescens/181163719.jpg,Amanita rubescens
data/images/Amanita_rubescens/181247953.jpg,Amanita rubescens
data/images/Amanita_rubescens/181582882.jpg,Amanita rubescens
data/images/Amanita_rubescens/181720959.jpg,Amanita rubescens
data/images/Amanita_rubescens/182030055.jpg,Amanita rubescens
data/images/Amanita_rubescens/182183605.jpg,Amanita rubescens
data/images/Amanita_rubescens/182344641.jpg,Amanita rubescens
data/images/Amanita_rubescens/182601809.jpg,Amanita rubescens
data/images/Amanita_rubescens/183627088.jpg,Amanita rubescens
data/images/Amanita_rubescens/184026200.jpg,Amanita rubescens
data/images/Amanita_rubescens/184670445.jpg,Amanita rubescens
data/images/Amanita_rubescens/184980035.jpg,Amanita rubescens
data/images/Amanita_rubescens/186533449.jpg,Amanita rubescens
data/images/Amanita_rubescens/186533530.jpg,Amanita rubescens
data/images/Amanita_rubescens/186540258.jpg,Amanita rubescens
data/images/Amanita_rubescens/186665739.jpg,Amanita rubescens
data/images/Amanita_rubescens/186680050.jpg,Amanita rubescens
data/images/Amanita_rubescens/186889540.jpg,Amanita rubescens
data/images/Amanita_rubescens/187042441.jpg,Amanita rubescens
data/images/Amanita_rubescens/187262952.jpg,Amanita rubescens
data/images/Amanita_rubescens/187756954.jpg,Amanita rubescens
data/images/Amanita_rubescens/187768205.jpg,Amanita rubescens
data/images/Amanita_rubescens/187781485.jpg,Amanita rubescens
data/images/Amanita_rubescens/188008211.jpg,Amanita rubescens
data/images/Amanita_rubescens/188050307.jpg,Amanita rubescens
data/images/Amanita_rubescens/188375356.jpg,Amanita rubescens
data/images/Amanita_rubescens/188509702.jpg,Amanita rubescens
data/images/Amanita_rubescens/188797789.jpg,Amanita rubescens
data/images/Amanita_rubescens/189496843.jpg,Amanita rubescens
data/images/Amanita_rubescens/189694345.jpg,Amanita rubescens
data/images/Amanita_rubescens/191181806.jpg,Amanita rubescens
data/images/Amanita_rubescens/193855247.jpg,Amanita rubescens
data/images/Amanita_rubescens/199561608.jpg,Amanita rubescens
data/images/Amanita_rubescens/207370802.jpg,Amanita rubescens
data/images/Amanita_rubescens/222393855.jpg,Amanita rubescens
data/images/Amanita_rubescens/223146239.jpg,Amanita rubescens
data/images/Amanita_rubescens/226279217.jpg,Amanita rubescens
data/images/Amanita_rubescens/226281620.jpg,Amanita rubescens
data/images/Amanita_rubescens/226871812.jpg,Amanita rubescens
data/images/Amanita_rubescens/227734788.jpg,Amanita rubescens
data/images/Amanita_rubescens/228883307.jpg,Amanita rubescens
data/images/Amanita_rubescens/228912238.jpg,Amanita rubescens
data/images/Amanita_rubescens/228983403.jpg,Amanita rubescens
data/images/Amanita_rubescens/229246459.jpg,Amanita rubescens
data/images/Amanita_rubescens/229737182.jpg,Amanita rubescens
data/images/Amanita_rubescens/230254783.jpg,Amanita rubescens
data/images/Amanita_rubescens/230587113.jpg,Amanita rubescens
data/images/Amanita_rubescens/230596970.jpg,Amanita rubescens
data/images/Amanita_rubescens/231186037.jpg,Amanita rubescens
data/images/Amanita_rubescens/231986027.jpg,Amanita rubescens
data/images/Amanita_rubescens/232089150.jpg,Amanita rubescens
data/images/Amanita_rubescens/233251170.jpg,Amanita rubescens
data/images/Amanita_rubescens/233295613.jpg,Amanita rubescens
data/images/Amanita_rubescens/233443862.jpg,Amanita rubescens
data/images/Amanita_rubescens/233671186.jpg,Amanita rubescens
data/images/Amanita_rubescens/234012022.jpg,Amanita rubescens
data/images/Amanita_rubescens/234704120.jpg,Amanita rubescens
data/images/Amanita_rubescens/235063815.jpg,Amanita rubescens
data/images/Amanita_rubescens/235700550.jpg,Amanita rubescens
data/images/Amanita_rubescens/236242422.jpg,Amanita rubescens
data/images/Amanita_rubescens/236483792.jpg,Amanita rubescens
data/images/Amanita_rubescens/237640079.jpg,Amanita rubescens
data/images/Amanita_rubescens/238210583.jpg,Amanita rubescens
data/images/Amanita_rubescens/238443454.jpg,Amanita rubescens
data/images/Amanita_rubescens/239601955.jpg,Amanita rubescens
data/images/Amanita_rubescens/240270434.jpg,Amanita rubescens
data/images/Amanita_rubescens/240273694.jpg,Amanita rubescens
data/images/Amanita_rubescens/240298843.jpg,Amanita rubescens
data/images/Amanita_rubescens/240516796.jpg,Amanita rubescens
data/images/Amanita_rubescens/241435188.jpg,Amanita rubescens
data/images/Amanita_rubescens/242102402.jpg,Amanita rubescens
data/images/Amanita_rubescens/244496491.jpg,Amanita rubescens
data/images/Amanita_rubescens/245535658.jpg,Amanita rubescens
data/images/Amanita_rubescens/245559280.jpg,Amanita rubescens
data/images/Amanita_rubescens/246476711.jpg,Amanita rubescens
data/images/Amanita_rubescens/247073599.jpg,Amanita rubescens
data/images/Amanita_rubescens/247139523.jpg,Amanita rubescens
data/images/Amanita_rubescens/247535002.jpg,Amanita rubescens
data/images/Amanita_rubescens/248271422.jpg,Amanita rubescens
data/images/Amanita_rubescens/248570396.jpg,Amanita rubescens
data/images/Amanita_rubescens/248719446.jpg,Amanita rubescens
data/images/Amanita_rubescens/248722194.jpg,Amanita rubescens
data/images/Amanita_rubescens/248725454.jpg,Amanita rubescens
data/images/Amanita_rubescens/249187149.jpg,Amanita rubescens
data/images/Amanita_rubescens/250292894.jpg,Amanita rubescens
data/images/Amanita_rubescens/250435708.jpg,Amanita rubescens
data/images/Amanita_rubescens/251014282.jpg,Amanita rubescens
data/images/Amanita_rubescens/251031675.jpg,Amanita rubescens
data/images/Amanita_rubescens/251688045.jpg,Amanita rubescens
data/images/Amanita_rubescens/251897117.jpg,Amanita rubescens
data/images/Amanita_rubescens/252873095.jpg,Amanita rubescens
data/images/Amanita_rubescens/262986637.jpg,Amanita rubescens
data/images/Amanita_rubescens/264084337.jpg,Amanita rubescens
data/images/Amanita_rubescens/292699688.jpg,Amanita rubescens
data/images/Amanita_rubescens/298668526.jpg,Amanita rubescens
data/images/Amanita_rubescens/299781965.jpg,Amanita rubescens
data/images/Amanita_rubescens/300353286.jpg,Amanita rubescens
data/images/Amanita_rubescens/300897884.jpg,Amanita rubescens
data/images/Amanita_rubescens/300971288.jpg,Amanita rubescens
data/images/Amanita_rubescens/301960300.jpg,Amanita rubescens
data/images/Amanita_rubescens/302286821.jpg,Amanita rubescens
data/images/Amanita_rubescens/302927000.jpg,Amanita rubescens
data/images/Amanita_rubescens/303068194.jpg,Amanita rubescens
data/images/Amanita_rubescens/303990675.jpg,Amanita rubescens
data/images/Amanita_rubescens/304178700.jpg,Amanita rubescens
data/images/Amanita_rubescens/304434104.jpg,Amanita rubescens
data/images/Amanita_rubescens/304478371.jpg,Amanita rubescens
data/images/Amanita_rubescens/305456443.jpg,Amanita rubescens
data/images/Amanita_rubescens/305589453.jpg,Amanita rubescens
data/images/Amanita_rubescens/305726975.jpg,Amanita rubescens
data/images/Amanita_rubescens/305806277.jpg,Amanita rubescens
data/images/Amanita_rubescens/305965193.jpg,Amanita rubescens
data/images/Amanita_rubescens/308150773.jpg,Amanita rubescens
data/images/Amanita_rubescens/310402886.jpg,Amanita rubescens
data/images/Amanita_rubescens/312733310.jpg,Amanita rubescens
data/images/Amanita_rubescens/315823183.jpg,Amanita rubescens
data/images/Amanita_rubescens/315829926.jpg,Amanita rubescens
data/images/Amanita_rubescens/315831196.jpg,Amanita rubescens
data/images/Amanita_rubescens/315831316.jpg,Amanita rubescens
data/images/Amanita_rubescens/316089738.jpg,Amanita rubescens
data/images/Amanita_rubescens/316911195.jpg,Amanita rubescens
data/images/Amanita_rubescens/320005051.jpg,Amanita rubescens
data/images/Amanita_rubescens/320843804.jpg,Amanita rubescens
data/images/Amanita_rubescens/321295411.jpg,Amanita rubescens
data/images/Amanita_rubescens/321362948.jpg,Amanita rubescens
data/images/Amanita_rubescens/321446555.jpg,Amanita rubescens
data/images/Amanita_rubescens/325700755.jpg,Amanita rubescens
data/images/Amanita_rubescens/337950144.jpg,Amanita rubescens
data/images/Coprinopsis_picacea/137400462.jpg,Coprinopsis picacea
data/images/Coprinopsis_picacea/137406186.jpg,Coprinopsis picacea
data/images/Coprinopsis_picacea/137510482.jpg,Coprinopsis picacea
data/images/Coprinopsis_picacea/137513653.jpg,Coprinopsis picacea
data/images/Coprinopsis_picacea/137516745.jpg,Coprinopsis picacea
data/images/Coprinopsis_picacea/137523174.jpg,Coprinopsis picacea
data/images/Coprinopsis_picacea/137527604.jpg,Coprinopsis picacea
data/images/Coprinopsis_picacea/137614942.jpg,Coprinopsis picacea
data/images/Coprinopsis_picacea/137639271.jpg,Coprinopsis picacea
data/images/Coprinopsis_picacea/137648467.jpg,Coprinopsis picacea
data/images/Coprinopsis_picacea/137721953.jpg,Coprinopsis picacea
data/images/Coprinopsis_picacea/137721958.jpg,Coprinopsis picacea
data/images/Coprinopsis_picacea/137722007.jpg,Coprinopsis picacea
data/images/Coprinopsis_picacea/137722160.jpg,Coprinopsis picacea
data/images/Coprinopsis_picacea/137722164.jpg,Coprinopsis picacea
data/images/Coprinopsis_picacea/137727103.jpg,Coprinopsis picacea
data/images/Coprinopsis_picacea/137750551.jpg,Coprinopsis picacea
data/images/Coprinopsis_picacea/137765830.jpg,Coprinopsis picacea
data/images/Coprinopsis_picacea/137854205.jpg,Coprinopsis picacea
data/images/Coprinopsis_picacea/137857235.jpg,Coprinopsis picacea
data/images/Coprinopsis_picacea/137952032.jpg,Coprinopsis picacea
data/images/Coprinopsis_picacea/137969308.jpg,Coprinopsis picacea
data/images/Coprinopsis_picacea/137974145.jpg,Coprinopsis picacea
data/images/Coprinopsis_picacea/138006089.jpg,Coprinopsis picacea
data/images/Coprinopsis_picacea/138081180.jpg,Coprinopsis picacea
data/images/Coprinopsis_picacea/138089263.jpg,Coprinopsis picacea
data/images/Coprinopsis_picacea/138091733.jpg,Coprinopsis picacea
data/images/Coprinopsis_picacea/138091828.jpg,Coprinopsis picacea
data/images/Coprinopsis_picacea/138094045.jpg,Coprinopsis picacea
data/images/Coprinopsis_picacea/138101732.jpg,Coprinopsis picacea
data/images/Coprinopsis_picacea/138105545.jpg,Coprinopsis picacea
data/images/Coprinopsis_picacea/138109650.jpg,Coprinopsis picacea
data/images/Coprinopsis_picacea/138111425.jpg,Coprinopsis picacea
data/images/Coprinopsis_picacea/138119930.jpg,Coprinopsis picacea
data/images/Coprinopsis_picacea/138129778.jpg,Coprinopsis picacea
data/images/Coprinopsis_picacea/138390927.jpg,Coprinopsis picacea
data/images/Coprinopsis_picacea/138479025.jpg,Coprinopsis picacea
data/images/Coprinopsis_picacea/138508559.jpg,Coprinopsis picacea
data/images/Coprinopsis_picacea/138590935.jpg,Coprinopsis picacea
data/images/Coprinopsis_picacea/138752389.jpg,Coprinopsis picacea
data/images/Coprinopsis_picacea/138810048.jpg,Coprinopsis picacea
data/images/Coprinopsis_picacea/138813499.jpg,Coprinopsis picacea
data/images/Coprinopsis_picacea/138823984.jpg,Coprinopsis picacea
data/images/Coprinopsis_picacea/138824424.jpg,Coprinopsis picacea
data/images/Coprinopsis_picacea/138828781.jpg,Coprinopsis picacea
data/images/Coprinopsis_picacea/138865157.jpg,Coprinopsis picacea
data/images/Coprinopsis_picacea/138947977.jpg,Coprinopsis picacea
data/images/Coprinopsis_picacea/138971281.jpg,Coprinopsis picacea
data/images/Coprinopsis_picacea/139107918.jpg,Coprinopsis picacea
data/images/Coprinopsis_picacea/139111820.jpg,Coprinopsis picacea
data/images/Coprinopsis_picacea/139111861.jpg,Coprinopsis picacea
data/images/Coprinopsis_picacea/139153154.jpg,Coprinopsis picacea
data/images/Coprinopsis_picacea/139155663.jpg,Coprinopsis picacea
data/images/Coprinopsis_picacea/139157070.jpg,Coprinopsis picacea
data/images/Coprinopsis_picacea/139201598.jpg,Coprinopsis picacea
data/images/Coprinopsis_picacea/139209245.jpg,Coprinopsis picacea
data/images/Coprinopsis_picacea/139219680.jpg,Coprinopsis picacea
data/images/Coprinopsis_picacea/139309867.jpg,Coprinopsis picacea
data/images/Coprinopsis_picacea/139315490.jpg,Coprinopsis picacea
data/images/Coprinopsis_picacea/139318558.jpg,Coprinopsis picacea
data/images/Coprinopsis_picacea/139320326.jpg,Coprinopsis picacea
data/images/Coprinopsis_picacea/139324420.jpg,Coprinopsis picacea
data/images/Coprinopsis_picacea/139332097.jpg,Coprinopsis picacea
data/images/Coprinopsis_picacea/139336576.jpg,Coprinopsis picacea
data/images/Coprinopsis_picacea/139372556.jpg,Coprinopsis picacea
data/images/Coprinopsis_picacea/139408025.jpg,Coprinopsis picacea
data/images/Coprinopsis_picacea/139410200.jpg,Coprinopsis picacea
data/images/Coprinopsis_picacea/139411409.jpg,Coprinopsis picacea
data/images/Coprinopsis_picacea/139412757.jpg,Coprinopsis picacea
data/images/Coprinopsis_picacea/139414661.jpg,Coprinopsis picacea
data/images/Coprinopsis_picacea/139418300.jpg,Coprinopsis picacea
data/images/Coprinopsis_picacea/139447476.jpg,Coprinopsis picacea
data/images/Coprinopsis_picacea/139514764.jpg,Coprinopsis picacea
data/images/Coprinopsis_picacea/139526545.jpg,Coprinopsis picacea
data/images/Coprinopsis_picacea/139599580.jpg,Coprinopsis picacea
data/images/Coprinopsis_picacea/139605144.jpg,Coprinopsis picacea
data/images/Coprinopsis_picacea/139628407.jpg,Coprinopsis picacea
data/images/Coprinopsis_picacea/139726310.jpg,Coprinopsis picacea
data/images/Coprinopsis_picacea/139729641.jpg,Coprinopsis picacea
data/images/Coprinopsis_picacea/139740880.jpg,Coprinopsis picacea
data/images/Coprinopsis_picacea/139743759.jpg,Coprinopsis picacea
data/images/Coprinopsis_picacea/139751659.jpg,Coprinopsis picacea
data/images/Coprinopsis_picacea/139861761.jpg,Coprinopsis picacea
data/images/Coprinopsis_picacea/139865422.jpg,Coprinopsis picacea
data/images/Coprinopsis_picacea/140062871.jpg,Coprinopsis picacea
data/images/Coprinopsis_picacea/140146577.jpg,Coprinopsis picacea
data/images/Coprinopsis_picacea/140240659.jpg,Coprinopsis picacea
data/images/Coprinopsis_picacea/140245720.jpg,Coprinopsis picacea
data/images/Coprinopsis_picacea/140246019.jpg,Coprinopsis picacea
data/images/Coprinopsis_picacea/140248020.jpg,Coprinopsis picacea
data/images/Coprinopsis_picacea/140255600.jpg,Coprinopsis picacea
data/images/Coprinopsis_picacea/140368454.jpg,Coprinopsis picacea
data/images/Coprinopsis_picacea/140385322.jpg,Coprinopsis picacea
data/images/Coprinopsis_picacea/140424241.jpg,Coprinopsis picacea
data/images/Coprinopsis_picacea/140482601.jpg,Coprinopsis picacea
data/images/Coprinopsis_picacea/140489773.jpg,Coprinopsis picacea
data/images/Coprinopsis_picacea/140503519.jpg,Coprinopsis picacea
data/images/Coprinopsis_picacea/140519727.jpg,Coprinopsis picacea
data/images/Coprinopsis_picacea/140631324.jpg,Coprinopsis picacea
data/images/Coprinopsis_picacea/140635082.jpg,Coprinopsis picacea
data/images/Coprinopsis_picacea/140651539.jpg,Coprinopsis picacea
data/images/Coprinopsis_picacea/141144363.jpg,Coprinopsis picacea
data/images/Coprinopsis_picacea/141150630.jpg,Coprinopsis picacea
data/images/Coprinopsis_picacea/141255310.jpg,Coprinopsis picacea
data/images/Coprinopsis_picacea/141448262.jpg,Coprinopsis picacea
data/images/Coprinopsis_picacea/141524276.jpg,Coprinopsis picacea
data/images/Coprinopsis_picacea/141598239.jpg,Coprinopsis picacea
data/images/Coprinopsis_picacea/141773917.jpg,Coprinopsis picacea
data/images/Coprinopsis_picacea/141778732.jpg,Coprinopsis picacea
data/images/Coprinopsis_picacea/143333092.jpg,Coprinopsis picacea
data/images/Coprinopsis_picacea/143488471.jpg,Coprinopsis picacea
data/images/Coprinopsis_picacea/143635139.jpg,Coprinopsis picacea
data/images/Coprinopsis_picacea/143671034.jpg,Coprinopsis picacea
data/images/Coprinopsis_picacea/143862434.jpg,Coprinopsis picacea
data/images/Coprinopsis_picacea/144071309.jpg,Coprinopsis picacea
data/images/Coprinopsis_picacea/147511663.jpg,Coprinopsis picacea
data/images/Coprinopsis_picacea/151479928.jpg,Coprinopsis picacea
data/images/Coprinopsis_picacea/168683107.jpg,Coprinopsis picacea
data/images/Coprinopsis_picacea/170807940.jpg,Coprinopsis picacea
data/images/Coprinopsis_picacea/172675421.jpg,Coprinopsis picacea
data/images/Coprinopsis_picacea/175724281.jpg,Coprinopsis picacea
data/images/Coprinopsis_picacea/177668397.jpg,Coprinopsis picacea
data/images/Coprinopsis_picacea/178973235.jpg,Coprinopsis picacea
data/images/Coprinopsis_picacea/183148822.jpg,Coprinopsis picacea
data/images/Coprinopsis_picacea/185311298.jpg,Coprinopsis picacea
data/images/Coprinopsis_picacea/185925047.jpg,Coprinopsis picacea
data/images/Coprinopsis_picacea/186012299.jpg,Coprinopsis picacea
data/images/Coprinopsis_picacea/186716944.jpg,Coprinopsis picacea
data/images/Coprinopsis_picacea/186854639.jpg,Coprinopsis picacea
data/images/Coprinopsis_picacea/186863611.jpg,Coprinopsis picacea
data/images/Coprinopsis_picacea/187097845.jpg,Coprinopsis picacea
data/images/Coprinopsis_picacea/187348786.jpg,Coprinopsis picacea
data/images/Coprinopsis_picacea/187465941.jpg,Coprinopsis picacea
data/images/Coprinopsis_picacea/187476590.jpg,Coprinopsis picacea
data/images/Coprinopsis_picacea/187477131.jpg,Coprinopsis picacea
data/images/Coprinopsis_picacea/187483881.jpg,Coprinopsis picacea
data/images/Coprinopsis_picacea/187784795.jpg,Coprinopsis picacea
data/images/Coprinopsis_picacea/187805586.jpg,Coprinopsis picacea
data/images/Coprinopsis_picacea/188009416.jpg,Coprinopsis picacea
data/images/Coprinopsis_picacea/188011406.jpg,Coprinopsis picacea
data/images/Coprinopsis_picacea/188056944.jpg,Coprinopsis picacea
data/images/Coprinopsis_picacea/188507850.jpg,Coprinopsis picacea
data/images/Coprinopsis_picacea/188510092.jpg,Coprinopsis picacea
data/images/Coprinopsis_picacea/188518295.jpg,Coprinopsis picacea
data/images/Coprinopsis_picacea/188814875.jpg,Coprinopsis picacea
data/images/Coprinopsis_picacea/188829479.jpg,Coprinopsis picacea
data/images/Coprinopsis_picacea/189212465.jpg,Coprinopsis picacea
data/images/Coprinopsis_picacea/189224962.jpg,Coprinopsis picacea
data/images/Coprinopsis_picacea/189236261.jpg,Coprinopsis picacea
data/images/Coprinopsis_picacea/189356538.jpg,Coprinopsis picacea
data/images/Coprinopsis_picacea/189357623.jpg,Coprinopsis picacea
data/images/Coprinopsis_picacea/189361525.jpg,Coprinopsis picacea
data/images/Coprinopsis_picacea/189373591.jpg,Coprinopsis picacea
data/images/Coprinopsis_picacea/189694598.jpg,Coprinopsis picacea
data/images/Coprinopsis_picacea/189766085.jpg,Coprinopsis picacea
data/images/Coprinopsis_picacea/189830375.jpg,Coprinopsis picacea
data/images/Coprinopsis_picacea/189854698.jpg,Coprinopsis picacea
data/images/Coprinopsis_picacea/189944814.jpg,Coprinopsis picacea
data/images/Coprinopsis_picacea/190196995.jpg,Coprinopsis picacea
data/images/Coprinopsis_picacea/190309978.jpg,Coprinopsis picacea
data/images/Coprinopsis_picacea/190338278.jpg,Coprinopsis picacea
data/images/Coprinopsis_picacea/190338296.jpg,Coprinopsis picacea
data/images/Coprinopsis_picacea/190387621.jpg,Coprinopsis picacea
data/images/Coprinopsis_picacea/190693201.jpg,Coprinopsis picacea
data/images/Coprinopsis_picacea/190891746.jpg,Coprinopsis picacea
data/images/Coprinopsis_picacea/191252294.jpg,Coprinopsis picacea
data/images/Coprinopsis_picacea/191388490.jpg,Coprinopsis picacea
data/images/Coprinopsis_picacea/193507291.jpg,Coprinopsis picacea
data/images/Coprinopsis_picacea/200597407.jpg,Coprinopsis picacea
data/images/Coprinopsis_picacea/215706151.jpg,Coprinopsis picacea
data/images/Coprinopsis_picacea/224215960.jpg,Coprinopsis picacea
data/images/Coprinopsis_picacea/225117721.jpg,Coprinopsis picacea
data/images/Coprinopsis_picacea/229882660.jpg,Coprinopsis picacea
data/images/Coprinopsis_picacea/243290907.jpg,Coprinopsis picacea
data/images/Coprinopsis_picacea/243928648.jpg,Coprinopsis picacea
data/images/Coprinopsis_picacea/243993021.jpg,Coprinopsis picacea
data/images/Coprinopsis_picacea/244670733.jpg,Coprinopsis picacea
data/images/Coprinopsis_picacea/245388324.jpg,Coprinopsis picacea
data/images/Coprinopsis_picacea/245722327.jpg,Coprinopsis picacea
data/images/Coprinopsis_picacea/245729968.jpg,Coprinopsis picacea
data/images/Coprinopsis_picacea/245917079.jpg,Coprinopsis picacea
data/images/Coprinopsis_picacea/245921427.jpg,Coprinopsis picacea
data/images/Coprinopsis_picacea/245949397.jpg,Coprinopsis picacea
data/images/Coprinopsis_picacea/245953491.jpg,Coprinopsis picacea
data/images/Coprinopsis_picacea/246297035.jpg,Coprinopsis picacea
data/images/Coprinopsis_picacea/246732202.jpg,Coprinopsis picacea
data/images/Coprinopsis_picacea/246737930.jpg,Coprinopsis picacea
data/images/Coprinopsis_picacea/246905036.jpg,Coprinopsis picacea
data/images/Coprinopsis_picacea/246908267.jpg,Coprinopsis picacea
data/images/Coprinopsis_picacea/246910062.jpg,Coprinopsis picacea
data/images/Coprinopsis_picacea/246910184.jpg,Coprinopsis picacea
data/images/Coprinopsis_picacea/246912235.jpg,Coprinopsis picacea
data/images/Coprinopsis_picacea/247103708.jpg,Coprinopsis picacea
data/images/Coprinopsis_picacea/247284905.jpg,Coprinopsis picacea
data/images/Coprinopsis_picacea/247287332.jpg,Coprinopsis picacea
data/images/Coprinopsis_picacea/247290458.jpg,Coprinopsis picacea
data/images/Coprinopsis_picacea/247468965.jpg,Coprinopsis picacea
data/images/Coprinopsis_picacea/247623788.jpg,Coprinopsis picacea
data/images/Coprinopsis_picacea/247749998.jpg,Coprinopsis picacea
data/images/Coprinopsis_picacea/247883051.jpg,Coprinopsis picacea
data/images/Coprinopsis_picacea/247889404.jpg,Coprinopsis picacea
data/images/Coprinopsis_picacea/248031640.jpg,Coprinopsis picacea
data/images/Coprinopsis_picacea/248037543.jpg,Coprinopsis picacea
data/images/Coprinopsis_picacea/248038032.jpg,Coprinopsis picacea
data/images/Coprinopsis_picacea/248040632.jpg,Coprinopsis picacea
data/images/Coprinopsis_picacea/248046164.jpg,Coprinopsis picacea
data/images/Coprinopsis_picacea/248048647.jpg,Coprinopsis picacea
data/images/Coprinopsis_picacea/248050471.jpg,Coprinopsis picacea
data/images/Coprinopsis_picacea/248054114.jpg,Coprinopsis picacea
data/images/Coprinopsis_picacea/248054209.jpg,Coprinopsis picacea
data/images/Coprinopsis_picacea/248054770.jpg,Coprinopsis picacea
data/images/Coprinopsis_picacea/248054844.jpg,Coprinopsis picacea
data/images/Coprinopsis_picacea/248055133.jpg,Coprinopsis picacea
data/images/Coprinopsis_picacea/248057950.jpg,Coprinopsis picacea
data/images/Coprinopsis_picacea/248068161.jpg,Coprinopsis picacea
data/images/Coprinopsis_picacea/248261894.jpg,Coprinopsis picacea
data/images/Coprinopsis_picacea/248261899.jpg,Coprinopsis picacea
data/images/Coprinopsis_picacea/248261907.jpg,Coprinopsis picacea
data/images/Coprinopsis_picacea/248261911.jpg,Coprinopsis picacea
data/images/Coprinopsis_picacea/248261936.jpg,Coprinopsis picacea
data/images/Coprinopsis_picacea/248267587.jpg,Coprinopsis picacea
data/images/Coprinopsis_picacea/248268432.jpg,Coprinopsis picacea
data/images/Coprinopsis_picacea/248327779.jpg,Coprinopsis picacea
data/images/Coprinopsis_picacea/248430257.jpg,Coprinopsis picacea
data/images/Coprinopsis_picacea/248574046.jpg,Coprinopsis picacea
data/images/Coprinopsis_picacea/248610315.jpg,Coprinopsis picacea
data/images/Coprinopsis_picacea/248734194.jpg,Coprinopsis picacea
data/images/Coprinopsis_picacea/248993747.jpg,Coprinopsis picacea
data/images/Coprinopsis_picacea/249131387.jpg,Coprinopsis picacea
data/images/Coprinopsis_picacea/249147740.jpg,Coprinopsis picacea
data/images/Coprinopsis_picacea/249158253.jpg,Coprinopsis picacea
data/images/Coprinopsis_picacea/249211101.jpg,Coprinopsis picacea
data/images/Coprinopsis_picacea/249333623.jpg,Coprinopsis picacea
data/images/Coprinopsis_picacea/249471255.jpg,Coprinopsis picacea
data/images/Coprinopsis_picacea/249620046.jpg,Coprinopsis picacea
data/images/Coprinopsis_picacea/249861999.jpg,Coprinopsis picacea
data/images/Coprinopsis_picacea/249875877.jpg,Coprinopsis picacea
data/images/Coprinopsis_picacea/250028992.jpg,Coprinopsis picacea
data/images/Coprinopsis_picacea/250151047.jpg,Coprinopsis picacea
data/images/Coprinopsis_picacea/250337112.jpg,Coprinopsis picacea
data/images/Coprinopsis_picacea/250673414.jpg,Coprinopsis picacea
data/images/Coprinopsis_picacea/250777528.jpg,Coprinopsis picacea
data/images/Coprinopsis_picacea/250881336.jpg,Coprinopsis picacea
data/images/Coprinopsis_picacea/251007193.jpg,Coprinopsis picacea
data/images/Coprinopsis_picacea/251017160.jpg,Coprinopsis picacea
data/images/Coprinopsis_picacea/251157297.jpg,Coprinopsis picacea
data/images/Coprinopsis_picacea/251300337.jpg,Coprinopsis picacea
data/images/Coprinopsis_picacea/251538275.jpg,Coprinopsis picacea
data/images/Coprinopsis_picacea/251655584.jpg,Coprinopsis picacea
data/images/Coprinopsis_picacea/252006130.jpg,Coprinopsis picacea
data/images/Coprinopsis_picacea/252020852.jpg,Coprinopsis picacea
data/images/Coprinopsis_picacea/252033732.jpg,Coprinopsis picacea
data/images/Coprinopsis_picacea/252045387.jpg,Coprinopsis picacea
data/images/Coprinopsis_picacea/252159819.jpg,Coprinopsis picacea
data/images/Coprinopsis_picacea/252302634.jpg,Coprinopsis picacea
data/images/Coprinopsis_picacea/252391221.jpg,Coprinopsis picacea
data/images/Coprinopsis_picacea/253306225.jpg,Coprinopsis picacea
data/images/Coprinopsis_picacea/253734707.jpg,Coprinopsis picacea
data/images/Coprinopsis_picacea/254013958.jpg,Coprinopsis picacea
data/images/Coprinopsis_picacea/255169087.jpg,Coprinopsis picacea
data/images/Coprinopsis_picacea/256501042.jpg,Coprinopsis picacea
data/images/Coprinopsis_picacea/256996896.jpg,Coprinopsis picacea
data/images/Coprinopsis_picacea/258049490.jpg,Coprinopsis picacea
data/images/Coprinopsis_picacea/259092721.jpg,Coprinopsis picacea
data/images/Coprinopsis_picacea/259564565.jpg,Coprinopsis picacea
data/images/Coprinopsis_picacea/273862315.jpg,Coprinopsis picacea
data/images/Coprinopsis_picacea/290232316.jpg,Coprinopsis picacea
data/images/Coprinopsis_picacea/292548150.jpg,Coprinopsis picacea
data/images/Coprinopsis_picacea/314755328.jpg,Coprinopsis picacea
data/images/Coprinopsis_picacea/315206971.jpg,Coprinopsis picacea
data/images/Coprinopsis_picacea/315272369.jpg,Coprinopsis picacea
data/images/Coprinopsis_picacea/315424514.jpg,Coprinopsis picacea
data/images/Coprinopsis_picacea/315544548.jpg,Coprinopsis picacea
data/images/Coprinopsis_picacea/315758093.jpg,Coprinopsis picacea
data/images/Coprinopsis_picacea/316508937.jpg,Coprinopsis picacea
data/images/Coprinopsis_picacea/317226654.jpg,Coprinopsis picacea
data/images/Coprinopsis_picacea/317324934.jpg,Coprinopsis picacea
data/images/Coprinopsis_picacea/317326485.jpg,Coprinopsis picacea
data/images/Coprinopsis_picacea/317358536.jpg,Coprinopsis picacea
data/images/Coprinopsis_picacea/317602329.jpg,Coprinopsis picacea
data/images/Coprinopsis_picacea/317602545.jpg,Coprinopsis picacea
data/images/Coprinopsis_picacea/318845139.jpg,Coprinopsis picacea
data/images/Coprinopsis_picacea/318845453.jpg,Coprinopsis picacea
data/images/Coprinopsis_picacea/319716173.jpg,Coprinopsis picacea
data/images/Coprinopsis_picacea/319741357.jpg,Coprinopsis picacea
data/images/Coprinopsis_picacea/320009863.jpg,Coprinopsis picacea
data/images/Coprinopsis_picacea/320029444.jpg,Coprinopsis picacea
data/images/Coprinopsis_picacea/320122924.jpg,Coprinopsis picacea
data/images/Coprinopsis_picacea/320131555.jpg,Coprinopsis picacea
data/images/Coprinopsis_picacea/320142133.jpg,Coprinopsis picacea
data/images/Coprinopsis_picacea/320142210.jpg,Coprinopsis picacea
data/images/Coprinopsis_picacea/320147089.jpg,Coprinopsis picacea
data/images/Coprinopsis_picacea/320156362.jpg,Coprinopsis picacea
data/images/Coprinopsis_picacea/320364695.jpg,Coprinopsis picacea
data/images/Coprinopsis_picacea/320384539.jpg,Coprinopsis picacea
data/images/Coprinopsis_picacea/320387950.jpg,Coprinopsis picacea
data/images/Coprinopsis_picacea/320407250.jpg,Coprinopsis picacea
data/images/Coprinopsis_picacea/320651743.jpg,Coprinopsis picacea
data/images/Coprinopsis_picacea/320659780.jpg,Coprinopsis picacea
data/images/Coprinopsis_picacea/320675506.jpg,Coprinopsis picacea
data/images/Coprinopsis_picacea/320704217.jpg,Coprinopsis picacea
data/images/Coprinopsis_picacea/320830906.jpg,Coprinopsis picacea
data/images/Coprinopsis_picacea/320861743.jpg,Coprinopsis picacea
data/images/Coprinopsis_picacea/321002933.jpg,Coprinopsis picacea
data/images/Coprinopsis_picacea/321013433.jpg,Coprinopsis picacea
data/images/Coprinopsis_picacea/321015717.jpg,Coprinopsis picacea
data/images/Coprinopsis_picacea/321201229.jpg,Coprinopsis picacea
data/images/Coprinopsis_picacea/321399799.jpg,Coprinopsis picacea
data/images/Coprinopsis_picacea/321689909.jpg,Coprinopsis picacea
data/images/Coprinopsis_picacea/321800253.jpg,Coprinopsis picacea
data/images/Coprinopsis_picacea/321829050.jpg,Coprinopsis picacea
data/images/Coprinopsis_picacea/321846942.jpg,Coprinopsis picacea
data/images/Coprinopsis_picacea/322056999.jpg,Coprinopsis picacea
data/images/Coprinopsis_picacea/322250670.jpg,Coprinopsis picacea
data/images/Coprinopsis_picacea/322731434.jpg,Coprinopsis picacea
data/images/Coprinopsis_picacea/323174242.jpg,Coprinopsis picacea
data/images/Coprinopsis_picacea/323443197.jpg,Coprinopsis picacea
data/images/Coprinopsis_picacea/323607185.jpg,Coprinopsis picacea
data/images/Coprinopsis_picacea/324006668.jpg,Coprinopsis picacea
data/images/Coprinopsis_picacea/324288527.jpg,Coprinopsis picacea
data/images/Coprinopsis_picacea/324491355.jpg,Coprinopsis picacea
data/images/Coprinopsis_picacea/324509787.jpg,Coprinopsis picacea
data/images/Coprinopsis_picacea/324719457.jpg,Coprinopsis picacea
data/images/Coprinopsis_picacea/324836879.jpg,Coprinopsis picacea
data/images/Coprinopsis_picacea/324843465.jpg,Coprinopsis picacea
data/images/Coprinopsis_picacea/324872513.jpg,Coprinopsis picacea
data/images/Coprinopsis_picacea/325005589.jpg,Coprinopsis picacea
data/images/Coprinopsis_picacea/325005739.jpg,Coprinopsis picacea
data/images/Coprinopsis_picacea/325008068.jpg,Coprinopsis picacea
data/images/Coprinopsis_picacea/325008113.jpg,Coprinopsis picacea
data/images/Coprinopsis_picacea/325463267.jpg,Coprinopsis picacea
data/images/Coprinopsis_picacea/325497309.jpg,Coprinopsis picacea
data/images/Coprinopsis_picacea/325514795.jpg,Coprinopsis picacea
data/images/Coprinopsis_picacea/325547603.jpg,Coprinopsis picacea
data/images/Coprinopsis_picacea/325665450.jpg,Coprinopsis picacea
data/images/Coprinopsis_picacea/325684781.jpg,Coprinopsis picacea
data/images/Coprinopsis_picacea/325849480.jpg,Coprinopsis picacea
data/images/Coprinopsis_picacea/325853445.jpg,Coprinopsis picacea
data/images/Coprinopsis_picacea/325862913.jpg,Coprinopsis picacea
data/images/Coprinopsis_picacea/326067866.jpg,Coprinopsis picacea
data/images/Coprinopsis_picacea/326353352.jpg,Coprinopsis picacea
data/images/Coprinopsis_picacea/326467406.jpg,Coprinopsis picacea
data/images/Coprinopsis_picacea/326491167.jpg,Coprinopsis picacea
data/images/Coprinopsis_picacea/326938614.jpg,Coprinopsis picacea
data/images/Coprinopsis_picacea/327092416.jpg,Coprinopsis picacea
data/images/Coprinopsis_picacea/328534246.jpg,Coprinopsis picacea
data/images/Coprinopsis_picacea/329055337.jpg,Coprinopsis picacea
data/images/Coprinopsis_picacea/331293431.jpg,Coprinopsis picacea
data/images/Coprinopsis_picacea/331588140.jpg,Coprinopsis picacea
data/images/Auricularia_auricula-judae/106166736.jpg,Auricularia auricula-judae
data/images/Auricularia_auricula-judae/106237135.jpg,Auricularia auricula-judae
data/images/Auricularia_auricula-judae/106314480.jpg,Auricularia auricula-judae
data/images/Auricularia_auricula-judae/106461218.jpg,Auricularia auricula-judae
data/images/Auricularia_auricula-judae/106600688.jpg,Auricularia auricula-judae
data/images/Auricularia_auricula-judae/107024043.jpg,Auricularia auricula-judae
data/images/Auricularia_auricula-judae/107125243.jpg,Auricularia auricula-judae
data/images/Auricularia_auricula-judae/107182201.jpg,Auricularia auricula-judae
data/images/Auricularia_auricula-judae/107418670.jpg,Auricularia auricula-judae
data/images/Auricularia_auricula-judae/107465477.jpg,Auricularia auricula-judae
data/images/Auricularia_auricula-judae/107500361.jpg,Auricularia auricula-judae
data/images/Auricularia_auricula-judae/107640764.jpg,Auricularia auricula-judae
data/images/Auricularia_auricula-judae/107982960.jpg,Auricularia auricula-judae
data/images/Auricularia_auricula-judae/108716787.jpg,Auricularia auricula-judae
data/images/Auricularia_auricula-judae/108717515.jpg,Auricularia auricula-judae
data/images/Auricularia_auricula-judae/108718470.jpg,Auricularia auricula-judae
data/images/Auricularia_auricula-judae/108823447.jpg,Auricularia auricula-judae
data/images/Auricularia_auricula-judae/109445858.jpg,Auricularia auricula-judae
data/images/Auricularia_auricula-judae/109909904.jpg,Auricularia auricula-judae
data/images/Auricularia_auricula-judae/110651616.jpg,Auricularia auricula-judae
data/images/Auricularia_auricula-judae/110731733.jpg,Auricularia auricula-judae
data/images/Auricularia_auricula-judae/110845882.jpg,Auricularia auricula-judae
data/images/Auricularia_auricula-judae/111015557.jpg,Auricularia auricula-judae
data/images/Auricularia_auricula-judae/111438281.jpg,Auricularia auricula-judae
data/images/Auricularia_auricula-judae/111503589.jpg,Auricularia auricula-judae
data/images/Auricularia_auricula-judae/111922160.jpg,Auricularia auricula-judae
data/images/Auricularia_auricula-judae/115126853.jpg,Auricularia auricula-judae
data/images/Auricularia_auricula-judae/115316909.jpg,Auricularia auricula-judae
data/images/Auricularia_auricula-judae/116564659.jpg,Auricularia auricula-judae
data/images/Auricularia_auricula-judae/118159384.jpg,Auricularia auricula-judae
data/images/Auricularia_auricula-judae/118519953.jpg,Auricularia auricula-judae
data/images/Auricularia_auricula-judae/119101259.jpg,Auricularia auricula-judae
data/images/Auricularia_auricula-judae/120001305.jpg,Auricularia auricula-judae
data/images/Auricularia_auricula-judae/120528911.jpg,Auricularia auricula-judae
data/images/Auricularia_auricula-judae/121069433.jpg,Auricularia auricula-judae
data/images/Auricularia_auricula-judae/122204313.jpg,Auricularia auricula-judae
data/images/Auricularia_auricula-judae/122843315.jpg,Auricularia auricula-judae
data/images/Auricularia_auricula-judae/123798358.jpg,Auricularia auricula-judae
data/images/Auricularia_auricula-judae/123874967.jpg,Auricularia auricula-judae
data/images/Auricularia_auricula-judae/125155307.jpg,Auricularia auricula-judae
data/images/Auricularia_auricula-judae/131058606.jpg,Auricularia auricula-judae
data/images/Auricularia_auricula-judae/134408622.jpg,Auricularia auricula-judae
data/images/Auricularia_auricula-judae/134558219.jpg,Auricularia auricula-judae
data/images/Auricularia_auricula-judae/136685297.jpg,Auricularia auricula-judae
data/images/Auricularia_auricula-judae/137011716.jpg,Auricularia auricula-judae
data/images/Auricularia_auricula-judae/137150020.jpg,Auricularia auricula-judae
data/images/Auricularia_auricula-judae/137972701.jpg,Auricularia auricula-judae
data/images/Auricularia_auricula-judae/139985260.jpg,Auricularia auricula-judae
data/images/Auricularia_auricula-judae/140057139.jpg,Auricularia auricula-judae
data/images/Auricularia_auricula-judae/140138558.jpg,Auricularia auricula-judae
data/images/Auricularia_auricula-judae/140175648.jpg,Auricularia auricula-judae
data/images/Auricularia_auricula-judae/141541555.jpg,Auricularia auricula-judae
data/images/Auricularia_auricula-judae/143020192.jpg,Auricularia auricula-judae
data/images/Auricularia_auricula-judae/143030712.jpg,Auricularia auricula-judae
data/images/Auricularia_auricula-judae/143451346.jpg,Auricularia auricula-judae
data/images/Auricularia_auricula-judae/143488115.jpg,Auricularia auricula-judae
data/images/Auricularia_auricula-judae/143563780.jpg,Auricularia auricula-judae
data/images/Auricularia_auricula-judae/143564864.jpg,Auricularia auricula-judae
data/images/Auricularia_auricula-judae/144071005.jpg,Auricularia auricula-judae
data/images/Auricularia_auricula-judae/144600033.jpg,Auricularia auricula-judae
data/images/Auricularia_auricula-judae/144916026.jpg,Auricularia auricula-judae
data/images/Auricularia_auricula-judae/144921285.jpg,Auricularia auricula-judae
data/images/Auricularia_auricula-judae/144976466.jpg,Auricularia auricula-judae
data/images/Auricularia_auricula-judae/145107794.jpg,Auricularia auricula-judae
data/images/Auricularia_auricula-judae/145175533.jpg,Auricularia auricula-judae
data/images/Auricularia_auricula-judae/145742714.jpg,Auricularia auricula-judae
data/images/Auricularia_auricula-judae/145747398.jpg,Auricularia auricula-judae
data/images/Auricularia_auricula-judae/145751286.jpg,Auricularia auricula-judae
data/images/Auricularia_auricula-judae/146029517.jpg,Auricularia auricula-judae
data/images/Auricularia_auricula-judae/146038302.jpg,Auricularia auricula-judae
data/images/Auricularia_auricula-judae/146113779.jpg,Auricularia auricula-judae
data/images/Auricularia_auricula-judae/146167456.jpg,Auricularia auricula-judae
data/images/Auricularia_auricula-judae/146167720.jpg,Auricularia auricula-judae
data/images/Auricularia_auricula-judae/146240884.jpg,Auricularia auricula-judae
data/images/Auricularia_auricula-judae/146271330.jpg,Auricularia auricula-judae
data/images/Auricularia_auricula-judae/146287361.jpg,Auricularia auricula-judae
data/images/Auricularia_auricula-judae/146355903.jpg,Auricularia auricula-judae
data/images/Auricularia_auricula-judae/146520015.jpg,Auricularia auricula-judae
data/images/Auricularia_auricula-judae/146520910.jpg,Auricularia auricula-judae
data/images/Auricularia_auricula-judae/146524869.jpg,Auricularia auricula-judae
data/images/Auricularia_auricula-judae/146610977.jpg,Auricularia auricula-judae
data/images/Auricularia_auricula-judae/146686352.jpg,Auricularia auricula-judae
data/images/Auricularia_auricula-judae/146879827.jpg,Auricularia auricula-judae
data/images/Auricularia_auricula-judae/146968966.jpg,Auricularia auricula-judae
data/images/Auricularia_auricula-judae/147025572.jpg,Auricularia auricula-judae
data/images/Auricularia_auricula-judae/147096911.jpg,Auricularia auricula-judae
data/images/Auricularia_auricula-judae/147106380.jpg,Auricularia auricula-judae
data/images/Auricularia_auricula-judae/147454931.jpg,Auricularia auricula-judae
data/images/Auricularia_auricula-judae/147607613.jpg,Auricularia auricula-judae
data/images/Auricularia_auricula-judae/147621697.jpg,Auricularia auricula-judae
data/images/Auricularia_auricula-judae/147693651.jpg,Auricularia auricula-judae
data/images/Auricularia_auricula-judae/148090807.jpg,Auricularia auricula-judae
data/images/Auricularia_auricula-judae/148777093.jpg,Auricularia auricula-judae
data/images/Auricularia_auricula-judae/148954142.jpg,Auricularia auricula-judae
data/images/Auricularia_auricula-judae/149309541.jpg,Auricularia auricula-judae
data/images/Auricularia_auricula-judae/149485567.jpg,Auricularia auricula-judae
data/images/Auricularia_auricula-judae/150304060.jpg,Auricularia auricula-judae
data/images/Auricularia_auricula-judae/150562223.jpg,Auricularia auricula-judae
data/images/Auricularia_auricula-judae/151125819.jpg,Auricularia auricula-judae
data/images/Auricularia_auricula-judae/151380853.jpg,Auricularia auricula-judae
data/images/Auricularia_auricula-judae/151474806.jpg,Auricularia auricula-judae
data/images/Auricularia_auricula-judae/151491914.jpg,Auricularia auricula-judae
data/images/Auricularia_auricula-judae/151611657.jpg,Auricularia auricula-judae
data/images/Auricularia_auricula-judae/151729489.jpg,Auricularia auricula-judae
data/images/Auricularia_auricula-judae/152025960.jpg,Auricularia auricula-judae
data/images/Auricularia_auricula-judae/152038803.jpg,Auricularia auricula-judae
data/images/Auricularia_auricula-judae/152229107.jpg,Auricularia auricula-judae
data/images/Auricularia_auricula-judae/152918618.jpg,Auricularia auricula-judae
data/images/Auricularia_auricula-judae/152924691.jpg,Auricularia auricula-judae
data/images/Auricularia_auricula-judae/153055626.jpg,Auricularia auricula-judae
data/images/Auricularia_auricula-judae/153801894.jpg,Auricularia auricula-judae
data/images/Auricularia_auricula-judae/154309873.jpg,Auricularia auricula-judae
data/images/Auricularia_auricula-judae/154536126.jpg,Auricularia auricula-judae
data/images/Auricularia_auricula-judae/154537129.jpg,Auricularia auricula-judae
data/images/Auricularia_auricula-judae/154538636.jpg,Auricularia auricula-judae
data/images/Auricularia_auricula-judae/154546996.jpg,Auricularia auricula-judae
data/images/Auricularia_auricula-judae/154673829.jpg,Auricularia auricula-judae
data/images/Auricularia_auricula-judae/154676675.jpg,Auricularia auricula-judae
data/images/Auricularia_auricula-judae/154805747.jpg,Auricularia auricula-judae
data/images/Auricularia_auricula-judae/154850059.jpg,Auricularia auricula-judae
data/images/Auricularia_auricula-judae/155109842.jpg,Auricularia auricula-judae
data/images/Auricularia_auricula-judae/155129243.jpg,Auricularia auricula-judae
data/images/Auricularia_auricula-judae/155359590.jpg,Auricularia auricula-judae
data/images/Auricularia_auricula-judae/156012298.jpg,Auricularia auricula-judae
data/images/Auricularia_auricula-judae/156590203.jpg,Auricularia auricula-judae
data/images/Auricularia_auricula-judae/159079584.jpg,Auricularia auricula-judae
data/images/Auricularia_auricula-judae/160075104.jpg,Auricularia auricula-judae
data/images/Auricularia_auricula-judae/162101653.jpg,Auricularia auricula-judae
data/images/Auricularia_auricula-judae/162101970.jpg,Auricularia auricula-judae
data/images/Auricularia_auricula-judae/162154223.jpg,Auricularia auricula-judae
data/images/Auricularia_auricula-judae/162154300.jpg,Auricularia auricula-judae
data/images/Auricularia_auricula-judae/162356793.jpg,Auricularia auricula-judae
data/images/Auricularia_auricula-judae/162356809.jpg,Auricularia auricula-judae
data/images/Auricularia_auricula-judae/162686745.jpg,Auricularia auricula-judae
data/images/Auricularia_auricula-judae/163351899.jpg,Auricularia auricula-judae
data/images/Auricularia_auricula-judae/163774071.jpg,Auricularia auricula-judae
data/images/Auricularia_auricula-judae/166972051.jpg,Auricularia auricula-judae
data/images/Auricularia_auricula-judae/167385398.jpg,Auricularia auricula-judae
data/images/Auricularia_auricula-judae/170523857.jpg,Auricularia auricula-judae
data/images/Auricularia_auricula-judae/174655811.jpg,Auricularia auricula-judae
data/images/Auricularia_auricula-judae/176125322.jpg,Auricularia auricula-judae
data/images/Auricularia_auricula-judae/176268171.jpg,Auricularia auricula-judae
data/images/Auricularia_auricula-judae/178979388.jpg,Auricularia auricula-judae
data/images/Auricularia_auricula-judae/180424059.jpg,Auricularia auricula-judae
data/images/Auricularia_auricula-judae/181164952.jpg,Auricularia auricula-judae
data/images/Auricularia_auricula-judae/188536356.jpg,Auricularia auricula-judae
data/images/Auricularia_auricula-judae/189091802.jpg,Auricularia auricula-judae
data/images/Auricularia_auricula-judae/189753292.jpg,Auricularia auricula-judae
data/images/Auricularia_auricula-judae/189942341.jpg,Auricularia auricula-judae
data/images/Auricularia_auricula-judae/190489790.jpg,Auricularia auricula-judae
data/images/Auricularia_auricula-judae/190771587.jpg,Auricularia auricula-judae
data/images/Auricularia_auricula-judae/190783722.jpg,Auricularia auricula-judae
data/images/Auricularia_auricula-judae/190894036.jpg,Auricularia auricula-judae
data/images/Auricularia_auricula-judae/191286102.jpg,Auricularia auricula-judae
data/images/Auricularia_auricula-judae/191486794.jpg,Auricularia auricula-judae
data/images/Auricularia_auricula-judae/191829614.jpg,Auricularia auricula-judae
data/images/Auricularia_auricula-judae/194109856.jpg,Auricularia auricula-judae
data/images/Auricularia_auricula-judae/194991261.jpg,Auricularia auricula-judae
data/images/Auricularia_auricula-judae/197152889.jpg,Auricularia auricula-judae
data/images/Auricularia_auricula-judae/197674900.jpg,Auricularia auricula-judae
data/images/Auricularia_auricula-judae/198043227.jpg,Auricularia auricula-judae
data/images/Auricularia_auricula-judae/198235112.jpg,Auricularia auricula-judae
data/images/Auricularia_auricula-judae/198383176.jpg,Auricularia auricula-judae
data/images/Auricularia_auricula-judae/199005844.jpg,Auricularia auricula-judae
data/images/Auricularia_auricula-judae/199271560.jpg,Auricularia auricula-judae
data/images/Auricularia_auricula-judae/199271839.jpg,Auricularia auricula-judae
data/images/Auricularia_auricula-judae/199273136.jpg,Auricularia auricula-judae
data/images/Auricularia_auricula-judae/199322107.jpg,Auricularia auricula-judae
data/images/Auricularia_auricula-judae/199361782.jpg,Auricularia auricula-judae
data/images/Auricularia_auricula-judae/199374281.jpg,Auricularia auricula-judae
data/images/Auricularia_auricula-judae/199445649.jpg,Auricularia auricula-judae
data/images/Auricularia_auricula-judae/199455383.jpg,Auricularia auricula-judae
data/images/Auricularia_auricula-judae/199875112.jpg,Auricularia auricula-judae
data/images/Auricularia_auricula-judae/199882421.jpg,Auricularia auricula-judae
data/images/Auricularia_auricula-judae/199904516.jpg,Auricularia auricula-judae
data/images/Auricularia_auricula-judae/200184307.jpg,Auricularia auricula-judae
data/images/Auricularia_auricula-judae/200272625.jpg,Auricularia auricula-judae
data/images/Auricularia_auricula-judae/200276148.jpg,Auricularia auricula-judae
data/images/Auricularia_auricula-judae/200385748.jpg,Auricularia auricula-judae
data/images/Auricularia_auricula-judae/200509608.jpg,Auricularia auricula-judae
data/images/Auricularia_auricula-judae/200982756.jpg,Auricularia auricula-judae
data/images/Auricularia_auricula-judae/201001094.jpg,Auricularia auricula-judae
data/images/Auricularia_auricula-judae/201047607.jpg,Auricularia auricula-judae
data/images/Auricularia_auricula-judae/201766279.jpg,Auricularia auricula-judae
data/images/Auricularia_auricula-judae/201828129.jpg,Auricularia auricula-judae
data/images/Auricularia_auricula-judae/202774396.jpg,Auricularia auricula-judae
data/images/Auricularia_auricula-judae/203456668.jpg,Auricularia auricula-judae
data/images/Auricularia_auricula-judae/203490476.jpg,Auricularia auricula-judae
data/images/Auricularia_auricula-judae/203891855.jpg,Auricularia auricula-judae
data/images/Auricularia_auricula-judae/204412091.jpg,Auricularia auricula-judae
data/images/Auricularia_auricula-judae/204940350.jpg,Auricularia auricula-judae
data/images/Auricularia_auricula-judae/205347599.jpg,Auricularia auricula-judae
data/images/Auricularia_auricula-judae/205650854.jpg,Auricularia auricula-judae
data/images/Auricularia_auricula-judae/205674415.jpg,Auricularia auricula-judae
data/images/Auricularia_auricula-judae/205843978.jpg,Auricularia auricula-judae
data/images/Auricularia_auricula-judae/205928476.jpg,Auricularia auricula-judae
data/images/Auricularia_auricula-judae/206234803.jpg,Auricularia auricula-judae
data/images/Auricularia_auricula-judae/206783652.jpg,Auricularia auricula-judae
data/images/Auricularia_auricula-judae/206964283.jpg,Auricularia auricula-judae
data/images/Auricularia_auricula-judae/207174415.jpg,Auricularia auricula-judae
data/images/Auricularia_auricula-judae/207352667.jpg,Auricularia auricula-judae
data/images/Auricularia_auricula-judae/208093083.jpg,Auricularia auricula-judae
data/images/Auricularia_auricula-judae/208132030.jpg,Auricularia auricula-judae
data/images/Auricularia_auricula-judae/208312483.jpg,Auricularia auricula-judae
data/images/Auricularia_auricula-judae/209216163.jpg,Auricularia auricula-judae
data/images/Auricularia_auricula-judae/209595434.jpg,Auricularia auricula-judae
data/images/Auricularia_auricula-judae/210007487.jpg,Auricularia auricula-judae
data/images/Auricularia_auricula-judae/210242351.jpg,Auricularia auricula-judae
data/images/Auricularia_auricula-judae/210445672.jpg,Auricularia auricula-judae
data/images/Auricularia_auricula-judae/210657397.jpg,Auricularia auricula-judae
data/images/Auricularia_auricula-judae/213190570.jpg,Auricularia auricula-judae
data/images/Auricularia_auricula-judae/213660180.jpg,Auricularia auricula-judae
data/images/Auricularia_auricula-judae/213707821.jpg,Auricularia auricula-judae
data/images/Auricularia_auricula-judae/214265416.jpg,Auricularia auricula-judae
data/images/Auricularia_auricula-judae/214991261.jpg,Auricularia auricula-judae
data/images/Auricularia_auricula-judae/218875735.jpg,Auricularia auricula-judae
data/images/Auricularia_auricula-judae/218918296.jpg,Auricularia auricula-judae
data/images/Auricularia_auricula-judae/219061361.jpg,Auricularia auricula-judae
data/images/Auricularia_auricula-judae/221534569.jpg,Auricularia auricula-judae
data/images/Auricularia_auricula-judae/224682411.jpg,Auricularia auricula-judae
data/images/Auricularia_auricula-judae/226430720.jpg,Auricularia auricula-judae
data/images/Auricularia_auricula-judae/228085349.jpg,Auricularia auricula-judae
data/images/Auricularia_auricula-judae/229274877.jpg,Auricularia auricula-judae
data/images/Auricularia_auricula-judae/232696029.jpg,Auricularia auricula-judae
data/images/Auricularia_auricula-judae/238944058.jpg,Auricularia auricula-judae
data/images/Auricularia_auricula-judae/244454682.jpg,Auricularia auricula-judae
data/images/Auricularia_auricula-judae/249151146.jpg,Auricularia auricula-judae
data/images/Auricularia_auricula-judae/250151736.jpg,Auricularia auricula-judae
data/images/Auricularia_auricula-judae/253614540.jpg,Auricularia auricula-judae
data/images/Auricularia_auricula-judae/253799281.jpg,Auricularia auricula-judae
data/images/Auricularia_auricula-judae/253981932.jpg,Auricularia auricula-judae
data/images/Auricularia_auricula-judae/255682447.jpg,Auricularia auricula-judae
data/images/Auricularia_auricula-judae/256022725.jpg,Auricularia auricula-judae
data/images/Auricularia_auricula-judae/256445184.jpg,Auricularia auricula-judae
data/images/Auricularia_auricula-judae/257108331.jpg,Auricularia auricula-judae
data/images/Auricularia_auricula-judae/257201550.jpg,Auricularia auricula-judae
data/images/Auricularia_auricula-judae/257269262.jpg,Auricularia auricula-judae
data/images/Auricularia_auricula-judae/258563962.jpg,Auricularia auricula-judae
data/images/Auricularia_auricula-judae/258845276.jpg,Auricularia auricula-judae
data/images/Auricularia_auricula-judae/258982216.jpg,Auricularia auricula-judae
data/images/Auricularia_auricula-judae/259061621.jpg,Auricularia auricula-judae
data/images/Auricularia_auricula-judae/259235172.jpg,Auricularia auricula-judae
data/images/Auricularia_auricula-judae/259421182.jpg,Auricularia auricula-judae
data/images/Auricularia_auricula-judae/259515277.jpg,Auricularia auricula-judae
data/images/Auricularia_auricula-judae/259537107.jpg,Auricularia auricula-judae
data/images/Auricularia_auricula-judae/260242688.jpg,Auricularia auricula-judae
data/images/Auricularia_auricula-judae/260251205.jpg,Auricularia auricula-judae
data/images/Auricularia_auricula-judae/260251207.jpg,Auricularia auricula-judae
data/images/Auricularia_auricula-judae/260365210.jpg,Auricularia auricula-judae
data/images/Auricularia_auricula-judae/260368782.jpg,Auricularia auricula-judae
data/images/Auricularia_auricula-judae/260808111.jpg,Auricularia auricula-judae
data/images/Auricularia_auricula-judae/260841185.jpg,Auricularia auricula-judae
data/images/Auricularia_auricula-judae/262374261.jpg,Auricularia auricula-judae
data/images/Auricularia_auricula-judae/262693945.jpg,Auricularia auricula-judae
data/images/Auricularia_auricula-judae/262821573.jpg,Auricularia auricula-judae
data/images/Auricularia_auricula-judae/263046736.jpg,Auricularia auricula-judae
data/images/Auricularia_auricula-judae/263471169.jpg,Auricularia auricula-judae
data/images/Auricularia_auricula-judae/263486692.jpg,Auricularia auricula-judae
data/images/Auricularia_auricula-judae/263487244.jpg,Auricularia auricula-judae
data/images/Auricularia_auricula-judae/263738423.jpg,Auricularia auricula-judae
data/images/Auricularia_auricula-judae/269793998.jpg,Auricularia auricula-judae
data/images/Auricularia_auricula-judae/270585970.jpg,Auricularia auricula-judae
data/images/Auricularia_auricula-judae/271402084.jpg,Auricularia auricula-judae
data/images/Auricularia_auricula-judae/271965496.jpg,Auricularia auricula-judae
data/images/Auricularia_auricula-judae/278329356.jpg,Auricularia auricula-judae
data/images/Auricularia_auricula-judae/285728181.jpg,Auricularia auricula-judae
data/images/Auricularia_auricula-judae/287525623.jpg,Auricularia auricula-judae
data/images/Auricularia_auricula-judae/287553403.jpg,Auricularia auricula-judae
data/images/Auricularia_auricula-judae/287580602.jpg,Auricularia auricula-judae
data/images/Auricularia_auricula-judae/288728420.jpg,Auricularia auricula-judae
data/images/Auricularia_auricula-judae/288748874.jpg,Auricularia auricula-judae
data/images/Auricularia_auricula-judae/295445339.jpg,Auricularia auricula-judae
data/images/Auricularia_auricula-judae/295497863.jpg,Auricularia auricula-judae
data/images/Auricularia_auricula-judae/296188860.jpg,Auricularia auricula-judae
data/images/Auricularia_auricula-judae/297990309.jpg,Auricularia auricula-judae
data/images/Auricularia_auricula-judae/298225893.jpg,Auricularia auricula-judae
data/images/Auricularia_auricula-judae/299159331.jpg,Auricularia auricula-judae
data/images/Auricularia_auricula-judae/303927122.jpg,Auricularia auricula-judae
data/images/Auricularia_auricula-judae/305780004.jpg,Auricularia auricula-judae
data/images/Auricularia_auricula-judae/307058667.jpg,Auricularia auricula-judae
data/images/Auricularia_auricula-judae/320347914.jpg,Auricularia auricula-judae
data/images/Auricularia_auricula-judae/323163566.jpg,Auricularia auricula-judae
data/images/Auricularia_auricula-judae/323194814.jpg,Auricularia auricula-judae
data/images/Auricularia_auricula-judae/324106213.jpg,Auricularia auricula-judae
data/images/Auricularia_auricula-judae/324137988.jpg,Auricularia auricula-judae
data/images/Auricularia_auricula-judae/324166179.jpg,Auricularia auricula-judae
data/images/Auricularia_auricula-judae/324202730.jpg,Auricularia auricula-judae
data/images/Auricularia_auricula-judae/324290739.jpg,Auricularia auricula-judae
data/images/Auricularia_auricula-judae/324506777.jpg,Auricularia auricula-judae
data/images/Auricularia_auricula-judae/324876751.jpg,Auricularia auricula-judae
data/images/Auricularia_auricula-judae/325036780.jpg,Auricularia auricula-judae
data/images/Auricularia_auricula-judae/325184390.jpg,Auricularia auricula-judae
data/images/Auricularia_auricula-judae/326052561.jpg,Auricularia auricula-judae
data/images/Auricularia_auricula-judae/326491199.jpg,Auricularia auricula-judae
data/images/Auricularia_auricula-judae/326624444.jpg,Auricularia auricula-judae
data/images/Auricularia_auricula-judae/327669668.jpg,Auricularia auricula-judae
data/images/Auricularia_auricula-judae/328915648.jpg,Auricularia auricula-judae
data/images/Auricularia_auricula-judae/328971187.jpg,Auricularia auricula-judae
data/images/Auricularia_auricula-judae/329848124.jpg,Auricularia auricula-judae
data/images/Auricularia_auricula-judae/330101504.jpg,Auricularia auricula-judae
data/images/Auricularia_auricula-judae/331224943.jpg,Auricularia auricula-judae
data/images/Auricularia_auricula-judae/331406939.jpg,Auricularia auricula-judae
data/images/Auricularia_auricula-judae/331545813.jpg,Auricularia auricula-judae
data/images/Auricularia_auricula-judae/331689727.jpg,Auricularia auricula-judae
data/images/Auricularia_auricula-judae/331898399.jpg,Auricularia auricula-judae
data/images/Auricularia_auricula-judae/333133894.jpg,Auricularia auricula-judae
data/images/Auricularia_auricula-judae/333139613.jpg,Auricularia auricula-judae
data/images/Auricularia_auricula-judae/334601165.jpg,Auricularia auricula-judae
data/images/Auricularia_auricula-judae/335005080.jpg,Auricularia auricula-judae
data/images/Auricularia_auricula-judae/337930894.jpg,Auricularia auricula-judae
data/images/Auricularia_auricula-judae/339567668.jpg,Auricularia auricula-judae
data/images/Auricularia_auricula-judae/339879006.jpg,Auricularia auricula-judae
data/images/Auricularia_auricula-judae/339904445.jpg,Auricularia auricula-judae
data/images/Auricularia_auricula-judae/340001675.jpg,Auricularia auricula-judae
data/images/Auricularia_auricula-judae/340558618.jpg,Auricularia auricula-judae
data/images/Auricularia_auricula-judae/340601647.jpg,Auricularia auricula-judae
data/images/Auricularia_auricula-judae/340607432.jpg,Auricularia auricula-judae
data/images/Auricularia_auricula-judae/340737430.jpg,Auricularia auricula-judae
data/images/Auricularia_auricula-judae/340750020.jpg,Auricularia auricula-judae
data/images/Auricularia_auricula-judae/340777818.jpg,Auricularia auricula-judae
data/images/Auricularia_auricula-judae/340858708.jpg,Auricularia auricula-judae
data/images/Auricularia_auricula-judae/341076804.jpg,Auricularia auricula-judae
data/images/Auricularia_auricula-judae/341666595.jpg,Auricularia auricula-judae
data/images/Auricularia_auricula-judae/341691083.jpg,Auricularia auricula-judae
data/images/Auricularia_auricula-judae/341895988.jpg,Auricularia auricula-judae
data/images/Auricularia_auricula-judae/341896138.jpg,Auricularia auricula-judae
data/images/Auricularia_auricula-judae/342072298.jpg,Auricularia auricula-judae
data/images/Auricularia_auricula-judae/342902420.jpg,Auricularia auricula-judae
data/images/Auricularia_auricula-judae/343115197.jpg,Auricularia auricula-judae
data/images/Auricularia_auricula-judae/345083418.jpg,Auricularia auricula-judae
data/images/Auricularia_auricula-judae/345257602.jpg,Auricularia auricula-judae
data/images/Auricularia_auricula-judae/346199846.jpg,Auricularia auricula-judae
data/images/Auricularia_auricula-judae/346774644.jpg,Auricularia auricula-judae
data/images/Auricularia_auricula-judae/349978053.jpg,Auricularia auricula-judae
data/images/Auricularia_auricula-judae/349978081.jpg,Auricularia auricula-judae
data/images/Auricularia_auricula-judae/350041927.jpg,Auricularia auricula-judae
data/images/Fomitopsis_pinicola/106236801.jpg,Fomitopsis pinicola
data/images/Fomitopsis_pinicola/106316897.jpg,Fomitopsis pinicola
data/images/Fomitopsis_pinicola/106504105.jpg,Fomitopsis pinicola
data/images/Fomitopsis_pinicola/106608027.jpg,Fomitopsis pinicola
data/images/Fomitopsis_pinicola/106748526.jpg,Fomitopsis pinicola
data/images/Fomitopsis_pinicola/107753597.jpg,Fomitopsis pinicola
data/images/Fomitopsis_pinicola/108116819.jpg,Fomitopsis pinicola
data/images/Fomitopsis_pinicola/108228457.jpg,Fomitopsis pinicola
data/images/Fomitopsis_pinicola/108296033.jpg,Fomitopsis pinicola
data/images/Fomitopsis_pinicola/108608517.jpg,Fomitopsis pinicola
data/images/Fomitopsis_pinicola/108731254.jpg,Fomitopsis pinicola
data/images/Fomitopsis_pinicola/109851747.jpg,Fomitopsis pinicola
data/images/Fomitopsis_pinicola/109931662.jpg,Fomitopsis pinicola
data/images/Fomitopsis_pinicola/110830862.jpg,Fomitopsis pinicola
data/images/Fomitopsis_pinicola/110838968.jpg,Fomitopsis pinicola
data/images/Fomitopsis_pinicola/110953197.jpg,Fomitopsis pinicola
data/images/Fomitopsis_pinicola/110962626.jpg,Fomitopsis pinicola
data/images/Fomitopsis_pinicola/110990105.jpg,Fomitopsis pinicola
data/images/Fomitopsis_pinicola/111215883.jpg,Fomitopsis pinicola
data/images/Fomitopsis_pinicola/111290211.jpg,Fomitopsis pinicola
data/images/Fomitopsis_pinicola/111292897.jpg,Fomitopsis pinicola
data/images/Fomitopsis_pinicola/111399610.jpg,Fomitopsis pinicola
data/images/Fomitopsis_pinicola/111516417.jpg,Fomitopsis pinicola
data/images/Fomitopsis_pinicola/111517185.jpg,Fomitopsis pinicola
data/images/Fomitopsis_pinicola/111631452.jpg,Fomitopsis pinicola
data/images/Fomitopsis_pinicola/111673514.jpg,Fomitopsis pinicola
data/images/Fomitopsis_pinicola/111774375.jpg,Fomitopsis pinicola
data/images/Fomitopsis_pinicola/111913047.jpg,Fomitopsis pinicola
data/images/Fomitopsis_pinicola/111924000.jpg,Fomitopsis pinicola
data/images/Fomitopsis_pinicola/111972612.jpg,Fomitopsis pinicola
data/images/Fomitopsis_pinicola/112494925.jpg,Fomitopsis pinicola
data/images/Fomitopsis_pinicola/112689393.jpg,Fomitopsis pinicola
data/images/Fomitopsis_pinicola/112689517.jpg,Fomitopsis pinicola
data/images/Fomitopsis_pinicola/112819528.jpg,Fomitopsis pinicola
data/images/Fomitopsis_pinicola/113103054.jpg,Fomitopsis pinicola
data/images/Fomitopsis_pinicola/113841303.jpg,Fomitopsis pinicola
data/images/Fomitopsis_pinicola/114175277.jpg,Fomitopsis pinicola
data/images/Fomitopsis_pinicola/114186992.jpg,Fomitopsis pinicola
data/images/Fomitopsis_pinicola/114662592.jpg,Fomitopsis pinicola
data/images/Fomitopsis_pinicola/115195882.jpg,Fomitopsis pinicola
data/images/Fomitopsis_pinicola/115317202.jpg,Fomitopsis pinicola
data/images/Fomitopsis_pinicola/115509698.jpg,Fomitopsis pinicola
data/images/Fomitopsis_pinicola/115703847.jpg,Fomitopsis pinicola
data/images/Fomitopsis_pinicola/116030185.jpg,Fomitopsis pinicola
data/images/Fomitopsis_pinicola/116384698.jpg,Fomitopsis pinicola
data/images/Fomitopsis_pinicola/116385798.jpg,Fomitopsis pinicola
data/images/Fomitopsis_pinicola/116539741.jpg,Fomitopsis pinicola
data/images/Fomitopsis_pinicola/116820815.jpg,Fomitopsis pinicola
data/images/Fomitopsis_pinicola/116821014.jpg,Fomitopsis pinicola
data/images/Fomitopsis_pinicola/116826623.jpg,Fomitopsis pinicola
data/images/Fomitopsis_pinicola/116956683.jpg,Fomitopsis pinicola
data/images/Fomitopsis_pinicola/120136797.jpg,Fomitopsis pinicola
data/images/Fomitopsis_pinicola/120789644.jpg,Fomitopsis pinicola
data/images/Fomitopsis_pinicola/122701327.jpg,Fomitopsis pinicola
data/images/Fomitopsis_pinicola/125784987.jpg,Fomitopsis pinicola
data/images/Fomitopsis_pinicola/125785213.jpg,Fomitopsis pinicola
data/images/Fomitopsis_pinicola/126464435.jpg,Fomitopsis pinicola
data/images/Fomitopsis_pinicola/126797333.jpg,Fomitopsis pinicola
data/images/Fomitopsis_pinicola/127343972.jpg,Fomitopsis pinicola
data/images/Fomitopsis_pinicola/128178718.jpg,Fomitopsis pinicola
data/images/Fomitopsis_pinicola/129099405.jpg,Fomitopsis pinicola
data/images/Fomitopsis_pinicola/129834046.jpg,Fomitopsis pinicola
data/images/Fomitopsis_pinicola/129840340.jpg,Fomitopsis pinicola
data/images/Fomitopsis_pinicola/130617595.jpg,Fomitopsis pinicola
data/images/Fomitopsis_pinicola/130765663.jpg,Fomitopsis pinicola
data/images/Fomitopsis_pinicola/131065933.jpg,Fomitopsis pinicola
data/images/Fomitopsis_pinicola/131072457.jpg,Fomitopsis pinicola
data/images/Fomitopsis_pinicola/131863896.jpg,Fomitopsis pinicola
data/images/Fomitopsis_pinicola/133613401.jpg,Fomitopsis pinicola
data/images/Fomitopsis_pinicola/134716203.jpg,Fomitopsis pinicola
data/images/Fomitopsis_pinicola/134736088.jpg,Fomitopsis pinicola
data/images/Fomitopsis_pinicola/135785311.jpg,Fomitopsis pinicola
data/images/Fomitopsis_pinicola/136410945.jpg,Fomitopsis pinicola
data/images/Fomitopsis_pinicola/137140560.jpg,Fomitopsis pinicola
data/images/Fomitopsis_pinicola/137439130.jpg,Fomitopsis pinicola
data/images/Fomitopsis_pinicola/137450346.jpg,Fomitopsis pinicola
data/images/Fomitopsis_pinicola/137773970.jpg,Fomitopsis pinicola
data/images/Fomitopsis_pinicola/137774127.jpg,Fomitopsis pinicola
data/images/Fomitopsis_pinicola/137774465.jpg,Fomitopsis pinicola
data/images/Fomitopsis_pinicola/138027065.jpg,Fomitopsis pinicola
data/images/Fomitopsis_pinicola/138106825.jpg,Fomitopsis pinicola
data/images/Fomitopsis_pinicola/138107311.jpg,Fomitopsis pinicola
data/images/Fomitopsis_pinicola/138821189.jpg,Fomitopsis pinicola
data/images/Fomitopsis_pinicola/138851845.jpg,Fomitopsis pinicola
data/images/Fomitopsis_pinicola/139610495.jpg,Fomitopsis pinicola
data/images/Fomitopsis_pinicola/139868914.jpg,Fomitopsis pinicola
data/images/Fomitopsis_pinicola/140194250.jpg,Fomitopsis pinicola
data/images/Fomitopsis_pinicola/140642087.jpg,Fomitopsis pinicola
data/images/Fomitopsis_pinicola/141838498.jpg,Fomitopsis pinicola
data/images/Fomitopsis_pinicola/141883699.jpg,Fomitopsis pinicola
data/images/Fomitopsis_pinicola/142239976.jpg,Fomitopsis pinicola
data/images/Fomitopsis_pinicola/142364408.jpg,Fomitopsis pinicola
data/images/Fomitopsis_pinicola/143635857.jpg,Fomitopsis pinicola
data/images/Fomitopsis_pinicola/143716116.jpg,Fomitopsis pinicola
data/images/Fomitopsis_pinicola/144150933.jpg,Fomitopsis pinicola
data/images/Fomitopsis_pinicola/144172196.jpg,Fomitopsis pinicola
data/images/Fomitopsis_pinicola/145255391.jpg,Fomitopsis pinicola
data/images/Fomitopsis_pinicola/145255420.jpg,Fomitopsis pinicola
data/images/Fomitopsis_pinicola/146032519.jpg,Fomitopsis pinicola
data/images/Fomitopsis_pinicola/146117798.jpg,Fomitopsis pinicola
data/images/Fomitopsis_pinicola/147889020.jpg,Fomitopsis pinicola
data/images/Fomitopsis_pinicola/148012736.jpg,Fomitopsis pinicola
data/images/Fomitopsis_pinicola/148614391.jpg,Fomitopsis pinicola
data/images/Fomitopsis_pinicola/148889303.jpg,Fomitopsis pinicola
data/images/Fomitopsis_pinicola/148899140.jpg,Fomitopsis pinicola
data/images/Fomitopsis_pinicola/148913434.jpg,Fomitopsis pinicola
data/images/Fomitopsis_pinicola/149731558.jpg,Fomitopsis pinicola
data/images/Fomitopsis_pinicola/150201746.jpg,Fomitopsis pinicola
data/images/Fomitopsis_pinicola/151468812.jpg,Fomitopsis pinicola
data/images/Fomitopsis_pinicola/151599579.jpg,Fomitopsis pinicola
data/images/Fomitopsis_pinicola/151917035.jpg,Fomitopsis pinicola
data/images/Fomitopsis_pinicola/152254429.jpg,Fomitopsis pinicola
data/images/Fomitopsis_pinicola/152288913.jpg,Fomitopsis pinicola
data/images/Fomitopsis_pinicola/152519145.jpg,Fomitopsis pinicola
data/images/Fomitopsis_pinicola/153229960.jpg,Fomitopsis pinicola
data/images/Fomitopsis_pinicola/153298697.jpg,Fomitopsis pinicola
data/images/Fomitopsis_pinicola/153667887.jpg,Fomitopsis pinicola
data/images/Fomitopsis_pinicola/153668541.jpg,Fomitopsis pinicola
data/images/Fomitopsis_pinicola/154271778.jpg,Fomitopsis pinicola
data/images/Fomitopsis_pinicola/154388199.jpg,Fomitopsis pinicola
data/images/Fomitopsis_pinicola/154570340.jpg,Fomitopsis pinicola
data/images/Fomitopsis_pinicola/154800206.jpg,Fomitopsis pinicola
data/images/Fomitopsis_pinicola/155127799.jpg,Fomitopsis pinicola
data/images/Fomitopsis_pinicola/155288220.jpg,Fomitopsis pinicola
data/images/Fomitopsis_pinicola/155309131.jpg,Fomitopsis pinicola
data/images/Fomitopsis_pinicola/155333729.jpg,Fomitopsis pinicola
data/images/Fomitopsis_pinicola/155497676.jpg,Fomitopsis pinicola
data/images/Fomitopsis_pinicola/156063640.jpg,Fomitopsis pinicola
data/images/Fomitopsis_pinicola/156231441.jpg,Fomitopsis pinicola
data/images/Fomitopsis_pinicola/156587044.jpg,Fomitopsis pinicola
data/images/Fomitopsis_pinicola/156719737.jpg,Fomitopsis pinicola
data/images/Fomitopsis_pinicola/157551948.jpg,Fomitopsis pinicola
data/images/Fomitopsis_pinicola/159516315.jpg,Fomitopsis pinicola
data/images/Fomitopsis_pinicola/161205599.jpg,Fomitopsis pinicola
data/images/Fomitopsis_pinicola/162103069.jpg,Fomitopsis pinicola
data/images/Fomitopsis_pinicola/162103072.jpg,Fomitopsis pinicola
data/images/Fomitopsis_pinicola/163625648.jpg,Fomitopsis pinicola
data/images/Fomitopsis_pinicola/163998155.jpg,Fomitopsis pinicola
data/images/Fomitopsis_pinicola/165707688.jpg,Fomitopsis pinicola
data/images/Fomitopsis_pinicola/169978625.jpg,Fomitopsis pinicola
data/images/Fomitopsis_pinicola/171245170.jpg,Fomitopsis pinicola
data/images/Fomitopsis_pinicola/173581829.jpg,Fomitopsis pinicola
data/images/Fomitopsis_pinicola/175374206.jpg,Fomitopsis pinicola
data/images/Fomitopsis_pinicola/176605779.jpg,Fomitopsis pinicola
data/images/Fomitopsis_pinicola/178495162.jpg,Fomitopsis pinicola
data/images/Fomitopsis_pinicola/180161362.jpg,Fomitopsis pinicola
data/images/Fomitopsis_pinicola/180424904.jpg,Fomitopsis pinicola
data/images/Fomitopsis_pinicola/180933917.jpg,Fomitopsis pinicola
data/images/Fomitopsis_pinicola/182792504.jpg,Fomitopsis pinicola
data/images/Fomitopsis_pinicola/183492229.jpg,Fomitopsis pinicola
data/images/Fomitopsis_pinicola/184142250.jpg,Fomitopsis pinicola
data/images/Fomitopsis_pinicola/184493566.jpg,Fomitopsis pinicola
data/images/Fomitopsis_pinicola/185543562.jpg,Fomitopsis pinicola
data/images/Fomitopsis_pinicola/186294637.jpg,Fomitopsis pinicola
data/images/Fomitopsis_pinicola/186686530.jpg,Fomitopsis pinicola
data/images/Fomitopsis_pinicola/187245081.jpg,Fomitopsis pinicola
data/images/Fomitopsis_pinicola/188813551.jpg,Fomitopsis pinicola
data/images/Fomitopsis_pinicola/189155605.jpg,Fomitopsis pinicola
data/images/Fomitopsis_pinicola/189741612.jpg,Fomitopsis pinicola
data/images/Fomitopsis_pinicola/190694945.jpg,Fomitopsis pinicola
data/images/Fomitopsis_pinicola/191780404.jpg,Fomitopsis pinicola
data/images/Fomitopsis_pinicola/195089994.jpg,Fomitopsis pinicola
data/images/Fomitopsis_pinicola/197218314.jpg,Fomitopsis pinicola
data/images/Fomitopsis_pinicola/197220585.jpg,Fomitopsis pinicola
data/images/Fomitopsis_pinicola/197676444.jpg,Fomitopsis pinicola
data/images/Fomitopsis_pinicola/197894873.jpg,Fomitopsis pinicola
data/images/Fomitopsis_pinicola/198419813.jpg,Fomitopsis pinicola
data/images/Fomitopsis_pinicola/198900416.jpg,Fomitopsis pinicola
data/images/Fomitopsis_pinicola/199179843.jpg,Fomitopsis pinicola
data/images/Fomitopsis_pinicola/199688835.jpg,Fomitopsis pinicola
data/images/Fomitopsis_pinicola/199770345.jpg,Fomitopsis pinicola
data/images/Fomitopsis_pinicola/199773907.jpg,Fomitopsis pinicola
data/images/Fomitopsis_pinicola/199779553.jpg,Fomitopsis pinicola
data/images/Fomitopsis_pinicola/199798434.jpg,Fomitopsis pinicola
data/images/Fomitopsis_pinicola/200077026.jpg,Fomitopsis pinicola
data/images/Fomitopsis_pinicola/200077571.jpg,Fomitopsis pinicola
data/images/Fomitopsis_pinicola/200995046.jpg,Fomitopsis pinicola
data/images/Fomitopsis_pinicola/201059161.jpg,Fomitopsis pinicola
data/images/Fomitopsis_pinicola/201235949.jpg,Fomitopsis pinicola
data/images/Fomitopsis_pinicola/201392818.jpg,Fomitopsis pinicola
data/images/Fomitopsis_pinicola/202205796.jpg,Fomitopsis pinicola
data/images/Fomitopsis_pinicola/202816390.jpg,Fomitopsis pinicola
data/images/Fomitopsis_pinicola/203773468.jpg,Fomitopsis pinicola
data/images/Fomitopsis_pinicola/204260842.jpg,Fomitopsis pinicola
data/images/Fomitopsis_pinicola/204387658.jpg,Fomitopsis pinicola
data/images/Fomitopsis_pinicola/204531885.jpg,Fomitopsis pinicola
data/images/Fomitopsis_pinicola/204940334.jpg,Fomitopsis pinicola
data/images/Fomitopsis_pinicola/205882931.jpg,Fomitopsis pinicola
data/images/Fomitopsis_pinicola/207441250.jpg,Fomitopsis pinicola
data/images/Fomitopsis_pinicola/207759978.jpg,Fomitopsis pinicola
data/images/Fomitopsis_pinicola/208334150.jpg,Fomitopsis pinicola
data/images/Fomitopsis_pinicola/209463096.jpg,Fomitopsis pinicola
data/images/Fomitopsis_pinicola/209537446.jpg,Fomitopsis pinicola
data/images/Fomitopsis_pinicola/210257647.jpg,Fomitopsis pinicola
data/images/Fomitopsis_pinicola/210976052.jpg,Fomitopsis pinicola
data/images/Fomitopsis_pinicola/212874262.jpg,Fomitopsis pinicola
data/images/Fomitopsis_pinicola/213958368.jpg,Fomitopsis pinicola
data/images/Fomitopsis_pinicola/214776707.jpg,Fomitopsis pinicola
data/images/Fomitopsis_pinicola/214991247.jpg,Fomitopsis pinicola
data/images/Fomitopsis_pinicola/218041615.jpg,Fomitopsis pinicola
data/images/Fomitopsis_pinicola/218195146.jpg,Fomitopsis pinicola
data/images/Fomitopsis_pinicola/219067740.jpg,Fomitopsis pinicola
data/images/Fomitopsis_pinicola/219294046.jpg,Fomitopsis pinicola
data/images/Fomitopsis_pinicola/219507709.jpg,Fomitopsis pinicola
data/images/Fomitopsis_pinicola/219794886.jpg,Fomitopsis pinicola
data/images/Fomitopsis_pinicola/219871861.jpg,Fomitopsis pinicola
data/images/Fomitopsis_pinicola/225872916.jpg,Fomitopsis pinicola
data/images/Fomitopsis_pinicola/226435163.jpg,Fomitopsis pinicola
data/images/Fomitopsis_pinicola/233124413.jpg,Fomitopsis pinicola
data/images/Fomitopsis_pinicola/233483768.jpg,Fomitopsis pinicola
data/images/Fomitopsis_pinicola/236965502.jpg,Fomitopsis pinicola
data/images/Fomitopsis_pinicola/238387231.jpg,Fomitopsis pinicola
data/images/Fomitopsis_pinicola/238387338.jpg,Fomitopsis pinicola
data/images/Fomitopsis_pinicola/239824424.jpg,Fomitopsis pinicola
data/images/Fomitopsis_pinicola/239998022.jpg,Fomitopsis pinicola
data/images/Fomitopsis_pinicola/241647977.jpg,Fomitopsis pinicola
data/images/Fomitopsis_pinicola/241648443.jpg,Fomitopsis pinicola
data/images/Fomitopsis_pinicola/242102548.jpg,Fomitopsis pinicola
data/images/Fomitopsis_pinicola/243037973.jpg,Fomitopsis pinicola
data/images/Fomitopsis_pinicola/243321377.jpg,Fomitopsis pinicola
data/images/Fomitopsis_pinicola/244369381.jpg,Fomitopsis pinicola
data/images/Fomitopsis_pinicola/244696187.jpg,Fomitopsis pinicola
data/images/Fomitopsis_pinicola/245710869.jpg,Fomitopsis pinicola
data/images/Fomitopsis_pinicola/245745937.jpg,Fomitopsis pinicola
data/images/Fomitopsis_pinicola/247274419.jpg,Fomitopsis pinicola
data/images/Fomitopsis_pinicola/247616429.jpg,Fomitopsis pinicola
data/images/Fomitopsis_pinicola/247745755.jpg,Fomitopsis pinicola
data/images/Fomitopsis_pinicola/247749920.jpg,Fomitopsis pinicola
data/images/Fomitopsis_pinicola/247749928.jpg,Fomitopsis pinicola
data/images/Fomitopsis_pinicola/248032088.jpg,Fomitopsis pinicola
data/images/Fomitopsis_pinicola/248041537.jpg,Fomitopsis pinicola
data/images/Fomitopsis_pinicola/249217259.jpg,Fomitopsis pinicola
data/images/Fomitopsis_pinicola/249750124.jpg,Fomitopsis pinicola
data/images/Fomitopsis_pinicola/250286879.jpg,Fomitopsis pinicola
data/images/Fomitopsis_pinicola/250660151.jpg,Fomitopsis pinicola
data/images/Fomitopsis_pinicola/251031575.jpg,Fomitopsis pinicola
data/images/Fomitopsis_pinicola/251807134.jpg,Fomitopsis pinicola
data/images/Fomitopsis_pinicola/252391140.jpg,Fomitopsis pinicola
data/images/Fomitopsis_pinicola/253623586.jpg,Fomitopsis pinicola
data/images/Fomitopsis_pinicola/254102175.jpg,Fomitopsis pinicola
data/images/Fomitopsis_pinicola/254903740.jpg,Fomitopsis pinicola
data/images/Fomitopsis_pinicola/254903741.jpg,Fomitopsis pinicola
data/images/Fomitopsis_pinicola/255386932.jpg,Fomitopsis pinicola
data/images/Fomitopsis_pinicola/255606910.jpg,Fomitopsis pinicola
data/images/Fomitopsis_pinicola/256257947.jpg,Fomitopsis pinicola
data/images/Fomitopsis_pinicola/256513644.jpg,Fomitopsis pinicola
data/images/Fomitopsis_pinicola/256550057.jpg,Fomitopsis pinicola
data/images/Fomitopsis_pinicola/257469617.jpg,Fomitopsis pinicola
data/images/Fomitopsis_pinicola/258034356.jpg,Fomitopsis pinicola
data/images/Fomitopsis_pinicola/258571245.jpg,Fomitopsis pinicola
data/images/Fomitopsis_pinicola/258843038.jpg,Fomitopsis pinicola
data/images/Fomitopsis_pinicola/259257757.jpg,Fomitopsis pinicola
data/images/Fomitopsis_pinicola/260411296.jpg,Fomitopsis pinicola
data/images/Fomitopsis_pinicola/260411396.jpg,Fomitopsis pinicola
data/images/Fomitopsis_pinicola/260575362.jpg,Fomitopsis pinicola
data/images/Fomitopsis_pinicola/262507547.jpg,Fomitopsis pinicola
data/images/Fomitopsis_pinicola/262692653.jpg,Fomitopsis pinicola
data/images/Fomitopsis_pinicola/262744190.jpg,Fomitopsis pinicola
data/images/Fomitopsis_pinicola/263917818.jpg,Fomitopsis pinicola
data/images/Fomitopsis_pinicola/265038610.jpg,Fomitopsis pinicola
data/images/Fomitopsis_pinicola/265043892.jpg,Fomitopsis pinicola
data/images/Fomitopsis_pinicola/265199789.jpg,Fomitopsis pinicola
data/images/Fomitopsis_pinicola/265699967.jpg,Fomitopsis pinicola
data/images/Fomitopsis_pinicola/265819974.jpg,Fomitopsis pinicola
data/images/Fomitopsis_pinicola/265942957.jpg,Fomitopsis pinicola
data/images/Fomitopsis_pinicola/265958302.jpg,Fomitopsis pinicola
data/images/Fomitopsis_pinicola/266210533.jpg,Fomitopsis pinicola
data/images/Fomitopsis_pinicola/266361095.jpg,Fomitopsis pinicola
data/images/Fomitopsis_pinicola/266364623.jpg,Fomitopsis pinicola
data/images/Fomitopsis_pinicola/266538463.jpg,Fomitopsis pinicola
data/images/Fomitopsis_pinicola/268092622.jpg,Fomitopsis pinicola
data/images/Fomitopsis_pinicola/268696605.jpg,Fomitopsis pinicola
data/images/Fomitopsis_pinicola/269494103.jpg,Fomitopsis pinicola
data/images/Fomitopsis_pinicola/269587688.jpg,Fomitopsis pinicola
data/images/Fomitopsis_pinicola/269590603.jpg,Fomitopsis pinicola
data/images/Fomitopsis_pinicola/270822835.jpg,Fomitopsis pinicola
data/images/Fomitopsis_pinicola/270987163.jpg,Fomitopsis pinicola
data/images/Fomitopsis_pinicola/271486392.jpg,Fomitopsis pinicola
data/images/Fomitopsis_pinicola/271607810.jpg,Fomitopsis pinicola
data/images/Fomitopsis_pinicola/272221296.jpg,Fomitopsis pinicola
data/images/Fomitopsis_pinicola/280171880.jpg,Fomitopsis pinicola
data/images/Fomitopsis_pinicola/282844087.jpg,Fomitopsis pinicola
data/images/Fomitopsis_pinicola/284810345.jpg,Fomitopsis pinicola
data/images/Fomitopsis_pinicola/286750120.jpg,Fomitopsis pinicola
data/images/Fomitopsis_pinicola/288432741.jpg,Fomitopsis pinicola
data/images/Fomitopsis_pinicola/289322432.jpg,Fomitopsis pinicola
data/images/Fomitopsis_pinicola/290882025.jpg,Fomitopsis pinicola
data/images/Fomitopsis_pinicola/292897845.jpg,Fomitopsis pinicola
data/images/Fomitopsis_pinicola/297105093.jpg,Fomitopsis pinicola
data/images/Fomitopsis_pinicola/306986768.jpg,Fomitopsis pinicola
data/images/Fomitopsis_pinicola/312176976.jpg,Fomitopsis pinicola
data/images/Fomitopsis_pinicola/315488122.jpg,Fomitopsis pinicola
data/images/Fomitopsis_pinicola/318392241.jpg,Fomitopsis pinicola
data/images/Fomitopsis_pinicola/318860139.jpg,Fomitopsis pinicola
data/images/Fomitopsis_pinicola/319534379.jpg,Fomitopsis pinicola
data/images/Fomitopsis_pinicola/319998173.jpg,Fomitopsis pinicola
data/images/Fomitopsis_pinicola/321010180.jpg,Fomitopsis pinicola
data/images/Fomitopsis_pinicola/321056329.jpg,Fomitopsis pinicola
data/images/Fomitopsis_pinicola/321605518.jpg,Fomitopsis pinicola
data/images/Fomitopsis_pinicola/321617023.jpg,Fomitopsis pinicola
data/images/Fomitopsis_pinicola/321649138.jpg,Fomitopsis pinicola
data/images/Fomitopsis_pinicola/323179646.jpg,Fomitopsis pinicola
data/images/Fomitopsis_pinicola/323615306.jpg,Fomitopsis pinicola
data/images/Fomitopsis_pinicola/324577409.jpg,Fomitopsis pinicola
data/images/Fomitopsis_pinicola/324839088.jpg,Fomitopsis pinicola
data/images/Fomitopsis_pinicola/326178213.jpg,Fomitopsis pinicola
data/images/Fomitopsis_pinicola/327118308.jpg,Fomitopsis pinicola
data/images/Fomitopsis_pinicola/328920730.jpg,Fomitopsis pinicola
data/images/Fomitopsis_pinicola/329994417.jpg,Fomitopsis pinicola
data/images/Fomitopsis_pinicola/330442398.jpg,Fomitopsis pinicola
data/images/Fomitopsis_pinicola/330838552.jpg,Fomitopsis pinicola
data/images/Fomitopsis_pinicola/331783410.jpg,Fomitopsis pinicola
data/images/Fomitopsis_pinicola/332759174.jpg,Fomitopsis pinicola
data/images/Fomitopsis_pinicola/335197483.jpg,Fomitopsis pinicola
data/images/Fomitopsis_pinicola/335737746.jpg,Fomitopsis pinicola
data/images/Fomitopsis_pinicola/337430794.jpg,Fomitopsis pinicola
data/images/Fomitopsis_pinicola/340146459.jpg,Fomitopsis pinicola
data/images/Fomitopsis_pinicola/341082358.jpg,Fomitopsis pinicola
data/images/Fomitopsis_pinicola/343469083.jpg,Fomitopsis pinicola
data/images/Fomitopsis_pinicola/343791984.jpg,Fomitopsis pinicola
data/images/Fomitopsis_pinicola/344163118.jpg,Fomitopsis pinicola
data/images/Fomitopsis_pinicola/344901983.jpg,Fomitopsis pinicola
data/images/Fomitopsis_pinicola/345284980.jpg,Fomitopsis pinicola
data/images/Fomitopsis_pinicola/346593926.jpg,Fomitopsis pinicola
data/images/Fomitopsis_pinicola/346978232.jpg,Fomitopsis pinicola
data/images/Fomitopsis_pinicola/347248807.jpg,Fomitopsis pinicola
data/images/Fomitopsis_pinicola/347294694.jpg,Fomitopsis pinicola
data/images/Fomitopsis_pinicola/349050401.jpg,Fomitopsis pinicola
data/images/Trametes_versicolor/100263752.jpg,Trametes versicolor
data/images/Trametes_versicolor/100383482.jpg,Trametes versicolor
data/images/Trametes_versicolor/100491402.jpg,Trametes versicolor
data/images/Trametes_versicolor/100586746.jpg,Trametes versicolor
data/images/Trametes_versicolor/101518372.jpg,Trametes versicolor
data/images/Trametes_versicolor/101755855.jpg,Trametes versicolor
data/images/Trametes_versicolor/102764798.jpg,Trametes versicolor
data/images/Trametes_versicolor/103304734.jpg,Trametes versicolor
data/images/Trametes_versicolor/103770576.jpg,Trametes versicolor
data/images/Trametes_versicolor/104095427.jpg,Trametes versicolor
data/images/Trametes_versicolor/104096437.jpg,Trametes versicolor
data/images/Trametes_versicolor/104765799.jpg,Trametes versicolor
data/images/Trametes_versicolor/104917929.jpg,Trametes versicolor
data/images/Trametes_versicolor/106376916.jpg,Trametes versicolor
data/images/Trametes_versicolor/107476141.jpg,Trametes versicolor
data/images/Trametes_versicolor/107820017.jpg,Trametes versicolor
data/images/Trametes_versicolor/108226417.jpg,Trametes versicolor
data/images/Trametes_versicolor/108721829.jpg,Trametes versicolor
data/images/Trametes_versicolor/108722132.jpg,Trametes versicolor
data/images/Trametes_versicolor/108864631.jpg,Trametes versicolor
data/images/Trametes_versicolor/109220062.jpg,Trametes versicolor
data/images/Trametes_versicolor/109629598.jpg,Trametes versicolor
data/images/Trametes_versicolor/109843783.jpg,Trametes versicolor
data/images/Trametes_versicolor/109997075.jpg,Trametes versicolor
data/images/Trametes_versicolor/110836539.jpg,Trametes versicolor
data/images/Trametes_versicolor/111065251.jpg,Trametes versicolor
data/images/Trametes_versicolor/111086095.jpg,Trametes versicolor
data/images/Trametes_versicolor/111400799.jpg,Trametes versicolor
data/images/Trametes_versicolor/111408563.jpg,Trametes versicolor
data/images/Trametes_versicolor/111418688.jpg,Trametes versicolor
data/images/Trametes_versicolor/111636247.jpg,Trametes versicolor
data/images/Trametes_versicolor/111636426.jpg,Trametes versicolor
data/images/Trametes_versicolor/111923802.jpg,Trametes versicolor
data/images/Trametes_versicolor/112069526.jpg,Trametes versicolor
data/images/Trametes_versicolor/112679316.jpg,Trametes versicolor
data/images/Trametes_versicolor/112944485.jpg,Trametes versicolor
data/images/Trametes_versicolor/113063955.jpg,Trametes versicolor
data/images/Trametes_versicolor/113229397.jpg,Trametes versicolor
data/images/Trametes_versicolor/113915528.jpg,Trametes versicolor
data/images/Trametes_versicolor/115151629.jpg,Trametes versicolor
data/images/Trametes_versicolor/115702874.jpg,Trametes versicolor
data/images/Trametes_versicolor/116075526.jpg,Trametes versicolor
data/images/Trametes_versicolor/116535063.jpg,Trametes versicolor
data/images/Trametes_versicolor/116828006.jpg,Trametes versicolor
data/images/Trametes_versicolor/117495705.jpg,Trametes versicolor
data/images/Trametes_versicolor/117577568.jpg,Trametes versicolor
data/images/Trametes_versicolor/118333037.jpg,Trametes versicolor
data/images/Trametes_versicolor/119090343.jpg,Trametes versicolor
data/images/Trametes_versicolor/121075031.jpg,Trametes versicolor
data/images/Trametes_versicolor/121372388.jpg,Trametes versicolor
data/images/Trametes_versicolor/124162255.jpg,Trametes versicolor
data/images/Trametes_versicolor/126047072.jpg,Trametes versicolor
data/images/Trametes_versicolor/127329465.jpg,Trametes versicolor
data/images/Trametes_versicolor/128763321.jpg,Trametes versicolor
data/images/Trametes_versicolor/132382244.jpg,Trametes versicolor
data/images/Trametes_versicolor/136146036.jpg,Trametes versicolor
data/images/Trametes_versicolor/136323454.jpg,Trametes versicolor
data/images/Trametes_versicolor/137406446.jpg,Trametes versicolor
data/images/Trametes_versicolor/137727015.jpg,Trametes versicolor
data/images/Trametes_versicolor/137987762.jpg,Trametes versicolor
data/images/Trametes_versicolor/138006111.jpg,Trametes versicolor
data/images/Trametes_versicolor/138594571.jpg,Trametes versicolor
data/images/Trametes_versicolor/138838896.jpg,Trametes versicolor
data/images/Trametes_versicolor/139747072.jpg,Trametes versicolor
data/images/Trametes_versicolor/140315962.jpg,Trametes versicolor
data/images/Trametes_versicolor/140367440.jpg,Trametes versicolor
data/images/Trametes_versicolor/140971881.jpg,Trametes versicolor
data/images/Trametes_versicolor/141143435.jpg,Trametes versicolor
data/images/Trametes_versicolor/141776489.jpg,Trametes versicolor
data/images/Trametes_versicolor/141881905.jpg,Trametes versicolor
data/images/Trametes_versicolor/143263431.jpg,Trametes versicolor
data/images/Trametes_versicolor/143633862.jpg,Trametes versicolor
data/images/Trametes_versicolor/143715854.jpg,Trametes versicolor
data/images/Trametes_versicolor/144922039.jpg,Trametes versicolor
data/images/Trametes_versicolor/145070795.jpg,Trametes versicolor
data/images/Trametes_versicolor/145769308.jpg,Trametes versicolor
data/images/Trametes_versicolor/146214316.jpg,Trametes versicolor
data/images/Trametes_versicolor/146548291.jpg,Trametes versicolor
data/images/Trametes_versicolor/146767616.jpg,Trametes versicolor
data/images/Trametes_versicolor/147187045.jpg,Trametes versicolor
data/images/Trametes_versicolor/148090838.jpg,Trametes versicolor
data/images/Trametes_versicolor/148687501.jpg,Trametes versicolor
data/images/Trametes_versicolor/149055382.jpg,Trametes versicolor
data/images/Trametes_versicolor/150408970.jpg,Trametes versicolor
data/images/Trametes_versicolor/150848004.jpg,Trametes versicolor
data/images/Trametes_versicolor/152373280.jpg,Trametes versicolor
data/images/Trametes_versicolor/153338444.jpg,Trametes versicolor
data/images/Trametes_versicolor/153546872.jpg,Trametes versicolor
data/images/Trametes_versicolor/153567867.jpg,Trametes versicolor
data/images/Trametes_versicolor/154321081.jpg,Trametes versicolor
data/images/Trametes_versicolor/154541476.jpg,Trametes versicolor
data/images/Trametes_versicolor/154557481.jpg,Trametes versicolor
data/images/Trametes_versicolor/155118671.jpg,Trametes versicolor
data/images/Trametes_versicolor/156600525.jpg,Trametes versicolor
data/images/Trametes_versicolor/157033588.jpg,Trametes versicolor
data/images/Trametes_versicolor/159443430.jpg,Trametes versicolor
data/images/Trametes_versicolor/159840632.jpg,Trametes versicolor
data/images/Trametes_versicolor/160870866.jpg,Trametes versicolor
data/images/Trametes_versicolor/161760269.jpg,Trametes versicolor
data/images/Trametes_versicolor/162854677.jpg,Trametes versicolor
data/images/Trametes_versicolor/163677283.jpg,Trametes versicolor
data/images/Trametes_versicolor/164213052.jpg,Trametes versicolor
data/images/Trametes_versicolor/164686357.jpg,Trametes versicolor
data/images/Trametes_versicolor/165282537.jpg,Trametes versicolor
data/images/Trametes_versicolor/165407993.jpg,Trametes versicolor
data/images/Trametes_versicolor/174241313.jpg,Trametes versicolor
data/images/Trametes_versicolor/174898539.jpg,Trametes versicolor
data/images/Trametes_versicolor/179033753.jpg,Trametes versicolor
data/images/Trametes_versicolor/180617184.jpg,Trametes versicolor
data/images/Trametes_versicolor/187621226.jpg,Trametes versicolor
data/images/Trametes_versicolor/187631287.jpg,Trametes versicolor
data/images/Trametes_versicolor/189933697.jpg,Trametes versicolor
data/images/Trametes_versicolor/193857589.jpg,Trametes versicolor
data/images/Trametes_versicolor/195299690.jpg,Trametes versicolor
data/images/Trametes_versicolor/195455585.jpg,Trametes versicolor
data/images/Trametes_versicolor/199779359.jpg,Trametes versicolor
data/images/Trametes_versicolor/200715959.jpg,Trametes versicolor
data/images/Trametes_versicolor/200919733.jpg,Trametes versicolor
data/images/Trametes_versicolor/200984401.jpg,Trametes versicolor
data/images/Trametes_versicolor/201135698.jpg,Trametes versicolor
data/images/Trametes_versicolor/201563260.jpg,Trametes versicolor
data/images/Trametes_versicolor/202566842.jpg,Trametes versicolor
data/images/Trametes_versicolor/203222465.jpg,Trametes versicolor
data/images/Trametes_versicolor/204035781.jpg,Trametes versicolor
data/images/Trametes_versicolor/204418828.jpg,Trametes versicolor
data/images/Trametes_versicolor/206961645.jpg,Trametes versicolor
data/images/Trametes_versicolor/209275959.jpg,Trametes versicolor
data/images/Trametes_versicolor/211506370.jpg,Trametes versicolor
data/images/Trametes_versicolor/225594427.jpg,Trametes versicolor
data/images/Trametes_versicolor/226157212.jpg,Trametes versicolor
data/images/Trametes_versicolor/234166179.jpg,Trametes versicolor
data/images/Trametes_versicolor/238920653.jpg,Trametes versicolor
data/images/Trametes_versicolor/242276290.jpg,Trametes versicolor
data/images/Trametes_versicolor/244463419.jpg,Trametes versicolor
data/images/Trametes_versicolor/244683060.jpg,Trametes versicolor
data/images/Trametes_versicolor/245763328.jpg,Trametes versicolor
data/images/Trametes_versicolor/247284998.jpg,Trametes versicolor
data/images/Trametes_versicolor/247634189.jpg,Trametes versicolor
data/images/Trametes_versicolor/248443285.jpg,Trametes versicolor
data/images/Trametes_versicolor/249129496.jpg,Trametes versicolor
data/images/Trametes_versicolor/249158438.jpg,Trametes versicolor
data/images/Trametes_versicolor/249289959.jpg,Trametes versicolor
data/images/Trametes_versicolor/249865673.jpg,Trametes versicolor
data/images/Trametes_versicolor/250278317.jpg,Trametes versicolor
data/images/Trametes_versicolor/251300615.jpg,Trametes versicolor
data/images/Trametes_versicolor/253771242.jpg,Trametes versicolor
data/images/Trametes_versicolor/254903742.jpg,Trametes versicolor
data/images/Trametes_versicolor/255424002.jpg,Trametes versicolor
data/images/Trametes_versicolor/255424010.jpg,Trametes versicolor
data/images/Trametes_versicolor/255424024.jpg,Trametes versicolor
data/images/Trametes_versicolor/255424047.jpg,Trametes versicolor
data/images/Trametes_versicolor/255759738.jpg,Trametes versicolor
data/images/Trametes_versicolor/255875542.jpg,Trametes versicolor
data/images/Trametes_versicolor/256287948.jpg,Trametes versicolor
data/images/Trametes_versicolor/256512189.jpg,Trametes versicolor
data/images/Trametes_versicolor/256997190.jpg,Trametes versicolor
data/images/Trametes_versicolor/258264215.jpg,Trametes versicolor
data/images/Trametes_versicolor/259159086.jpg,Trametes versicolor
data/images/Trametes_versicolor/259519615.jpg,Trametes versicolor
data/images/Trametes_versicolor/259657267.jpg,Trametes versicolor
data/images/Trametes_versicolor/259661898.jpg,Trametes versicolor
data/images/Trametes_versicolor/260373129.jpg,Trametes versicolor
data/images/Trametes_versicolor/260376454.jpg,Trametes versicolor
data/images/Trametes_versicolor/261127424.jpg,Trametes versicolor
data/images/Trametes_versicolor/261351396.jpg,Trametes versicolor
data/images/Trametes_versicolor/262261129.jpg,Trametes versicolor
data/images/Trametes_versicolor/262693844.jpg,Trametes versicolor
data/images/Trametes_versicolor/265411952.jpg,Trametes versicolor
data/images/Trametes_versicolor/266527884.jpg,Trametes versicolor
data/images/Trametes_versicolor/266628815.jpg,Trametes versicolor
data/images/Trametes_versicolor/267080927.jpg,Trametes versicolor
data/images/Trametes_versicolor/267718910.jpg,Trametes versicolor
data/images/Trametes_versicolor/267866836.jpg,Trametes versicolor
data/images/Trametes_versicolor/269100231.jpg,Trametes versicolor
data/images/Trametes_versicolor/269181180.jpg,Trametes versicolor
data/images/Trametes_versicolor/269354247.jpg,Trametes versicolor
data/images/Trametes_versicolor/269578489.jpg,Trametes versicolor
data/images/Trametes_versicolor/270578482.jpg,Trametes versicolor
data/images/Trametes_versicolor/270809117.jpg,Trametes versicolor
data/images/Trametes_versicolor/271692084.jpg,Trametes versicolor
data/images/Trametes_versicolor/273747752.jpg,Trametes versicolor
data/images/Trametes_versicolor/275760823.jpg,Trametes versicolor
data/images/Trametes_versicolor/275983879.jpg,Trametes versicolor
data/images/Trametes_versicolor/277298391.jpg,Trametes versicolor
data/images/Trametes_versicolor/278323292.jpg,Trametes versicolor
data/images/Trametes_versicolor/279549042.jpg,Trametes versicolor
data/images/Trametes_versicolor/280483822.jpg,Trametes versicolor
data/images/Trametes_versicolor/281753470.jpg,Trametes versicolor
data/images/Trametes_versicolor/284856022.jpg,Trametes versicolor
data/images/Trametes_versicolor/286494858.jpg,Trametes versicolor
data/images/Trametes_versicolor/286770077.jpg,Trametes versicolor
data/images/Trametes_versicolor/287580939.jpg,Trametes versicolor
data/images/Trametes_versicolor/292166668.jpg,Trametes versicolor
data/images/Trametes_versicolor/297834139.jpg,Trametes versicolor
data/images/Trametes_versicolor/298414869.jpg,Trametes versicolor
data/images/Trametes_versicolor/298415350.jpg,Trametes versicolor
data/images/Trametes_versicolor/307074713.jpg,Trametes versicolor
data/images/Trametes_versicolor/308161006.jpg,Trametes versicolor
data/images/Trametes_versicolor/310469189.jpg,Trametes versicolor
data/images/Trametes_versicolor/317214463.jpg,Trametes versicolor
data/images/Trametes_versicolor/328340481.jpg,Trametes versicolor
data/images/Trametes_versicolor/329971101.jpg,Trametes versicolor
data/images/Trametes_versicolor/331659310.jpg,Trametes versicolor
data/images/Trametes_versicolor/333010479.jpg,Trametes versicolor
data/images/Trametes_versicolor/333010857.jpg,Trametes versicolor
data/images/Trametes_versicolor/333139759.jpg,Trametes versicolor
data/images/Trametes_versicolor/333147614.jpg,Trametes versicolor
data/images/Trametes_versicolor/333471610.jpg,Trametes versicolor
data/images/Trametes_versicolor/339588920.jpg,Trametes versicolor
data/images/Trametes_versicolor/340494470.jpg,Trametes versicolor
data/images/Trametes_versicolor/341241513.jpg,Trametes versicolor
data/images/Trametes_versicolor/342139771.jpg,Trametes versicolor
data/images/Trametes_versicolor/343462733.jpg,Trametes versicolor
data/images/Trametes_versicolor/344660305.jpg,Trametes versicolor
data/images/Trametes_versicolor/345920655.jpg,Trametes versicolor
data/images/Trametes_versicolor/346562290.jpg,Trametes versicolor
data/images/Trametes_versicolor/346580847.jpg,Trametes versicolor
data/images/Trametes_versicolor/346825164.jpg,Trametes versicolor
data/images/Trametes_versicolor/349049816.jpg,Trametes versicolor
data/images/Trametes_versicolor/349303280.jpg,Trametes versicolor
data/images/Trametes_versicolor/58840760.jpg,Trametes versicolor
data/images/Trametes_versicolor/59587673.jpg,Trametes versicolor
data/images/Trametes_versicolor/59764866.jpg,Trametes versicolor
data/images/Trametes_versicolor/61848500.jpg,Trametes versicolor
data/images/Trametes_versicolor/62100785.jpg,Trametes versicolor
data/images/Trametes_versicolor/62108587.jpg,Trametes versicolor
data/images/Trametes_versicolor/62123344.jpg,Trametes versicolor
data/images/Trametes_versicolor/62279780.jpg,Trametes versicolor
data/images/Trametes_versicolor/62284325.jpg,Trametes versicolor
data/images/Trametes_versicolor/62389963.jpg,Trametes versicolor
data/images/Trametes_versicolor/62549691.jpg,Trametes versicolor
data/images/Trametes_versicolor/62560260.jpg,Trametes versicolor
data/images/Trametes_versicolor/62788075.jpg,Trametes versicolor
data/images/Trametes_versicolor/62788509.jpg,Trametes versicolor
data/images/Trametes_versicolor/63378247.jpg,Trametes versicolor
data/images/Trametes_versicolor/63378365.jpg,Trametes versicolor
data/images/Trametes_versicolor/63787257.jpg,Trametes versicolor
data/images/Trametes_versicolor/64110616.jpg,Trametes versicolor
data/images/Trametes_versicolor/64351891.jpg,Trametes versicolor
data/images/Trametes_versicolor/64792271.jpg,Trametes versicolor
data/images/Trametes_versicolor/65142935.jpg,Trametes versicolor
data/images/Trametes_versicolor/65143499.jpg,Trametes versicolor
data/images/Trametes_versicolor/65746743.jpg,Trametes versicolor
data/images/Trametes_versicolor/66331076.jpg,Trametes versicolor
data/images/Trametes_versicolor/66390993.jpg,Trametes versicolor
data/images/Trametes_versicolor/66518307.jpg,Trametes versicolor
data/images/Trametes_versicolor/66568205.jpg,Trametes versicolor
data/images/Trametes_versicolor/66868228.jpg,Trametes versicolor
data/images/Trametes_versicolor/66960941.jpg,Trametes versicolor
data/images/Trametes_versicolor/67189204.jpg,Trametes versicolor
data/images/Trametes_versicolor/67302291.jpg,Trametes versicolor
data/images/Trametes_versicolor/67304621.jpg,Trametes versicolor
data/images/Trametes_versicolor/67401994.jpg,Trametes versicolor
data/images/Trametes_versicolor/67514058.jpg,Trametes versicolor
data/images/Trametes_versicolor/67793163.jpg,Trametes versicolor
data/images/Trametes_versicolor/68051410.jpg,Trametes versicolor
data/images/Trametes_versicolor/68211113.jpg,Trametes versicolor
data/images/Trametes_versicolor/68267914.jpg,Trametes versicolor
data/images/Trametes_versicolor/68485971.jpg,Trametes versicolor
data/images/Trametes_versicolor/68541863.jpg,Trametes versicolor
data/images/Trametes_versicolor/68605944.jpg,Trametes versicolor
data/images/Trametes_versicolor/68658532.jpg,Trametes versicolor
data/images/Trametes_versicolor/68824792.jpg,Trametes versicolor
data/images/Trametes_versicolor/69610913.jpg,Trametes versicolor
data/images/Trametes_versicolor/69613562.jpg,Trametes versicolor
data/images/Trametes_versicolor/70040605.jpg,Trametes versicolor
data/images/Trametes_versicolor/70079806.jpg,Trametes versicolor
data/images/Trametes_versicolor/70311801.jpg,Trametes versicolor
data/images/Trametes_versicolor/70312678.jpg,Trametes versicolor
data/images/Trametes_versicolor/70312695.jpg,Trametes versicolor
data/images/Trametes_versicolor/70332813.jpg,Trametes versicolor
data/images/Trametes_versicolor/70462436.jpg,Trametes versicolor
data/images/Trametes_versicolor/70739515.jpg,Trametes versicolor
data/images/Trametes_versicolor/70758579.jpg,Trametes versicolor
data/images/Trametes_versicolor/70932470.jpg,Trametes versicolor
data/images/Trametes_versicolor/70932485.jpg,Trametes versicolor
data/images/Trametes_versicolor/71201385.jpg,Trametes versicolor
data/images/Trametes_versicolor/71203950.jpg,Trametes versicolor
data/images/Trametes_versicolor/71419044.jpg,Trametes versicolor
data/images/Trametes_versicolor/71553071.jpg,Trametes versicolor
data/images/Trametes_versicolor/71689842.jpg,Trametes versicolor
data/images/Trametes_versicolor/71712232.jpg,Trametes versicolor
data/images/Trametes_versicolor/71792686.jpg,Trametes versicolor
data/images/Trametes_versicolor/71866259.jpg,Trametes versicolor
data/images/Trametes_versicolor/72110445.jpg,Trametes versicolor
data/images/Trametes_versicolor/72346247.jpg,Trametes versicolor
data/images/Trametes_versicolor/72441516.jpg,Trametes versicolor
data/images/Trametes_versicolor/72515539.jpg,Trametes versicolor
data/images/Trametes_versicolor/72516292.jpg,Trametes versicolor
data/images/Trametes_versicolor/72774566.jpg,Trametes versicolor
data/images/Trametes_versicolor/73002406.jpg,Trametes versicolor
data/images/Trametes_versicolor/73293943.jpg,Trametes versicolor
data/images/Trametes_versicolor/73399154.jpg,Trametes versicolor
data/images/Trametes_versicolor/73493840.jpg,Trametes versicolor
data/images/Trametes_versicolor/73493893.jpg,Trametes versicolor
data/images/Trametes_versicolor/73755202.jpg,Trametes versicolor
data/images/Trametes_versicolor/73791460.jpg,Trametes versicolor
data/images/Trametes_versicolor/74130022.jpg,Trametes versicolor
data/images/Trametes_versicolor/74350198.jpg,Trametes versicolor
data/images/Trametes_versicolor/74837249.jpg,Trametes versicolor
data/images/Trametes_versicolor/74853814.jpg,Trametes versicolor
data/images/Trametes_versicolor/74935329.jpg,Trametes versicolor
data/images/Trametes_versicolor/75016933.jpg,Trametes versicolor
data/images/Trametes_versicolor/75061230.jpg,Trametes versicolor
data/images/Trametes_versicolor/75152397.jpg,Trametes versicolor
data/images/Trametes_versicolor/75530065.jpg,Trametes versicolor
data/images/Trametes_versicolor/75533055.jpg,Trametes versicolor
data/images/Trametes_versicolor/75848957.jpg,Trametes versicolor
data/images/Trametes_versicolor/76877317.jpg,Trametes versicolor
data/images/Trametes_versicolor/76877409.jpg,Trametes versicolor
data/images/Trametes_versicolor/77604150.jpg,Trametes versicolor
data/images/Trametes_versicolor/77884494.jpg,Trametes versicolor
data/images/Trametes_versicolor/78568519.jpg,Trametes versicolor
data/images/Trametes_versicolor/79122055.jpg,Trametes versicolor
data/images/Trametes_versicolor/80087525.jpg,Trametes versicolor
data/images/Trametes_versicolor/82045360.jpg,Trametes versicolor
data/images/Trametes_versicolor/82522007.jpg,Trametes versicolor
data/images/Trametes_versicolor/82528667.jpg,Trametes versicolor
data/images/Trametes_versicolor/82805478.jpg,Trametes versicolor
data/images/Trametes_versicolor/82821881.jpg,Trametes versicolor
data/images/Trametes_versicolor/83610432.jpg,Trametes versicolor
data/images/Trametes_versicolor/83959428.jpg,Trametes versicolor
data/images/Trametes_versicolor/84760972.jpg,Trametes versicolor
data/images/Trametes_versicolor/84954653.jpg,Trametes versicolor
data/images/Trametes_versicolor/84999143.jpg,Trametes versicolor
data/images/Trametes_versicolor/92330510.jpg,Trametes versicolor
data/images/Trametes_versicolor/93748458.jpg,Trametes versicolor
data/images/Trametes_versicolor/95386737.jpg,Trametes versicolor
data/images/Trametes_versicolor/95427196.jpg,Trametes versicolor
data/images/Trametes_versicolor/96194842.jpg,Trametes versicolor
data/images/Trametes_versicolor/96201668.jpg,Trametes versicolor
data/images/Trametes_versicolor/97015533.jpg,Trametes versicolor
data/images/Trametes_versicolor/97799640.jpg,Trametes versicolor
data/images/Trametes_versicolor/98394659.jpg,Trametes versicolor
data/images/Trametes_versicolor/98501388.jpg,Trametes versicolor
data/images/Trametes_versicolor/98641740.jpg,Trametes versicolor
data/images/Trametes_versicolor/98695895.jpg,Trametes versicolor
data/images/Trametes_versicolor/98870686.jpg,Trametes versicolor
data/images/Trametes_versicolor/99075426.jpg,Trametes versicolor
data/images/Trametes_versicolor/99224474.jpg,Trametes versicolor
data/images/Trametes_versicolor/99776843.jpg,Trametes versicolor
data/images/Oudemansiella_mucida/100217276.jpg,Oudemansiella mucida
data/images/Oudemansiella_mucida/100393348.jpg,Oudemansiella mucida
data/images/Oudemansiella_mucida/100475401.jpg,Oudemansiella mucida
data/images/Oudemansiella_mucida/100594250.jpg,Oudemansiella mucida
data/images/Oudemansiella_mucida/100999974.jpg,Oudemansiella mucida
data/images/Oudemansiella_mucida/101090666.jpg,Oudemansiella mucida
data/images/Oudemansiella_mucida/101091093.jpg,Oudemansiella mucida
data/images/Oudemansiella_mucida/101527808.jpg,Oudemansiella mucida
data/images/Oudemansiella_mucida/101698730.jpg,Oudemansiella mucida
data/images/Oudemansiella_mucida/101703066.jpg,Oudemansiella mucida
data/images/Oudemansiella_mucida/101875462.jpg,Oudemansiella mucida
data/images/Oudemansiella_mucida/108872531.jpg,Oudemansiella mucida
data/images/Oudemansiella_mucida/132603287.jpg,Oudemansiella mucida
data/images/Oudemansiella_mucida/134755435.jpg,Oudemansiella mucida
data/images/Oudemansiella_mucida/135348207.jpg,Oudemansiella mucida
data/images/Oudemansiella_mucida/135835497.jpg,Oudemansiella mucida
data/images/Oudemansiella_mucida/136312318.jpg,Oudemansiella mucida
data/images/Oudemansiella_mucida/136319846.jpg,Oudemansiella mucida
data/images/Oudemansiella_mucida/136556089.jpg,Oudemansiella mucida
data/images/Oudemansiella_mucida/137015869.jpg,Oudemansiella mucida
data/images/Oudemansiella_mucida/137272531.jpg,Oudemansiella mucida
data/images/Oudemansiella_mucida/137277587.jpg,Oudemansiella mucida
data/images/Oudemansiella_mucida/137388693.jpg,Oudemansiella mucida
data/images/Oudemansiella_mucida/137550228.jpg,Oudemansiella mucida
data/images/Oudemansiella_mucida/137630202.jpg,Oudemansiella mucida
data/images/Oudemansiella_mucida/137648903.jpg,Oudemansiella mucida
data/images/Oudemansiella_mucida/137723996.jpg,Oudemansiella mucida
data/images/Oudemansiella_mucida/137730127.jpg,Oudemansiella mucida
data/images/Oudemansiella_mucida/137750981.jpg,Oudemansiella mucida
data/images/Oudemansiella_mucida/137840675.jpg,Oudemansiella mucida
data/images/Oudemansiella_mucida/137846190.jpg,Oudemansiella mucida
data/images/Oudemansiella_mucida/137846239.jpg,Oudemansiella mucida
data/images/Oudemansiella_mucida/137860265.jpg,Oudemansiella mucida
data/images/Oudemansiella_mucida/137966912.jpg,Oudemansiella mucida
data/images/Oudemansiella_mucida/137967503.jpg,Oudemansiella mucida
data/images/Oudemansiella_mucida/137976035.jpg,Oudemansiella mucida
data/images/Oudemansiella_mucida/138027232.jpg,Oudemansiella mucida
data/images/Oudemansiella_mucida/138099731.jpg,Oudemansiella mucida
data/images/Oudemansiella_mucida/138112120.jpg,Oudemansiella mucida
data/images/Oudemansiella_mucida/138150404.jpg,Oudemansiella mucida
data/images/Oudemansiella_mucida/138275117.jpg,Oudemansiella mucida
data/images/Oudemansiella_mucida/138375913.jpg,Oudemansiella mucida
data/images/Oudemansiella_mucida/138390237.jpg,Oudemansiella mucida
data/images/Oudemansiella_mucida/138715398.jpg,Oudemansiella mucida
data/images/Oudemansiella_mucida/138755468.jpg,Oudemansiella mucida
data/images/Oudemansiella_mucida/138812462.jpg,Oudemansiella mucida
data/images/Oudemansiella_mucida/138824852.jpg,Oudemansiella mucida
data/images/Oudemansiella_mucida/138830160.jpg,Oudemansiella mucida
data/images/Oudemansiella_mucida/138859431.jpg,Oudemansiella mucida
data/images/Oudemansiella_mucida/138868113.jpg,Oudemansiella mucida
data/images/Oudemansiella_mucida/138969144.jpg,Oudemansiella mucida
data/images/Oudemansiella_mucida/139000835.jpg,Oudemansiella mucida
data/images/Oudemansiella_mucida/139000855.jpg,Oudemansiella mucida
data/images/Oudemansiella_mucida/139113445.jpg,Oudemansiella mucida
data/images/Oudemansiella_mucida/139200682.jpg,Oudemansiella mucida
data/images/Oudemansiella_mucida/139222571.jpg,Oudemansiella mucida
data/images/Oudemansiella_mucida/139224719.jpg,Oudemansiella mucida
data/images/Oudemansiella_mucida/139311314.jpg,Oudemansiella mucida
data/images/Oudemansiella_mucida/139327477.jpg,Oudemansiella mucida
data/images/Oudemansiella_mucida/139415857.jpg,Oudemansiella mucida
data/images/Oudemansiella_mucida/139417450.jpg,Oudemansiella mucida
data/images/Oudemansiella_mucida/139434538.jpg,Oudemansiella mucida
data/images/Oudemansiella_mucida/139518297.jpg,Oudemansiella mucida
data/images/Oudemansiella_mucida/139518737.jpg,Oudemansiella mucida
data/images/Oudemansiella_mucida/139538664.jpg,Oudemansiella mucida
data/images/Oudemansiella_mucida/139600150.jpg,Oudemansiella mucida
data/images/Oudemansiella_mucida/139624844.jpg,Oudemansiella mucida
data/images/Oudemansiella_mucida/139624880.jpg,Oudemansiella mucida
data/images/Oudemansiella_mucida/139627293.jpg,Oudemansiella mucida
data/images/Oudemansiella_mucida/139728530.jpg,Oudemansiella mucida
data/images/Oudemansiella_mucida/139744127.jpg,Oudemansiella mucida
data/images/Oudemansiella_mucida/139764462.jpg,Oudemansiella mucida
data/images/Oudemansiella_mucida/139847580.jpg,Oudemansiella mucida
data/images/Oudemansiella_mucida/140061350.jpg,Oudemansiella mucida
data/images/Oudemansiella_mucida/140143054.jpg,Oudemansiella mucida
data/images/Oudemansiella_mucida/140243153.jpg,Oudemansiella mucida
data/images/Oudemansiella_mucida/140500261.jpg,Oudemansiella mucida
data/images/Oudemansiella_mucida/140687825.jpg,Oudemansiella mucida
data/images/Oudemansiella_mucida/141148042.jpg,Oudemansiella mucida
data/images/Oudemansiella_mucida/151479944.jpg,Oudemansiella mucida
data/images/Oudemansiella_mucida/152289484.jpg,Oudemansiella mucida
data/images/Oudemansiella_mucida/158553967.jpg,Oudemansiella mucida
data/images/Oudemansiella_mucida/161211336.jpg,Oudemansiella mucida
data/images/Oudemansiella_mucida/174511080.jpg,Oudemansiella mucida
data/images/Oudemansiella_mucida/182339154.jpg,Oudemansiella mucida
data/images/Oudemansiella_mucida/186453360.jpg,Oudemansiella mucida
data/images/Oudemansiella_mucida/187663218.jpg,Oudemansiella mucida
data/images/Oudemansiella_mucida/188674156.jpg,Oudemansiella mucida
data/images/Oudemansiella_mucida/188710639.jpg,Oudemansiella mucida
data/images/Oudemansiella_mucida/189624376.jpg,Oudemansiella mucida
data/images/Oudemansiella_mucida/189752477.jpg,Oudemansiella mucida
data/images/Oudemansiella_mucida/189766080.jpg,Oudemansiella mucida
data/images/Oudemansiella_mucida/189828732.jpg,Oudemansiella mucida
data/images/Oudemansiella_mucida/189864405.jpg,Oudemansiella mucida
data/images/Oudemansiella_mucida/190107007.jpg,Oudemansiella mucida
data/images/Oudemansiella_mucida/190192897.jpg,Oudemansiella mucida
data/images/Oudemansiella_mucida/190208011.jpg,Oudemansiella mucida
data/images/Oudemansiella_mucida/190292674.jpg,Oudemansiella mucida
data/images/Oudemansiella_mucida/190302468.jpg,Oudemansiella mucida
data/images/Oudemansiella_mucida/190309943.jpg,Oudemansiella mucida
data/images/Oudemansiella_mucida/190337524.jpg,Oudemansiella mucida
data/images/Oudemansiella_mucida/190338158.jpg,Oudemansiella mucida
data/images/Oudemansiella_mucida/190398793.jpg,Oudemansiella mucida
data/images/Oudemansiella_mucida/190497845.jpg,Oudemansiella mucida
data/images/Oudemansiella_mucida/190505420.jpg,Oudemansiella mucida
data/images/Oudemansiella_mucida/190505659.jpg,Oudemansiella mucida
data/images/Oudemansiella_mucida/190567594.jpg,Oudemansiella mucida
data/images/Oudemansiella_mucida/190776819.jpg,Oudemansiella mucida
data/images/Oudemansiella_mucida/190902796.jpg,Oudemansiella mucida
data/images/Oudemansiella_mucida/191099325.jpg,Oudemansiella mucida
data/images/Oudemansiella_mucida/191362042.jpg,Oudemansiella mucida
data/images/Oudemansiella_mucida/191388489.jpg,Oudemansiella mucida
data/images/Oudemansiella_mucida/191472689.jpg,Oudemansiella mucida
data/images/Oudemansiella_mucida/191666478.jpg,Oudemansiella mucida
data/images/Oudemansiella_mucida/191933923.jpg,Oudemansiella mucida
data/images/Oudemansiella_mucida/192244540.jpg,Oudemansiella mucida
data/images/Oudemansiella_mucida/207370867.jpg,Oudemansiella mucida
data/images/Oudemansiella_mucida/212842794.jpg,Oudemansiella mucida
data/images/Oudemansiella_mucida/243560342.jpg,Oudemansiella mucida
data/images/Oudemansiella_mucida/243750151.jpg,Oudemansiella mucida
data/images/Oudemansiella_mucida/244285973.jpg,Oudemansiella mucida
data/images/Oudemansiella_mucida/244286182.jpg,Oudemansiella mucida
data/images/Oudemansiella_mucida/244915182.jpg,Oudemansiella mucida
data/images/Oudemansiella_mucida/245095569.jpg,Oudemansiella mucida
data/images/Oudemansiella_mucida/245212232.jpg,Oudemansiella mucida
data/images/Oudemansiella_mucida/245255386.jpg,Oudemansiella mucida
data/images/Oudemansiella_mucida/245554163.jpg,Oudemansiella mucida
data/images/Oudemansiella_mucida/245558289.jpg,Oudemansiella mucida
data/images/Oudemansiella_mucida/245562759.jpg,Oudemansiella mucida
data/images/Oudemansiella_mucida/245626243.jpg,Oudemansiella mucida
data/images/Oudemansiella_mucida/245723229.jpg,Oudemansiella mucida
data/images/Oudemansiella_mucida/245728169.jpg,Oudemansiella mucida
data/images/Oudemansiella_mucida/245731303.jpg,Oudemansiella mucida
data/images/Oudemansiella_mucida/245758342.jpg,Oudemansiella mucida
data/images/Oudemansiella_mucida/245761106.jpg,Oudemansiella mucida
data/images/Oudemansiella_mucida/245938784.jpg,Oudemansiella mucida
data/images/Oudemansiella_mucida/245957950.jpg,Oudemansiella mucida
data/images/Oudemansiella_mucida/245972103.jpg,Oudemansiella mucida
data/images/Oudemansiella_mucida/246479283.jpg,Oudemansiella mucida
data/images/Oudemansiella_mucida/246481841.jpg,Oudemansiella mucida
data/images/Oudemansiella_mucida/246668981.jpg,Oudemansiella mucida
data/images/Oudemansiella_mucida/246918752.jpg,Oudemansiella mucida
data/images/Oudemansiella_mucida/246940437.jpg,Oudemansiella mucida
data/images/Oudemansiella_mucida/247106245.jpg,Oudemansiella mucida
data/images/Oudemansiella_mucida/247334054.jpg,Oudemansiella mucida
data/images/Oudemansiella_mucida/247464215.jpg,Oudemansiella mucida
data/images/Oudemansiella_mucida/247641210.jpg,Oudemansiella mucida
data/images/Oudemansiella_mucida/247895277.jpg,Oudemansiella mucida
data/images/Oudemansiella_mucida/247909281.jpg,Oudemansiella mucida
data/images/Oudemansiella_mucida/248037573.jpg,Oudemansiella mucida
data/images/Oudemansiella_mucida/248077349.jpg,Oudemansiella mucida
data/images/Oudemansiella_mucida/248236313.jpg,Oudemansiella mucida
data/images/Oudemansiella_mucida/248269346.jpg,Oudemansiella mucida
data/images/Oudemansiella_mucida/248306086.jpg,Oudemansiella mucida
data/images/Oudemansiella_mucida/248416595.jpg,Oudemansiella mucida
data/images/Oudemansiella_mucida/248429473.jpg,Oudemansiella mucida
data/images/Oudemansiella_mucida/248439514.jpg,Oudemansiella mucida
data/images/Oudemansiella_mucida/248457929.jpg,Oudemansiella mucida
data/images/Oudemansiella_mucida/248714357.jpg,Oudemansiella mucida
data/images/Oudemansiella_mucida/248800086.jpg,Oudemansiella mucida
data/images/Oudemansiella_mucida/248857582.jpg,Oudemansiella mucida
data/images/Oudemansiella_mucida/248865806.jpg,Oudemansiella mucida
data/images/Oudemansiella_mucida/248911970.jpg,Oudemansiella mucida
data/images/Oudemansiella_mucida/248997156.jpg,Oudemansiella mucida
data/images/Oudemansiella_mucida/249005585.jpg,Oudemansiella mucida
data/images/Oudemansiella_mucida/249137669.jpg,Oudemansiella mucida
data/images/Oudemansiella_mucida/249166567.jpg,Oudemansiella mucida
data/images/Oudemansiella_mucida/249167500.jpg,Oudemansiella mucida
data/images/Oudemansiella_mucida/249189819.jpg,Oudemansiella mucida
data/images/Oudemansiella_mucida/249296558.jpg,Oudemansiella mucida
data/images/Oudemansiella_mucida/249300002.jpg,Oudemansiella mucida
data/images/Oudemansiella_mucida/249316909.jpg,Oudemansiella mucida
data/images/Oudemansiella_mucida/249332193.jpg,Oudemansiella mucida
data/images/Oudemansiella_mucida/249333424.jpg,Oudemansiella mucida
data/images/Oudemansiella_mucida/249468123.jpg,Oudemansiella mucida
data/images/Oudemansiella_mucida/249489681.jpg,Oudemansiella mucida
data/images/Oudemansiella_mucida/249983641.jpg,Oudemansiella mucida
data/images/Oudemansiella_mucida/250009511.jpg,Oudemansiella mucida
data/images/Oudemansiella_mucida/250142076.jpg,Oudemansiella mucida
data/images/Oudemansiella_mucida/250151150.jpg,Oudemansiella mucida
data/images/Oudemansiella_mucida/250152711.jpg,Oudemansiella mucida
data/images/Oudemansiella_mucida/250170531.jpg,Oudemansiella mucida
data/images/Oudemansiella_mucida/250267450.jpg,Oudemansiella mucida
data/images/Oudemansiella_mucida/250269877.jpg,Oudemansiella mucida
data/images/Oudemansiella_mucida/250279709.jpg,Oudemansiella mucida
data/images/Oudemansiella_mucida/250435409.jpg,Oudemansiella mucida
data/images/Oudemansiella_mucida/250770323.jpg,Oudemansiella mucida
data/images/Oudemansiella_mucida/250805930.jpg,Oudemansiella mucida
data/images/Oudemansiella_mucida/250881532.jpg,Oudemansiella mucida
data/images/Oudemansiella_mucida/251539212.jpg,Oudemansiella mucida
data/images/Oudemansiella_mucida/251561133.jpg,Oudemansiella mucida
data/images/Oudemansiella_mucida/251784402.jpg,Oudemansiella mucida
data/images/Oudemansiella_mucida/252157697.jpg,Oudemansiella mucida
data/images/Oudemansiella_mucida/252706274.jpg,Oudemansiella mucida
data/images/Oudemansiella_mucida/252854455.jpg,Oudemansiella mucida
data/images/Oudemansiella_mucida/255080904.jpg,Oudemansiella mucida
data/images/Oudemansiella_mucida/256712488.jpg,Oudemansiella mucida
data/images/Oudemansiella_mucida/258583539.jpg,Oudemansiella mucida
data/images/Oudemansiella_mucida/305578317.jpg,Oudemansiella mucida
data/images/Oudemansiella_mucida/315221383.jpg,Oudemansiella mucida
data/images/Oudemansiella_mucida/317210238.jpg,Oudemansiella mucida
data/images/Oudemansiella_mucida/317324932.jpg,Oudemansiella mucida
data/images/Oudemansiella_mucida/317326667.jpg,Oudemansiella mucida
data/images/Oudemansiella_mucida/317554062.jpg,Oudemansiella mucida
data/images/Oudemansiella_mucida/318394676.jpg,Oudemansiella mucida
data/images/Oudemansiella_mucida/318460834.jpg,Oudemansiella mucida
data/images/Oudemansiella_mucida/318852026.jpg,Oudemansiella mucida
data/images/Oudemansiella_mucida/318916083.jpg,Oudemansiella mucida
data/images/Oudemansiella_mucida/318916209.jpg,Oudemansiella mucida
data/images/Oudemansiella_mucida/320121067.jpg,Oudemansiella mucida
data/images/Oudemansiella_mucida/320124083.jpg,Oudemansiella mucida
data/images/Oudemansiella_mucida/320148801.jpg,Oudemansiella mucida
data/images/Oudemansiella_mucida/320380147.jpg,Oudemansiella mucida
data/images/Oudemansiella_mucida/320819841.jpg,Oudemansiella mucida
data/images/Oudemansiella_mucida/320824557.jpg,Oudemansiella mucida
data/images/Oudemansiella_mucida/320872620.jpg,Oudemansiella mucida
data/images/Oudemansiella_mucida/321071587.jpg,Oudemansiella mucida
data/images/Oudemansiella_mucida/321216632.jpg,Oudemansiella mucida
data/images/Oudemansiella_mucida/321226917.jpg,Oudemansiella mucida
data/images/Oudemansiella_mucida/321383558.jpg,Oudemansiella mucida
data/images/Oudemansiella_mucida/321573901.jpg,Oudemansiella mucida
data/images/Oudemansiella_mucida/321838521.jpg,Oudemansiella mucida
data/images/Oudemansiella_mucida/321873638.jpg,Oudemansiella mucida
data/images/Oudemansiella_mucida/322082484.jpg,Oudemansiella mucida
data/images/Oudemansiella_mucida/322198009.jpg,Oudemansiella mucida
data/images/Oudemansiella_mucida/322554215.jpg,Oudemansiella mucida
data/images/Oudemansiella_mucida/322572230.jpg,Oudemansiella mucida
data/images/Oudemansiella_mucida/322721784.jpg,Oudemansiella mucida
data/images/Oudemansiella_mucida/322775597.jpg,Oudemansiella mucida
data/images/Oudemansiella_mucida/322781478.jpg,Oudemansiella mucida
data/images/Oudemansiella_mucida/322782617.jpg,Oudemansiella mucida
data/images/Oudemansiella_mucida/322928268.jpg,Oudemansiella mucida
data/images/Oudemansiella_mucida/322939274.jpg,Oudemansiella mucida
data/images/Oudemansiella_mucida/322959191.jpg,Oudemansiella mucida
data/images/Oudemansiella_mucida/323174115.jpg,Oudemansiella mucida
data/images/Oudemansiella_mucida/323185991.jpg,Oudemansiella mucida
data/images/Oudemansiella_mucida/323186325.jpg,Oudemansiella mucida
data/images/Oudemansiella_mucida/323428114.jpg,Oudemansiella mucida
data/images/Oudemansiella_mucida/323613428.jpg,Oudemansiella mucida
data/images/Oudemansiella_mucida/323647835.jpg,Oudemansiella mucida
data/images/Oudemansiella_mucida/323649493.jpg,Oudemansiella mucida
data/images/Oudemansiella_mucida/324309445.jpg,Oudemansiella mucida
data/images/Oudemansiella_mucida/325035509.jpg,Oudemansiella mucida
data/images/Oudemansiella_mucida/325498380.jpg,Oudemansiella mucida
data/images/Oudemansiella_mucida/325756993.jpg,Oudemansiella mucida
data/images/Oudemansiella_mucida/326148897.jpg,Oudemansiella mucida
data/images/Oudemansiella_mucida/326186252.jpg,Oudemansiella mucida
data/images/Oudemansiella_mucida/326295461.jpg,Oudemansiella mucida
data/images/Oudemansiella_mucida/326622282.jpg,Oudemansiella mucida
data/images/Oudemansiella_mucida/326751027.jpg,Oudemansiella mucida
data/images/Oudemansiella_mucida/327317312.jpg,Oudemansiella mucida
data/images/Oudemansiella_mucida/338414553.jpg,Oudemansiella mucida
data/images/Oudemansiella_mucida/338414563.jpg,Oudemansiella mucida
data/images/Oudemansiella_mucida/338414572.jpg,Oudemansiella mucida
data/images/Oudemansiella_mucida/339311640.jpg,Oudemansiella mucida
data/images/Oudemansiella_mucida/339311659.jpg,Oudemansiella mucida
data/images/Oudemansiella_mucida/97148925.jpg,Oudemansiella mucida
data/images/Oudemansiella_mucida/97240296.jpg,Oudemansiella mucida
data/images/Oudemansiella_mucida/97241537.jpg,Oudemansiella mucida
data/images/Oudemansiella_mucida/97241935.jpg,Oudemansiella mucida
data/images/Oudemansiella_mucida/97335821.jpg,Oudemansiella mucida
data/images/Oudemansiella_mucida/97341934.jpg,Oudemansiella mucida
data/images/Oudemansiella_mucida/97426804.jpg,Oudemansiella mucida
data/images/Oudemansiella_mucida/97429270.jpg,Oudemansiella mucida
data/images/Oudemansiella_mucida/97430660.jpg,Oudemansiella mucida
data/images/Oudemansiella_mucida/97526091.jpg,Oudemansiella mucida
data/images/Oudemansiella_mucida/97527066.jpg,Oudemansiella mucida
data/images/Oudemansiella_mucida/97542331.jpg,Oudemansiella mucida
data/images/Oudemansiella_mucida/97546388.jpg,Oudemansiella mucida
data/images/Oudemansiella_mucida/97571177.jpg,Oudemansiella mucida
data/images/Oudemansiella_mucida/97588341.jpg,Oudemansiella mucida
data/images/Oudemansiella_mucida/97627014.jpg,Oudemansiella mucida
data/images/Oudemansiella_mucida/97634878.jpg,Oudemansiella mucida
data/images/Oudemansiella_mucida/97636375.jpg,Oudemansiella mucida
data/images/Oudemansiella_mucida/97646136.jpg,Oudemansiella mucida
data/images/Oudemansiella_mucida/97647945.jpg,Oudemansiella mucida
data/images/Oudemansiella_mucida/97749919.jpg,Oudemansiella mucida
data/images/Oudemansiella_mucida/97750597.jpg,Oudemansiella mucida
data/images/Oudemansiella_mucida/97750820.jpg,Oudemansiella mucida
data/images/Oudemansiella_mucida/97754050.jpg,Oudemansiella mucida
data/images/Oudemansiella_mucida/97760731.jpg,Oudemansiella mucida
data/images/Oudemansiella_mucida/97762802.jpg,Oudemansiella mucida
data/images/Oudemansiella_mucida/97984895.jpg,Oudemansiella mucida
data/images/Oudemansiella_mucida/98092158.jpg,Oudemansiella mucida
data/images/Oudemansiella_mucida/98180377.jpg,Oudemansiella mucida
data/images/Oudemansiella_mucida/98271201.jpg,Oudemansiella mucida
data/images/Oudemansiella_mucida/98416660.jpg,Oudemansiella mucida
data/images/Oudemansiella_mucida/98467087.jpg,Oudemansiella mucida
data/images/Oudemansiella_mucida/98481903.jpg,Oudemansiella mucida
data/images/Oudemansiella_mucida/98484493.jpg,Oudemansiella mucida
data/images/Oudemansiella_mucida/98590336.jpg,Oudemansiella mucida
data/images/Oudemansiella_mucida/98686118.jpg,Oudemansiella mucida
data/images/Oudemansiella_mucida/98691396.jpg,Oudemansiella mucida
data/images/Oudemansiella_mucida/98694185.jpg,Oudemansiella mucida
data/images/Oudemansiella_mucida/98694252.jpg,Oudemansiella mucida
data/images/Oudemansiella_mucida/98971366.jpg,Oudemansiella mucida
data/images/Oudemansiella_mucida/98993613.jpg,Oudemansiella mucida
data/images/Oudemansiella_mucida/99078771.jpg,Oudemansiella mucida
data/images/Oudemansiella_mucida/99082312.jpg,Oudemansiella mucida
data/images/Oudemansiella_mucida/99083000.jpg,Oudemansiella mucida
data/images/Oudemansiella_mucida/99214336.jpg,Oudemansiella mucida
data/images/Oudemansiella_mucida/99231158.jpg,Oudemansiella mucida
data/images/Oudemansiella_mucida/99231638.jpg,Oudemansiella mucida
data/images/Oudemansiella_mucida/99454702.jpg,Oudemansiella mucida
data/images/Oudemansiella_mucida/99541470.jpg,Oudemansiella mucida
data/images/Oudemansiella_mucida/99544142.jpg,Oudemansiella mucida
data/images/Oudemansiella_mucida/99616587.jpg,Oudemansiella mucida
data/images/Oudemansiella_mucida/99716091.jpg,Oudemansiella mucida
data/images/Oudemansiella_mucida/99744254.jpg,Oudemansiella mucida
data/images/Oudemansiella_mucida/99744913.jpg,Oudemansiella mucida
data/images/Oudemansiella_mucida/99771701.jpg,Oudemansiella mucida
data/images/Oudemansiella_mucida/99785841.jpg,Oudemansiella mucida
data/images/Oudemansiella_mucida/99789287.jpg,Oudemansiella mucida
data/images/Oudemansiella_mucida/99812089.jpg,Oudemansiella mucida
data/images/Oudemansiella_mucida/99820095.jpg,Oudemansiella mucida
data/images/Oudemansiella_mucida/99879550.jpg,Oudemansiella mucida
data/images/Xylaria_hypoxylon/100129975.jpg,Xylaria hypoxylon
data/images/Xylaria_hypoxylon/100147877.jpg,Xylaria hypoxylon
data/images/Xylaria_hypoxylon/100221688.jpg,Xylaria hypoxylon
data/images/Xylaria_hypoxylon/100355712.jpg,Xylaria hypoxylon
data/images/Xylaria_hypoxylon/100388820.jpg,Xylaria hypoxylon
data/images/Xylaria_hypoxylon/100596744.jpg,Xylaria hypoxylon
data/images/Xylaria_hypoxylon/100783547.jpg,Xylaria hypoxylon
data/images/Xylaria_hypoxylon/100834014.jpg,Xylaria hypoxylon
data/images/Xylaria_hypoxylon/100841905.jpg,Xylaria hypoxylon
data/images/Xylaria_hypoxylon/101097543.jpg,Xylaria hypoxylon
data/images/Xylaria_hypoxylon/101099652.jpg,Xylaria hypoxylon
data/images/Xylaria_hypoxylon/101389733.jpg,Xylaria hypoxylon
data/images/Xylaria_hypoxylon/101526575.jpg,Xylaria hypoxylon
data/images/Xylaria_hypoxylon/101610091.jpg,Xylaria hypoxylon
data/images/Xylaria_hypoxylon/101610799.jpg,Xylaria hypoxylon
data/images/Xylaria_hypoxylon/102007255.jpg,Xylaria hypoxylon
data/images/Xylaria_hypoxylon/102170482.jpg,Xylaria hypoxylon
data/images/Xylaria_hypoxylon/102204924.jpg,Xylaria hypoxylon
data/images/Xylaria_hypoxylon/102866554.jpg,Xylaria hypoxylon
data/images/Xylaria_hypoxylon/103045978.jpg,Xylaria hypoxylon
data/images/Xylaria_hypoxylon/103411336.jpg,Xylaria hypoxylon
data/images/Xylaria_hypoxylon/103894577.jpg,Xylaria hypoxylon
data/images/Xylaria_hypoxylon/103965576.jpg,Xylaria hypoxylon
data/images/Xylaria_hypoxylon/103970710.jpg,Xylaria hypoxylon
data/images/Xylaria_hypoxylon/104763380.jpg,Xylaria hypoxylon
data/images/Xylaria_hypoxylon/104967060.jpg,Xylaria hypoxylon
data/images/Xylaria_hypoxylon/105024455.jpg,Xylaria hypoxylon
data/images/Xylaria_hypoxylon/105835790.jpg,Xylaria hypoxylon
data/images/Xylaria_hypoxylon/107125398.jpg,Xylaria hypoxylon
data/images/Xylaria_hypoxylon/108470343.jpg,Xylaria hypoxylon
data/images/Xylaria_hypoxylon/108715551.jpg,Xylaria hypoxylon
data/images/Xylaria_hypoxylon/108716581.jpg,Xylaria hypoxylon
data/images/Xylaria_hypoxylon/109851754.jpg,Xylaria hypoxylon
data/images/Xylaria_hypoxylon/112280344.jpg,Xylaria hypoxylon
data/images/Xylaria_hypoxylon/136323171.jpg,Xylaria hypoxylon
data/images/Xylaria_hypoxylon/137048029.jpg,Xylaria hypoxylon
data/images/Xylaria_hypoxylon/137515828.jpg,Xylaria hypoxylon
data/images/Xylaria_hypoxylon/137516141.jpg,Xylaria hypoxylon
data/images/Xylaria_hypoxylon/137627521.jpg,Xylaria hypoxylon
data/images/Xylaria_hypoxylon/137956330.jpg,Xylaria hypoxylon
data/images/Xylaria_hypoxylon/138478698.jpg,Xylaria hypoxylon
data/images/Xylaria_hypoxylon/138479342.jpg,Xylaria hypoxylon
data/images/Xylaria_hypoxylon/138604515.jpg,Xylaria hypoxylon
data/images/Xylaria_hypoxylon/138806940.jpg,Xylaria hypoxylon
data/images/Xylaria_hypoxylon/138823662.jpg,Xylaria hypoxylon
data/images/Xylaria_hypoxylon/138865202.jpg,Xylaria hypoxylon
data/images/Xylaria_hypoxylon/138964651.jpg,Xylaria hypoxylon
data/images/Xylaria_hypoxylon/138974953.jpg,Xylaria hypoxylon
data/images/Xylaria_hypoxylon/139157973.jpg,Xylaria hypoxylon
data/images/Xylaria_hypoxylon/139410304.jpg,Xylaria hypoxylon
data/images/Xylaria_hypoxylon/139411782.jpg,Xylaria hypoxylon
data/images/Xylaria_hypoxylon/139417353.jpg,Xylaria hypoxylon
data/images/Xylaria_hypoxylon/139417393.jpg,Xylaria hypoxylon
data/images/Xylaria_hypoxylon/139613574.jpg,Xylaria hypoxylon
data/images/Xylaria_hypoxylon/139638292.jpg,Xylaria hypoxylon
data/images/Xylaria_hypoxylon/139740901.jpg,Xylaria hypoxylon
data/images/Xylaria_hypoxylon/139742316.jpg,Xylaria hypoxylon
data/images/Xylaria_hypoxylon/139750149.jpg,Xylaria hypoxylon
data/images/Xylaria_hypoxylon/139753215.jpg,Xylaria hypoxylon
data/images/Xylaria_hypoxylon/139806239.jpg,Xylaria hypoxylon
data/images/Xylaria_hypoxylon/139939274.jpg,Xylaria hypoxylon
data/images/Xylaria_hypoxylon/140039138.jpg,Xylaria hypoxylon
data/images/Xylaria_hypoxylon/140132409.jpg,Xylaria hypoxylon
data/images/Xylaria_hypoxylon/140132833.jpg,Xylaria hypoxylon
data/images/Xylaria_hypoxylon/140137231.jpg,Xylaria hypoxylon
data/images/Xylaria_hypoxylon/140236161.jpg,Xylaria hypoxylon
data/images/Xylaria_hypoxylon/140349938.jpg,Xylaria hypoxylon
data/images/Xylaria_hypoxylon/140496296.jpg,Xylaria hypoxylon
data/images/Xylaria_hypoxylon/140498991.jpg,Xylaria hypoxylon
data/images/Xylaria_hypoxylon/140499968.jpg,Xylaria hypoxylon
data/images/Xylaria_hypoxylon/140521079.jpg,Xylaria hypoxylon
data/images/Xylaria_hypoxylon/140525741.jpg,Xylaria hypoxylon
data/images/Xylaria_hypoxylon/140628629.jpg,Xylaria hypoxylon
data/images/Xylaria_hypoxylon/140656854.jpg,Xylaria hypoxylon
data/images/Xylaria_hypoxylon/140760160.jpg,Xylaria hypoxylon
data/images/Xylaria_hypoxylon/140765161.jpg,Xylaria hypoxylon
data/images/Xylaria_hypoxylon/140815524.jpg,Xylaria hypoxylon
data/images/Xylaria_hypoxylon/140858011.jpg,Xylaria hypoxylon
data/images/Xylaria_hypoxylon/141145943.jpg,Xylaria hypoxylon
data/images/Xylaria_hypoxylon/141491558.jpg,Xylaria hypoxylon
data/images/Xylaria_hypoxylon/141524286.jpg,Xylaria hypoxylon
data/images/Xylaria_hypoxylon/141703714.jpg,Xylaria hypoxylon
data/images/Xylaria_hypoxylon/141866155.jpg,Xylaria hypoxylon
data/images/Xylaria_hypoxylon/141873057.jpg,Xylaria hypoxylon
data/images/Xylaria_hypoxylon/141889557.jpg,Xylaria hypoxylon
data/images/Xylaria_hypoxylon/142669998.jpg,Xylaria hypoxylon
data/images/Xylaria_hypoxylon/142810769.jpg,Xylaria hypoxylon
data/images/Xylaria_hypoxylon/142830251.jpg,Xylaria hypoxylon
data/images/Xylaria_hypoxylon/142923179.jpg,Xylaria hypoxylon
data/images/Xylaria_hypoxylon/142924710.jpg,Xylaria hypoxylon
data/images/Xylaria_hypoxylon/143360466.jpg,Xylaria hypoxylon
data/images/Xylaria_hypoxylon/143565529.jpg,Xylaria hypoxylon
data/images/Xylaria_hypoxylon/144070952.jpg,Xylaria hypoxylon
data/images/Xylaria_hypoxylon/144168600.jpg,Xylaria hypoxylon
data/images/Xylaria_hypoxylon/144919245.jpg,Xylaria hypoxylon
data/images/Xylaria_hypoxylon/145108050.jpg,Xylaria hypoxylon
data/images/Xylaria_hypoxylon/145131201.jpg,Xylaria hypoxylon
data/images/Xylaria_hypoxylon/145331611.jpg,Xylaria hypoxylon
data/images/Xylaria_hypoxylon/145564263.jpg,Xylaria hypoxylon
data/images/Xylaria_hypoxylon/146472760.jpg,Xylaria hypoxylon
data/images/Xylaria_hypoxylon/146535364.jpg,Xylaria hypoxylon
data/images/Xylaria_hypoxylon/146545584.jpg,Xylaria hypoxylon
data/images/Xylaria_hypoxylon/147115258.jpg,Xylaria hypoxylon
data/images/Xylaria_hypoxylon/149056172.jpg,Xylaria hypoxylon
data/images/Xylaria_hypoxylon/149548790.jpg,Xylaria hypoxylon
data/images/Xylaria_hypoxylon/151479918.jpg,Xylaria hypoxylon
data/images/Xylaria_hypoxylon/152292074.jpg,Xylaria hypoxylon
data/images/Xylaria_hypoxylon/156554659.jpg,Xylaria hypoxylon
data/images/Xylaria_hypoxylon/156564253.jpg,Xylaria hypoxylon
data/images/Xylaria_hypoxylon/159405758.jpg,Xylaria hypoxylon
data/images/Xylaria_hypoxylon/163530024.jpg,Xylaria hypoxylon
data/images/Xylaria_hypoxylon/170807299.jpg,Xylaria hypoxylon
data/images/Xylaria_hypoxylon/177964968.jpg,Xylaria hypoxylon
data/images/Xylaria_hypoxylon/178722099.jpg,Xylaria hypoxylon
data/images/Xylaria_hypoxylon/180920242.jpg,Xylaria hypoxylon
data/images/Xylaria_hypoxylon/185713123.jpg,Xylaria hypoxylon
data/images/Xylaria_hypoxylon/188999379.jpg,Xylaria hypoxylon
data/images/Xylaria_hypoxylon/189213465.jpg,Xylaria hypoxylon
data/images/Xylaria_hypoxylon/189597869.jpg,Xylaria hypoxylon
data/images/Xylaria_hypoxylon/189624482.jpg,Xylaria hypoxylon
data/images/Xylaria_hypoxylon/189766082.jpg,Xylaria hypoxylon
data/images/Xylaria_hypoxylon/189935235.jpg,Xylaria hypoxylon
data/images/Xylaria_hypoxylon/190086162.jpg,Xylaria hypoxylon
data/images/Xylaria_hypoxylon/190105605.jpg,Xylaria hypoxylon
data/images/Xylaria_hypoxylon/190505552.jpg,Xylaria hypoxylon
data/images/Xylaria_hypoxylon/190530508.jpg,Xylaria hypoxylon
data/images/Xylaria_hypoxylon/190571367.jpg,Xylaria hypoxylon
data/images/Xylaria_hypoxylon/190691631.jpg,Xylaria hypoxylon
data/images/Xylaria_hypoxylon/190772020.jpg,Xylaria hypoxylon
data/images/Xylaria_hypoxylon/190792708.jpg,Xylaria hypoxylon
data/images/Xylaria_hypoxylon/190831333.jpg,Xylaria hypoxylon
data/images/Xylaria_hypoxylon/190891949.jpg,Xylaria hypoxylon
data/images/Xylaria_hypoxylon/190995598.jpg,Xylaria hypoxylon
data/images/Xylaria_hypoxylon/191771220.jpg,Xylaria hypoxylon
data/images/Xylaria_hypoxylon/192460180.jpg,Xylaria hypoxylon
data/images/Xylaria_hypoxylon/193691629.jpg,Xylaria hypoxylon
data/images/Xylaria_hypoxylon/193856131.jpg,Xylaria hypoxylon
data/images/Xylaria_hypoxylon/197542697.jpg,Xylaria hypoxylon
data/images/Xylaria_hypoxylon/197680764.jpg,Xylaria hypoxylon
data/images/Xylaria_hypoxylon/198399535.jpg,Xylaria hypoxylon
data/images/Xylaria_hypoxylon/198487117.jpg,Xylaria hypoxylon
data/images/Xylaria_hypoxylon/198551431.jpg,Xylaria hypoxylon
data/images/Xylaria_hypoxylon/198936884.jpg,Xylaria hypoxylon
data/images/Xylaria_hypoxylon/198995159.jpg,Xylaria hypoxylon
data/images/Xylaria_hypoxylon/200212470.jpg,Xylaria hypoxylon
data/images/Xylaria_hypoxylon/200812656.jpg,Xylaria hypoxylon
data/images/Xylaria_hypoxylon/214236322.jpg,Xylaria hypoxylon
data/images/Xylaria_hypoxylon/236867308.jpg,Xylaria hypoxylon
data/images/Xylaria_hypoxylon/244929672.jpg,Xylaria hypoxylon
data/images/Xylaria_hypoxylon/246286733.jpg,Xylaria hypoxylon
data/images/Xylaria_hypoxylon/246332852.jpg,Xylaria hypoxylon
data/images/Xylaria_hypoxylon/246895482.jpg,Xylaria hypoxylon
data/images/Xylaria_hypoxylon/247627158.jpg,Xylaria hypoxylon
data/images/Xylaria_hypoxylon/248048841.jpg,Xylaria hypoxylon
data/images/Xylaria_hypoxylon/248272036.jpg,Xylaria hypoxylon
data/images/Xylaria_hypoxylon/248735524.jpg,Xylaria hypoxylon
data/images/Xylaria_hypoxylon/248907156.jpg,Xylaria hypoxylon
data/images/Xylaria_hypoxylon/248996883.jpg,Xylaria hypoxylon
data/images/Xylaria_hypoxylon/249026023.jpg,Xylaria hypoxylon
data/images/Xylaria_hypoxylon/249140766.jpg,Xylaria hypoxylon
data/images/Xylaria_hypoxylon/249541120.jpg,Xylaria hypoxylon
data/images/Xylaria_hypoxylon/249631504.jpg,Xylaria hypoxylon
data/images/Xylaria_hypoxylon/249635201.jpg,Xylaria hypoxylon
data/images/Xylaria_hypoxylon/249773603.jpg,Xylaria hypoxylon
data/images/Xylaria_hypoxylon/249928457.jpg,Xylaria hypoxylon
data/images/Xylaria_hypoxylon/250270500.jpg,Xylaria hypoxylon
data/images/Xylaria_hypoxylon/250437794.jpg,Xylaria hypoxylon
data/images/Xylaria_hypoxylon/250437811.jpg,Xylaria hypoxylon
data/images/Xylaria_hypoxylon/250709876.jpg,Xylaria hypoxylon
data/images/Xylaria_hypoxylon/251423171.jpg,Xylaria hypoxylon
data/images/Xylaria_hypoxylon/251662826.jpg,Xylaria hypoxylon
data/images/Xylaria_hypoxylon/251679446.jpg,Xylaria hypoxylon
data/images/Xylaria_hypoxylon/252048249.jpg,Xylaria hypoxylon
data/images/Xylaria_hypoxylon/252126892.jpg,Xylaria hypoxylon
data/images/Xylaria_hypoxylon/252133566.jpg,Xylaria hypoxylon
data/images/Xylaria_hypoxylon/252136341.jpg,Xylaria hypoxylon
data/images/Xylaria_hypoxylon/252281819.jpg,Xylaria hypoxylon
data/images/Xylaria_hypoxylon/252391168.jpg,Xylaria hypoxylon
data/images/Xylaria_hypoxylon/252859062.jpg,Xylaria hypoxylon
data/images/Xylaria_hypoxylon/253282043.jpg,Xylaria hypoxylon
data/images/Xylaria_hypoxylon/253282982.jpg,Xylaria hypoxylon
data/images/Xylaria_hypoxylon/253404535.jpg,Xylaria hypoxylon
data/images/Xylaria_hypoxylon/253607857.jpg,Xylaria hypoxylon
data/images/Xylaria_hypoxylon/253724770.jpg,Xylaria hypoxylon
data/images/Xylaria_hypoxylon/253756667.jpg,Xylaria hypoxylon
data/images/Xylaria_hypoxylon/253761672.jpg,Xylaria hypoxylon
data/images/Xylaria_hypoxylon/253994787.jpg,Xylaria hypoxylon
data/images/Xylaria_hypoxylon/254013823.jpg,Xylaria hypoxylon
data/images/Xylaria_hypoxylon/254211221.jpg,Xylaria hypoxylon
data/images/Xylaria_hypoxylon/254416707.jpg,Xylaria hypoxylon
data/images/Xylaria_hypoxylon/254903746.jpg,Xylaria hypoxylon
data/images/Xylaria_hypoxylon/255074575.jpg,Xylaria hypoxylon
data/images/Xylaria_hypoxylon/255423995.jpg,Xylaria hypoxylon
data/images/Xylaria_hypoxylon/255857427.jpg,Xylaria hypoxylon
data/images/Xylaria_hypoxylon/255875538.jpg,Xylaria hypoxylon
data/images/Xylaria_hypoxylon/256091367.jpg,Xylaria hypoxylon
data/images/Xylaria_hypoxylon/256172031.jpg,Xylaria hypoxylon
data/images/Xylaria_hypoxylon/256186508.jpg,Xylaria hypoxylon
data/images/Xylaria_hypoxylon/256615871.jpg,Xylaria hypoxylon
data/images/Xylaria_hypoxylon/256618904.jpg,Xylaria hypoxylon
data/images/Xylaria_hypoxylon/256647342.jpg,Xylaria hypoxylon
data/images/Xylaria_hypoxylon/256661763.jpg,Xylaria hypoxylon
data/images/Xylaria_hypoxylon/257391560.jpg,Xylaria hypoxylon
data/images/Xylaria_hypoxylon/258034366.jpg,Xylaria hypoxylon
data/images/Xylaria_hypoxylon/258049493.jpg,Xylaria hypoxylon
data/images/Xylaria_hypoxylon/258670837.jpg,Xylaria hypoxylon
data/images/Xylaria_hypoxylon/258915088.jpg,Xylaria hypoxylon
data/images/Xylaria_hypoxylon/260257530.jpg,Xylaria hypoxylon
data/images/Xylaria_hypoxylon/260360903.jpg,Xylaria hypoxylon
data/images/Xylaria_hypoxylon/260366043.jpg,Xylaria hypoxylon
data/images/Xylaria_hypoxylon/263631087.jpg,Xylaria hypoxylon
data/images/Xylaria_hypoxylon/298922708.jpg,Xylaria hypoxylon
data/images/Xylaria_hypoxylon/302051412.jpg,Xylaria hypoxylon
data/images/Xylaria_hypoxylon/315569529.jpg,Xylaria hypoxylon
data/images/Xylaria_hypoxylon/317219250.jpg,Xylaria hypoxylon
data/images/Xylaria_hypoxylon/320701411.jpg,Xylaria hypoxylon
data/images/Xylaria_hypoxylon/320701416.jpg,Xylaria hypoxylon
data/images/Xylaria_hypoxylon/320831969.jpg,Xylaria hypoxylon
data/images/Xylaria_hypoxylon/321043325.jpg,Xylaria hypoxylon
data/images/Xylaria_hypoxylon/321175385.jpg,Xylaria hypoxylon
data/images/Xylaria_hypoxylon/321197674.jpg,Xylaria hypoxylon
data/images/Xylaria_hypoxylon/322554841.jpg,Xylaria hypoxylon
data/images/Xylaria_hypoxylon/323163875.jpg,Xylaria hypoxylon
data/images/Xylaria_hypoxylon/323184775.jpg,Xylaria hypoxylon
data/images/Xylaria_hypoxylon/323195488.jpg,Xylaria hypoxylon
data/images/Xylaria_hypoxylon/323413989.jpg,Xylaria hypoxylon
data/images/Xylaria_hypoxylon/323454638.jpg,Xylaria hypoxylon
data/images/Xylaria_hypoxylon/323964566.jpg,Xylaria hypoxylon
data/images/Xylaria_hypoxylon/323984807.jpg,Xylaria hypoxylon
data/images/Xylaria_hypoxylon/323990601.jpg,Xylaria hypoxylon
data/images/Xylaria_hypoxylon/324127829.jpg,Xylaria hypoxylon
data/images/Xylaria_hypoxylon/324174024.jpg,Xylaria hypoxylon
data/images/Xylaria_hypoxylon/324333704.jpg,Xylaria hypoxylon
data/images/Xylaria_hypoxylon/324589009.jpg,Xylaria hypoxylon
data/images/Xylaria_hypoxylon/325036222.jpg,Xylaria hypoxylon
data/images/Xylaria_hypoxylon/325152839.jpg,Xylaria hypoxylon
data/images/Xylaria_hypoxylon/325177008.jpg,Xylaria hypoxylon
data/images/Xylaria_hypoxylon/325323128.jpg,Xylaria hypoxylon
data/images/Xylaria_hypoxylon/325323688.jpg,Xylaria hypoxylon
data/images/Xylaria_hypoxylon/325645942.jpg,Xylaria hypoxylon
data/images/Xylaria_hypoxylon/325672801.jpg,Xylaria hypoxylon
data/images/Xylaria_hypoxylon/325692968.jpg,Xylaria hypoxylon
data/images/Xylaria_hypoxylon/325707716.jpg,Xylaria hypoxylon
data/images/Xylaria_hypoxylon/325854063.jpg,Xylaria hypoxylon
data/images/Xylaria_hypoxylon/326295467.jpg,Xylaria hypoxylon
data/images/Xylaria_hypoxylon/326454331.jpg,Xylaria hypoxylon
data/images/Xylaria_hypoxylon/326462850.jpg,Xylaria hypoxylon
data/images/Xylaria_hypoxylon/326491295.jpg,Xylaria hypoxylon
data/images/Xylaria_hypoxylon/326591317.jpg,Xylaria hypoxylon
data/images/Xylaria_hypoxylon/326616939.jpg,Xylaria hypoxylon
data/images/Xylaria_hypoxylon/326623963.jpg,Xylaria hypoxylon
data/images/Xylaria_hypoxylon/326624854.jpg,Xylaria hypoxylon
data/images/Xylaria_hypoxylon/326626313.jpg,Xylaria hypoxylon
data/images/Xylaria_hypoxylon/326634084.jpg,Xylaria hypoxylon
data/images/Xylaria_hypoxylon/326745259.jpg,Xylaria hypoxylon
data/images/Xylaria_hypoxylon/326760840.jpg,Xylaria hypoxylon
data/images/Xylaria_hypoxylon/326940025.jpg,Xylaria hypoxylon
data/images/Xylaria_hypoxylon/327097391.jpg,Xylaria hypoxylon
data/images/Xylaria_hypoxylon/327957432.jpg,Xylaria hypoxylon
data/images/Xylaria_hypoxylon/328051319.jpg,Xylaria hypoxylon
data/images/Xylaria_hypoxylon/328454990.jpg,Xylaria hypoxylon
data/images/Xylaria_hypoxylon/328750786.jpg,Xylaria hypoxylon
data/images/Xylaria_hypoxylon/328909447.jpg,Xylaria hypoxylon
data/images/Xylaria_hypoxylon/328914314.jpg,Xylaria hypoxylon
data/images/Xylaria_hypoxylon/328920658.jpg,Xylaria hypoxylon
data/images/Xylaria_hypoxylon/329047606.jpg,Xylaria hypoxylon
data/images/Xylaria_hypoxylon/329208352.jpg,Xylaria hypoxylon
data/images/Xylaria_hypoxylon/329474672.jpg,Xylaria hypoxylon
data/images/Xylaria_hypoxylon/329848172.jpg,Xylaria hypoxylon
data/images/Xylaria_hypoxylon/329882244.jpg,Xylaria hypoxylon
data/images/Xylaria_hypoxylon/330103625.jpg,Xylaria hypoxylon
data/images/Xylaria_hypoxylon/330716247.jpg,Xylaria hypoxylon
data/images/Xylaria_hypoxylon/330751435.jpg,Xylaria hypoxylon
data/images/Xylaria_hypoxylon/330957607.jpg,Xylaria hypoxylon
data/images/Xylaria_hypoxylon/331330481.jpg,Xylaria hypoxylon
data/images/Xylaria_hypoxylon/331659329.jpg,Xylaria hypoxylon
data/images/Xylaria_hypoxylon/333010401.jpg,Xylaria hypoxylon
data/images/Xylaria_hypoxylon/333471600.jpg,Xylaria hypoxylon
data/images/Xylaria_hypoxylon/335213955.jpg,Xylaria hypoxylon
data/images/Xylaria_hypoxylon/340066882.jpg,Xylaria hypoxylon
data/images/Xylaria_hypoxylon/66779113.jpg,Xylaria hypoxylon
data/images/Xylaria_hypoxylon/66822301.jpg,Xylaria hypoxylon
data/images/Xylaria_hypoxylon/66827184.jpg,Xylaria hypoxylon
data/images/Xylaria_hypoxylon/66958119.jpg,Xylaria hypoxylon
data/images/Xylaria_hypoxylon/66961673.jpg,Xylaria hypoxylon
data/images/Xylaria_hypoxylon/67020950.jpg,Xylaria hypoxylon
data/images/Xylaria_hypoxylon/67244831.jpg,Xylaria hypoxylon
data/images/Xylaria_hypoxylon/67294591.jpg,Xylaria hypoxylon
data/images/Xylaria_hypoxylon/67350431.jpg,Xylaria hypoxylon
data/images/Xylaria_hypoxylon/67402888.jpg,Xylaria hypoxylon
data/images/Xylaria_hypoxylon/67452935.jpg,Xylaria hypoxylon
data/images/Xylaria_hypoxylon/67535824.jpg,Xylaria hypoxylon
data/images/Xylaria_hypoxylon/68367989.jpg,Xylaria hypoxylon
data/images/Xylaria_hypoxylon/68487331.jpg,Xylaria hypoxylon
data/images/Xylaria_hypoxylon/68862818.jpg,Xylaria hypoxylon
data/images/Xylaria_hypoxylon/70804937.jpg,Xylaria hypoxylon
data/images/Xylaria_hypoxylon/70934698.jpg,Xylaria hypoxylon
data/images/Xylaria_hypoxylon/72353421.jpg,Xylaria hypoxylon
data/images/Xylaria_hypoxylon/72353925.jpg,Xylaria hypoxylon
data/images/Xylaria_hypoxylon/73495876.jpg,Xylaria hypoxylon
data/images/Xylaria_hypoxylon/73621622.jpg,Xylaria hypoxylon
data/images/Xylaria_hypoxylon/74122639.jpg,Xylaria hypoxylon
data/images/Xylaria_hypoxylon/74122642.jpg,Xylaria hypoxylon
data/images/Xylaria_hypoxylon/74218366.jpg,Xylaria hypoxylon
data/images/Xylaria_hypoxylon/76912187.jpg,Xylaria hypoxylon
data/images/Xylaria_hypoxylon/78316252.jpg,Xylaria hypoxylon
data/images/Xylaria_hypoxylon/80229873.jpg,Xylaria hypoxylon
data/images/Xylaria_hypoxylon/84837504.jpg,Xylaria hypoxylon
data/images/Xylaria_hypoxylon/96193295.jpg,Xylaria hypoxylon
data/images/Xylaria_hypoxylon/96573333.jpg,Xylaria hypoxylon
data/images/Xylaria_hypoxylon/96988593.jpg,Xylaria hypoxylon
data/images/Xylaria_hypoxylon/97335938.jpg,Xylaria hypoxylon
data/images/Xylaria_hypoxylon/97436042.jpg,Xylaria hypoxylon
data/images/Xylaria_hypoxylon/97706208.jpg,Xylaria hypoxylon
data/images/Xylaria_hypoxylon/97875131.jpg,Xylaria hypoxylon
data/images/Xylaria_hypoxylon/97899167.jpg,Xylaria hypoxylon
data/images/Xylaria_hypoxylon/97986517.jpg,Xylaria hypoxylon
data/images/Xylaria_hypoxylon/98471960.jpg,Xylaria hypoxylon
data/images/Xylaria_hypoxylon/98606062.jpg,Xylaria hypoxylon
data/images/Xylaria_hypoxylon/98642312.jpg,Xylaria hypoxylon
data/images/Xylaria_hypoxylon/98864699.jpg,Xylaria hypoxylon
data/images/Xylaria_hypoxylon/98884225.jpg,Xylaria hypoxylon
data/images/Xylaria_hypoxylon/99344773.jpg,Xylaria hypoxylon
data/images/Xylaria_hypoxylon/99444656.jpg,Xylaria hypoxylon
data/images/Xylaria_hypoxylon/99618174.jpg,Xylaria hypoxylon
data/images/Xylaria_hypoxylon/99713405.jpg,Xylaria hypoxylon
data/images/Xylaria_hypoxylon/99789184.jpg,Xylaria hypoxylon
data/images/Xylaria_hypoxylon/99789288.jpg,Xylaria hypoxylon
data/images/Xylaria_hypoxylon/99789653.jpg,Xylaria hypoxylon
data/images/Amanita_citrina/100486078.jpg,Amanita citrina
data/images/Amanita_citrina/100586762.jpg,Amanita citrina
data/images/Amanita_citrina/111387444.jpg,Amanita citrina
data/images/Amanita_citrina/111685998.jpg,Amanita citrina
data/images/Amanita_citrina/117846389.jpg,Amanita citrina
data/images/Amanita_citrina/134021130.jpg,Amanita citrina
data/images/Amanita_citrina/134831936.jpg,Amanita citrina
data/images/Amanita_citrina/134975201.jpg,Amanita citrina
data/images/Amanita_citrina/135803048.jpg,Amanita citrina
data/images/Amanita_citrina/135803299.jpg,Amanita citrina
data/images/Amanita_citrina/135835388.jpg,Amanita citrina
data/images/Amanita_citrina/135889763.jpg,Amanita citrina
data/images/Amanita_citrina/136017646.jpg,Amanita citrina
data/images/Amanita_citrina/136018736.jpg,Amanita citrina
data/images/Amanita_citrina/136320931.jpg,Amanita citrina
data/images/Amanita_citrina/136415965.jpg,Amanita citrina
data/images/Amanita_citrina/136436823.jpg,Amanita citrina
data/images/Amanita_citrina/136677542.jpg,Amanita citrina
data/images/Amanita_citrina/137128216.jpg,Amanita citrina
data/images/Amanita_citrina/137130662.jpg,Amanita citrina
data/images/Amanita_citrina/137151121.jpg,Amanita citrina
data/images/Amanita_citrina/137151333.jpg,Amanita citrina
data/images/Amanita_citrina/137258681.jpg,Amanita citrina
data/images/Amanita_citrina/137260151.jpg,Amanita citrina
data/images/Amanita_citrina/137261572.jpg,Amanita citrina
data/images/Amanita_citrina/137266869.jpg,Amanita citrina
data/images/Amanita_citrina/137281244.jpg,Amanita citrina
data/images/Amanita_citrina/137288606.jpg,Amanita citrina
data/images/Amanita_citrina/137395237.jpg,Amanita citrina
data/images/Amanita_citrina/137395259.jpg,Amanita citrina
data/images/Amanita_citrina/137513412.jpg,Amanita citrina
data/images/Amanita_citrina/137614665.jpg,Amanita citrina
data/images/Amanita_citrina/137722755.jpg,Amanita citrina
data/images/Amanita_citrina/137740022.jpg,Amanita citrina
data/images/Amanita_citrina/137777331.jpg,Amanita citrina
data/images/Amanita_citrina/137846290.jpg,Amanita citrina
data/images/Amanita_citrina/137850540.jpg,Amanita citrina
data/images/Amanita_citrina/137916160.jpg,Amanita citrina
data/images/Amanita_citrina/137966882.jpg,Amanita citrina
data/images/Amanita_citrina/137971339.jpg,Amanita citrina
data/images/Amanita_citrina/137972743.jpg,Amanita citrina
data/images/Amanita_citrina/138085711.jpg,Amanita citrina
data/images/Amanita_citrina/138092287.jpg,Amanita citrina
data/images/Amanita_citrina/138095610.jpg,Amanita citrina
data/images/Amanita_citrina/138364665.jpg,Amanita citrina
data/images/Amanita_citrina/138367330.jpg,Amanita citrina
data/images/Amanita_citrina/138523972.jpg,Amanita citrina
data/images/Amanita_citrina/138593396.jpg,Amanita citrina
data/images/Amanita_citrina/138754660.jpg,Amanita citrina
data/images/Amanita_citrina/138755268.jpg,Amanita citrina
data/images/Amanita_citrina/138755579.jpg,Amanita citrina
data/images/Amanita_citrina/138821212.jpg,Amanita citrina
data/images/Amanita_citrina/138838801.jpg,Amanita citrina
data/images/Amanita_citrina/138857471.jpg,Amanita citrina
data/images/Amanita_citrina/138859499.jpg,Amanita citrina
data/images/Amanita_citrina/138960047.jpg,Amanita citrina
data/images/Amanita_citrina/139100781.jpg,Amanita citrina
data/images/Amanita_citrina/139101982.jpg,Amanita citrina
data/images/Amanita_citrina/139106762.jpg,Amanita citrina
data/images/Amanita_citrina/139112111.jpg,Amanita citrina
data/images/Amanita_citrina/139119723.jpg,Amanita citrina
data/images/Amanita_citrina/139201583.jpg,Amanita citrina
data/images/Amanita_citrina/139201595.jpg,Amanita citrina
data/images/Amanita_citrina/139215545.jpg,Amanita citrina
data/images/Amanita_citrina/139341816.jpg,Amanita citrina
data/images/Amanita_citrina/139558987.jpg,Amanita citrina
data/images/Amanita_citrina/139617153.jpg,Amanita citrina
data/images/Amanita_citrina/139741608.jpg,Amanita citrina
data/images/Amanita_citrina/140007632.jpg,Amanita citrina
data/images/Amanita_citrina/140060828.jpg,Amanita citrina
data/images/Amanita_citrina/140070673.jpg,Amanita citrina
data/images/Amanita_citrina/140188240.jpg,Amanita citrina
data/images/Amanita_citrina/140242616.jpg,Amanita citrina
data/images/Amanita_citrina/140242804.jpg,Amanita citrina
data/images/Amanita_citrina/142365385.jpg,Amanita citrina
data/images/Amanita_citrina/143865115.jpg,Amanita citrina
data/images/Amanita_citrina/176084284.jpg,Amanita citrina
data/images/Amanita_citrina/178358688.jpg,Amanita citrina
data/images/Amanita_citrina/178363741.jpg,Amanita citrina
data/images/Amanita_citrina/178498202.jpg,Amanita citrina
data/images/Amanita_citrina/179027832.jpg,Amanita citrina
data/images/Amanita_citrina/179124267.jpg,Amanita citrina
data/images/Amanita_citrina/179247202.jpg,Amanita citrina
data/images/Amanita_citrina/179331416.jpg,Amanita citrina
data/images/Amanita_citrina/179335899.jpg,Amanita citrina
data/images/Amanita_citrina/179650222.jpg,Amanita citrina
data/images/Amanita_citrina/179654479.jpg,Amanita citrina
data/images/Amanita_citrina/179713433.jpg,Amanita citrina
data/images/Amanita_citrina/179744589.jpg,Amanita citrina
data/images/Amanita_citrina/179744590.jpg,Amanita citrina
data/images/Amanita_citrina/179949512.jpg,Amanita citrina
data/images/Amanita_citrina/180099002.jpg,Amanita citrina
data/images/Amanita_citrina/181885251.jpg,Amanita citrina
data/images/Amanita_citrina/182792111.jpg,Amanita citrina
data/images/Amanita_citrina/182793028.jpg,Amanita citrina
data/images/Amanita_citrina/182915729.jpg,Amanita citrina
data/images/Amanita_citrina/183260118.jpg,Amanita citrina
data/images/Amanita_citrina/183260850.jpg,Amanita citrina
data/images/Amanita_citrina/183965345.jpg,Amanita citrina
data/images/Amanita_citrina/183996644.jpg,Amanita citrina
data/images/Amanita_citrina/184116909.jpg,Amanita citrina
data/images/Amanita_citrina/184243932.jpg,Amanita citrina
data/images/Amanita_citrina/184505809.jpg,Amanita citrina
data/images/Amanita_citrina/184537348.jpg,Amanita citrina
data/images/Amanita_citrina/184669425.jpg,Amanita citrina
data/images/Amanita_citrina/184670602.jpg,Amanita citrina
data/images/Amanita_citrina/184681949.jpg,Amanita citrina
data/images/Amanita_citrina/184732081.jpg,Amanita citrina
data/images/Amanita_citrina/185126950.jpg,Amanita citrina
data/images/Amanita_citrina/185162032.jpg,Amanita citrina
data/images/Amanita_citrina/185283346.jpg,Amanita citrina
data/images/Amanita_citrina/185445957.jpg,Amanita citrina
data/images/Amanita_citrina/185894837.jpg,Amanita citrina
data/images/Amanita_citrina/185925121.jpg,Amanita citrina
data/images/Amanita_citrina/186134522.jpg,Amanita citrina
data/images/Amanita_citrina/186527464.jpg,Amanita citrina
data/images/Amanita_citrina/186529463.jpg,Amanita citrina
data/images/Amanita_citrina/186589512.jpg,Amanita citrina
data/images/Amanita_citrina/186972044.jpg,Amanita citrina
data/images/Amanita_citrina/187246474.jpg,Amanita citrina
data/images/Amanita_citrina/187367039.jpg,Amanita citrina
data/images/Amanita_citrina/187772916.jpg,Amanita citrina
data/images/Amanita_citrina/187998871.jpg,Amanita citrina
data/images/Amanita_citrina/188500173.jpg,Amanita citrina
data/images/Amanita_citrina/188888049.jpg,Amanita citrina
data/images/Amanita_citrina/189097425.jpg,Amanita citrina
data/images/Amanita_citrina/189363190.jpg,Amanita citrina
data/images/Amanita_citrina/189363578.jpg,Amanita citrina
data/images/Amanita_citrina/189369451.jpg,Amanita citrina
data/images/Amanita_citrina/189624457.jpg,Amanita citrina
data/images/Amanita_citrina/189624483.jpg,Amanita citrina
data/images/Amanita_citrina/189976311.jpg,Amanita citrina
data/images/Amanita_citrina/193396950.jpg,Amanita citrina
data/images/Amanita_citrina/227556519.jpg,Amanita citrina
data/images/Amanita_citrina/237240575.jpg,Amanita citrina
data/images/Amanita_citrina/237329787.jpg,Amanita citrina
data/images/Amanita_citrina/238073849.jpg,Amanita citrina
data/images/Amanita_citrina/239812897.jpg,Amanita citrina
data/images/Amanita_citrina/240085930.jpg,Amanita citrina
data/images/Amanita_citrina/241303631.jpg,Amanita citrina
data/images/Amanita_citrina/241645744.jpg,Amanita citrina
data/images/Amanita_citrina/241700244.jpg,Amanita citrina
data/images/Amanita_citrina/242104155.jpg,Amanita citrina
data/images/Amanita_citrina/242864963.jpg,Amanita citrina
data/images/Amanita_citrina/242924093.jpg,Amanita citrina
data/images/Amanita_citrina/243297469.jpg,Amanita citrina
data/images/Amanita_citrina/243434824.jpg,Amanita citrina
data/images/Amanita_citrina/244128125.jpg,Amanita citrina
data/images/Amanita_citrina/244269674.jpg,Amanita citrina
data/images/Amanita_citrina/244270244.jpg,Amanita citrina
data/images/Amanita_citrina/244270401.jpg,Amanita citrina
data/images/Amanita_citrina/244737020.jpg,Amanita citrina
data/images/Amanita_citrina/245624341.jpg,Amanita citrina
data/images/Amanita_citrina/245624408.jpg,Amanita citrina
data/images/Amanita_citrina/245706226.jpg,Amanita citrina
data/images/Amanita_citrina/245956029.jpg,Amanita citrina
data/images/Amanita_citrina/245973346.jpg,Amanita citrina
data/images/Amanita_citrina/246298938.jpg,Amanita citrina
data/images/Amanita_citrina/246318864.jpg,Amanita citrina
data/images/Amanita_citrina/246469152.jpg,Amanita citrina
data/images/Amanita_citrina/246477652.jpg,Amanita citrina
data/images/Amanita_citrina/246605387.jpg,Amanita citrina
data/images/Amanita_citrina/246772793.jpg,Amanita citrina
data/images/Amanita_citrina/246773102.jpg,Amanita citrina
data/images/Amanita_citrina/246773355.jpg,Amanita citrina
data/images/Amanita_citrina/246775542.jpg,Amanita citrina
data/images/Amanita_citrina/246775658.jpg,Amanita citrina
data/images/Amanita_citrina/246931336.jpg,Amanita citrina
data/images/Amanita_citrina/247075955.jpg,Amanita citrina
data/images/Amanita_citrina/247182336.jpg,Amanita citrina
data/images/Amanita_citrina/247325545.jpg,Amanita citrina
data/images/Amanita_citrina/247465231.jpg,Amanita citrina
data/images/Amanita_citrina/247605143.jpg,Amanita citrina
data/images/Amanita_citrina/248054937.jpg,Amanita citrina
data/images/Amanita_citrina/248061964.jpg,Amanita citrina
data/images/Amanita_citrina/248268215.jpg,Amanita citrina
data/images/Amanita_citrina/248424368.jpg,Amanita citrina
data/images/Amanita_citrina/248452391.jpg,Amanita citrina
data/images/Amanita_citrina/248457360.jpg,Amanita citrina
data/images/Amanita_citrina/248583840.jpg,Amanita citrina
data/images/Amanita_citrina/248584548.jpg,Amanita citrina
data/images/Amanita_citrina/248737214.jpg,Amanita citrina
data/images/Amanita_citrina/248753956.jpg,Amanita citrina
data/images/Amanita_citrina/248754489.jpg,Amanita citrina
data/images/Amanita_citrina/249008595.jpg,Amanita citrina
data/images/Amanita_citrina/249009127.jpg,Amanita citrina
data/images/Amanita_citrina/249010191.jpg,Amanita citrina
data/images/Amanita_citrina/249158578.jpg,Amanita citrina
data/images/Amanita_citrina/249296489.jpg,Amanita citrina
data/images/Amanita_citrina/249862782.jpg,Amanita citrina
data/images/Amanita_citrina/249987471.jpg,Amanita citrina
data/images/Amanita_citrina/250435533.jpg,Amanita citrina
data/images/Amanita_citrina/250565944.jpg,Amanita citrina
data/images/Amanita_citrina/251077848.jpg,Amanita citrina
data/images/Amanita_citrina/259416450.jpg,Amanita citrina
data/images/Amanita_citrina/297082750.jpg,Amanita citrina
data/images/Amanita_citrina/298758339.jpg,Amanita citrina
data/images/Amanita_citrina/307490940.jpg,Amanita citrina
data/images/Amanita_citrina/309462153.jpg,Amanita citrina
data/images/Amanita_citrina/311424485.jpg,Amanita citrina
data/images/Amanita_citrina/314587818.jpg,Amanita citrina
data/images/Amanita_citrina/315000934.jpg,Amanita citrina
data/images/Amanita_citrina/315225984.jpg,Amanita citrina
data/images/Amanita_citrina/315227992.jpg,Amanita citrina
data/images/Amanita_citrina/315797366.jpg,Amanita citrina
data/images/Amanita_citrina/315822793.jpg,Amanita citrina
data/images/Amanita_citrina/315824273.jpg,Amanita citrina
data/images/Amanita_citrina/316106435.jpg,Amanita citrina
data/images/Amanita_citrina/316256042.jpg,Amanita citrina
data/images/Amanita_citrina/316463811.jpg,Amanita citrina
data/images/Amanita_citrina/316736786.jpg,Amanita citrina
data/images/Amanita_citrina/317203662.jpg,Amanita citrina
data/images/Amanita_citrina/317326625.jpg,Amanita citrina
data/images/Amanita_citrina/317512004.jpg,Amanita citrina
data/images/Amanita_citrina/317793057.jpg,Amanita citrina
data/images/Amanita_citrina/317795773.jpg,Amanita citrina
data/images/Amanita_citrina/317969397.jpg,Amanita citrina
data/images/Amanita_citrina/318392623.jpg,Amanita citrina
data/images/Amanita_citrina/318835292.jpg,Amanita citrina
data/images/Amanita_citrina/318852562.jpg,Amanita citrina
data/images/Amanita_citrina/318857895.jpg,Amanita citrina
data/images/Amanita_citrina/319524818.jpg,Amanita citrina
data/images/Amanita_citrina/319532047.jpg,Amanita citrina
data/images/Amanita_citrina/320003525.jpg,Amanita citrina
data/images/Amanita_citrina/320008172.jpg,Amanita citrina
data/images/Amanita_citrina/320009329.jpg,Amanita citrina
data/images/Amanita_citrina/320010648.jpg,Amanita citrina
data/images/Amanita_citrina/320024277.jpg,Amanita citrina
data/images/Amanita_citrina/320025941.jpg,Amanita citrina
data/images/Amanita_citrina/320032836.jpg,Amanita citrina
data/images/Amanita_citrina/320153065.jpg,Amanita citrina
data/images/Amanita_citrina/320364570.jpg,Amanita citrina
data/images/Amanita_citrina/320392133.jpg,Amanita citrina
data/images/Amanita_citrina/320416328.jpg,Amanita citrina
data/images/Amanita_citrina/320633716.jpg,Amanita citrina
data/images/Amanita_citrina/320651751.jpg,Amanita citrina
data/images/Amanita_citrina/320660302.jpg,Amanita citrina
data/images/Amanita_citrina/320842392.jpg,Amanita citrina
data/images/Amanita_citrina/321019951.jpg,Amanita citrina
data/images/Amanita_citrina/321043143.jpg,Amanita citrina
data/images/Amanita_citrina/321362907.jpg,Amanita citrina
data/images/Amanita_citrina/321376153.jpg,Amanita citrina
data/images/Amanita_citrina/321377974.jpg,Amanita citrina
data/images/Amanita_citrina/321575103.jpg,Amanita citrina
data/images/Amanita_citrina/321690832.jpg,Amanita citrina
data/images/Amanita_citrina/321806557.jpg,Amanita citrina
data/images/Amanita_citrina/321825859.jpg,Amanita citrina
data/images/Amanita_citrina/322604846.jpg,Amanita citrina
data/images/Amanita_citrina/323184654.jpg,Amanita citrina
data/images/Amanita_citrina/323650917.jpg,Amanita citrina
data/images/Amanita_citrina/323853539.jpg,Amanita citrina
data/images/Amanita_citrina/324142977.jpg,Amanita citrina
data/images/Amanita_citrina/324143100.jpg,Amanita citrina
data/images/Amanita_citrina/324294904.jpg,Amanita citrina
data/images/Amanita_citrina/324716746.jpg,Amanita citrina
data/images/Amanita_citrina/325011537.jpg,Amanita citrina
data/images/Amanita_citrina/325028035.jpg,Amanita citrina
data/images/Amanita_citrina/325317182.jpg,Amanita citrina
data/images/Amanita_citrina/325463060.jpg,Amanita citrina
data/images/Amanita_citrina/326030791.jpg,Amanita citrina
data/images/Amanita_citrina/62561068.jpg,Amanita citrina
data/images/Amanita_citrina/62774860.jpg,Amanita citrina
data/images/Amanita_citrina/62778185.jpg,Amanita citrina
data/images/Amanita_citrina/63231402.jpg,Amanita citrina
data/images/Amanita_citrina/63483008.jpg,Amanita citrina
data/images/Amanita_citrina/63954459.jpg,Amanita citrina
data/images/Amanita_citrina/64023934.jpg,Amanita citrina
data/images/Amanita_citrina/64790846.jpg,Amanita citrina
data/images/Amanita_citrina/64860483.jpg,Amanita citrina
data/images/Amanita_citrina/65344209.jpg,Amanita citrina
data/images/Amanita_citrina/65399950.jpg,Amanita citrina
data/images/Amanita_citrina/66690887.jpg,Amanita citrina
data/images/Amanita_citrina/91509650.jpg,Amanita citrina
data/images/Amanita_citrina/91733243.jpg,Amanita citrina
data/images/Amanita_citrina/91987921.jpg,Amanita citrina
data/images/Amanita_citrina/92080180.jpg,Amanita citrina
data/images/Amanita_citrina/92585987.jpg,Amanita citrina
data/images/Amanita_citrina/92648975.jpg,Amanita citrina
data/images/Amanita_citrina/92681370.jpg,Amanita citrina
data/images/Amanita_citrina/92793524.jpg,Amanita citrina
data/images/Amanita_citrina/92874209.jpg,Amanita citrina
data/images/Amanita_citrina/92888052.jpg,Amanita citrina
data/images/Amanita_citrina/92890139.jpg,Amanita citrina
data/images/Amanita_citrina/92912104.jpg,Amanita citrina
data/images/Amanita_citrina/93029998.jpg,Amanita citrina
data/images/Amanita_citrina/93032424.jpg,Amanita citrina
data/images/Amanita_citrina/93059762.jpg,Amanita citrina
data/images/Amanita_citrina/93101019.jpg,Amanita citrina
data/images/Amanita_citrina/93135424.jpg,Amanita citrina
data/images/Amanita_citrina/93264108.jpg,Amanita citrina
data/images/Amanita_citrina/93275221.jpg,Amanita citrina
data/images/Amanita_citrina/93450189.jpg,Amanita citrina
data/images/Amanita_citrina/93561946.jpg,Amanita citrina
data/images/Amanita_citrina/93581754.jpg,Amanita citrina
data/images/Amanita_citrina/93756606.jpg,Amanita citrina
data/images/Amanita_citrina/93767083.jpg,Amanita citrina
data/images/Amanita_citrina/93870551.jpg,Amanita citrina
data/images/Amanita_citrina/93971011.jpg,Amanita citrina
data/images/Amanita_citrina/93972575.jpg,Amanita citrina
data/images/Amanita_citrina/94086100.jpg,Amanita citrina
data/images/Amanita_citrina/94226104.jpg,Amanita citrina
data/images/Amanita_citrina/94333254.jpg,Amanita citrina
data/images/Amanita_citrina/94368344.jpg,Amanita citrina
data/images/Amanita_citrina/94374464.jpg,Amanita citrina
data/images/Amanita_citrina/94429159.jpg,Amanita citrina
data/images/Amanita_citrina/94429561.jpg,Amanita citrina
data/images/Amanita_citrina/94435093.jpg,Amanita citrina
data/images/Amanita_citrina/94543367.jpg,Amanita citrina
data/images/Amanita_citrina/94552550.jpg,Amanita citrina
data/images/Amanita_citrina/94600722.jpg,Amanita citrina
data/images/Amanita_citrina/94698833.jpg,Amanita citrina
data/images/Amanita_citrina/94700060.jpg,Amanita citrina
data/images/Amanita_citrina/94907103.jpg,Amanita citrina
data/images/Amanita_citrina/94909754.jpg,Amanita citrina
data/images/Amanita_citrina/95049071.jpg,Amanita citrina
data/images/Amanita_citrina/95144159.jpg,Amanita citrina
data/images/Amanita_citrina/95243999.jpg,Amanita citrina
data/images/Amanita_citrina/95247534.jpg,Amanita citrina
data/images/Amanita_citrina/95254353.jpg,Amanita citrina
data/images/Amanita_citrina/95254418.jpg,Amanita citrina
data/images/Amanita_citrina/95376708.jpg,Amanita citrina
data/images/Amanita_citrina/95387316.jpg,Amanita citrina
data/images/Amanita_citrina/95403618.jpg,Amanita citrina
data/images/Amanita_citrina/95519372.jpg,Amanita citrina
data/images/Amanita_citrina/95741641.jpg,Amanita citrina
data/images/Amanita_citrina/95965888.jpg,Amanita citrina
data/images/Amanita_citrina/96061249.jpg,Amanita citrina
data/images/Amanita_citrina/96385044.jpg,Amanita citrina
data/images/Amanita_citrina/96589141.jpg,Amanita citrina
data/images/Amanita_citrina/97000776.jpg,Amanita citrina
data/images/Amanita_citrina/97342054.jpg,Amanita citrina
data/images/Amanita_citrina/97363837.jpg,Amanita citrina
data/images/Amanita_citrina/97590408.jpg,Amanita citrina
data/images/Amanita_citrina/97625415.jpg,Amanita citrina
data/images/Amanita_citrina/97687983.jpg,Amanita citrina
data/images/Amanita_citrina/98104350.jpg,Amanita citrina
data/images/Amanita_citrina/98193171.jpg,Amanita citrina
data/images/Amanita_citrina/98309288.jpg,Amanita citrina
data/images/Amanita_citrina/98477939.jpg,Amanita citrina
data/images/Amanita_citrina/98591808.jpg,Amanita citrina
data/images/Amanita_citrina/98688601.jpg,Amanita citrina
data/images/Amanita_citrina/98776805.jpg,Amanita citrina
data/images/Amanita_citrina/98873229.jpg,Amanita citrina
data/images/Amanita_citrina/98883934.jpg,Amanita citrina
data/images/Amanita_citrina/99083062.jpg,Amanita citrina
data/images/Amanita_citrina/99090301.jpg,Amanita citrina
data/images/Amanita_citrina/99431923.jpg,Amanita citrina
data/images/Amanita_citrina/99436945.jpg,Amanita citrina
data/images/Fomitopsis_betulina/100353926.jpg,Fomitopsis betulina
data/images/Fomitopsis_betulina/100847467.jpg,Fomitopsis betulina
data/images/Fomitopsis_betulina/101699367.jpg,Fomitopsis betulina
data/images/Fomitopsis_betulina/102462539.jpg,Fomitopsis betulina
data/images/Fomitopsis_betulina/103577791.jpg,Fomitopsis betulina
data/images/Fomitopsis_betulina/103944649.jpg,Fomitopsis betulina
data/images/Fomitopsis_betulina/103946377.jpg,Fomitopsis betulina
data/images/Fomitopsis_betulina/104812003.jpg,Fomitopsis betulina
data/images/Fomitopsis_betulina/106317250.jpg,Fomitopsis betulina
data/images/Fomitopsis_betulina/106501323.jpg,Fomitopsis betulina
data/images/Fomitopsis_betulina/107309669.jpg,Fomitopsis betulina
data/images/Fomitopsis_betulina/108429896.jpg,Fomitopsis betulina
data/images/Fomitopsis_betulina/108442812.jpg,Fomitopsis betulina
data/images/Fomitopsis_betulina/109851994.jpg,Fomitopsis betulina
data/images/Fomitopsis_betulina/109946191.jpg,Fomitopsis betulina
data/images/Fomitopsis_betulina/110953524.jpg,Fomitopsis betulina
data/images/Fomitopsis_betulina/111310315.jpg,Fomitopsis betulina
data/images/Fomitopsis_betulina/112397670.jpg,Fomitopsis betulina
data/images/Fomitopsis_betulina/114130279.jpg,Fomitopsis betulina
data/images/Fomitopsis_betulina/115294787.jpg,Fomitopsis betulina
data/images/Fomitopsis_betulina/116051435.jpg,Fomitopsis betulina
data/images/Fomitopsis_betulina/117734338.jpg,Fomitopsis betulina
data/images/Fomitopsis_betulina/118488382.jpg,Fomitopsis betulina
data/images/Fomitopsis_betulina/121718670.jpg,Fomitopsis betulina
data/images/Fomitopsis_betulina/125030221.jpg,Fomitopsis betulina
data/images/Fomitopsis_betulina/126850178.jpg,Fomitopsis betulina
data/images/Fomitopsis_betulina/127208787.jpg,Fomitopsis betulina
data/images/Fomitopsis_betulina/127994691.jpg,Fomitopsis betulina
data/images/Fomitopsis_betulina/129825927.jpg,Fomitopsis betulina
data/images/Fomitopsis_betulina/133612180.jpg,Fomitopsis betulina
data/images/Fomitopsis_betulina/134153317.jpg,Fomitopsis betulina
data/images/Fomitopsis_betulina/134185496.jpg,Fomitopsis betulina
data/images/Fomitopsis_betulina/134285199.jpg,Fomitopsis betulina
data/images/Fomitopsis_betulina/134323961.jpg,Fomitopsis betulina
data/images/Fomitopsis_betulina/134590757.jpg,Fomitopsis betulina
data/images/Fomitopsis_betulina/134913217.jpg,Fomitopsis betulina
data/images/Fomitopsis_betulina/135528209.jpg,Fomitopsis betulina
data/images/Fomitopsis_betulina/135657383.jpg,Fomitopsis betulina
data/images/Fomitopsis_betulina/135657514.jpg,Fomitopsis betulina
data/images/Fomitopsis_betulina/135657558.jpg,Fomitopsis betulina
data/images/Fomitopsis_betulina/136013039.jpg,Fomitopsis betulina
data/images/Fomitopsis_betulina/136910388.jpg,Fomitopsis betulina
data/images/Fomitopsis_betulina/137120430.jpg,Fomitopsis betulina
data/images/Fomitopsis_betulina/137151056.jpg,Fomitopsis betulina
data/images/Fomitopsis_betulina/137292128.jpg,Fomitopsis betulina
data/images/Fomitopsis_betulina/137384994.jpg,Fomitopsis betulina
data/images/Fomitopsis_betulina/137453345.jpg,Fomitopsis betulina
data/images/Fomitopsis_betulina/137500169.jpg,Fomitopsis betulina
data/images/Fomitopsis_betulina/137501899.jpg,Fomitopsis betulina
data/images/Fomitopsis_betulina/137949478.jpg,Fomitopsis betulina
data/images/Fomitopsis_betulina/137957936.jpg,Fomitopsis betulina
data/images/Fomitopsis_betulina/138361126.jpg,Fomitopsis betulina
data/images/Fomitopsis_betulina/138361245.jpg,Fomitopsis betulina
data/images/Fomitopsis_betulina/138361297.jpg,Fomitopsis betulina
data/images/Fomitopsis_betulina/138361369.jpg,Fomitopsis betulina
data/images/Fomitopsis_betulina/138361394.jpg,Fomitopsis betulina
data/images/Fomitopsis_betulina/138428956.jpg,Fomitopsis betulina
data/images/Fomitopsis_betulina/138522658.jpg,Fomitopsis betulina
data/images/Fomitopsis_betulina/138588761.jpg,Fomitopsis betulina
data/images/Fomitopsis_betulina/138589863.jpg,Fomitopsis betulina
data/images/Fomitopsis_betulina/138705571.jpg,Fomitopsis betulina
data/images/Fomitopsis_betulina/138705575.jpg,Fomitopsis betulina
data/images/Fomitopsis_betulina/138848643.jpg,Fomitopsis betulina
data/images/Fomitopsis_betulina/138867622.jpg,Fomitopsis betulina
data/images/Fomitopsis_betulina/138962999.jpg,Fomitopsis betulina
data/images/Fomitopsis_betulina/138969612.jpg,Fomitopsis betulina
data/images/Fomitopsis_betulina/138971154.jpg,Fomitopsis betulina
data/images/Fomitopsis_betulina/139110942.jpg,Fomitopsis betulina
data/images/Fomitopsis_betulina/139209911.jpg,Fomitopsis betulina
data/images/Fomitopsis_betulina/139313914.jpg,Fomitopsis betulina
data/images/Fomitopsis_betulina/139408102.jpg,Fomitopsis betulina
data/images/Fomitopsis_betulina/139612532.jpg,Fomitopsis betulina
data/images/Fomitopsis_betulina/139639526.jpg,Fomitopsis betulina
data/images/Fomitopsis_betulina/140501172.jpg,Fomitopsis betulina
data/images/Fomitopsis_betulina/140501861.jpg,Fomitopsis betulina
data/images/Fomitopsis_betulina/140782421.jpg,Fomitopsis betulina
data/images/Fomitopsis_betulina/140794714.jpg,Fomitopsis betulina
data/images/Fomitopsis_betulina/141704697.jpg,Fomitopsis betulina
data/images/Fomitopsis_betulina/144352602.jpg,Fomitopsis betulina
data/images/Fomitopsis_betulina/144788582.jpg,Fomitopsis betulina
data/images/Fomitopsis_betulina/146260593.jpg,Fomitopsis betulina
data/images/Fomitopsis_betulina/146534818.jpg,Fomitopsis betulina
data/images/Fomitopsis_betulina/147533105.jpg,Fomitopsis betulina
data/images/Fomitopsis_betulina/148090864.jpg,Fomitopsis betulina
data/images/Fomitopsis_betulina/148090945.jpg,Fomitopsis betulina
data/images/Fomitopsis_betulina/148688386.jpg,Fomitopsis betulina
data/images/Fomitopsis_betulina/148853229.jpg,Fomitopsis betulina
data/images/Fomitopsis_betulina/149110361.jpg,Fomitopsis betulina
data/images/Fomitopsis_betulina/149720067.jpg,Fomitopsis betulina
data/images/Fomitopsis_betulina/150201315.jpg,Fomitopsis betulina
data/images/Fomitopsis_betulina/150331121.jpg,Fomitopsis betulina
data/images/Fomitopsis_betulina/152243915.jpg,Fomitopsis betulina
data/images/Fomitopsis_betulina/152707829.jpg,Fomitopsis betulina
data/images/Fomitopsis_betulina/153667680.jpg,Fomitopsis betulina
data/images/Fomitopsis_betulina/153935779.jpg,Fomitopsis betulina
data/images/Fomitopsis_betulina/155288221.jpg,Fomitopsis betulina
data/images/Fomitopsis_betulina/155776273.jpg,Fomitopsis betulina
data/images/Fomitopsis_betulina/155879179.jpg,Fomitopsis betulina
data/images/Fomitopsis_betulina/155954394.jpg,Fomitopsis betulina
data/images/Fomitopsis_betulina/158184699.jpg,Fomitopsis betulina
data/images/Fomitopsis_betulina/158588214.jpg,Fomitopsis betulina
data/images/Fomitopsis_betulina/166267011.jpg,Fomitopsis betulina
data/images/Fomitopsis_betulina/170480565.jpg,Fomitopsis betulina
data/images/Fomitopsis_betulina/170486933.jpg,Fomitopsis betulina
data/images/Fomitopsis_betulina/172653485.jpg,Fomitopsis betulina
data/images/Fomitopsis_betulina/174084281.jpg,Fomitopsis betulina
data/images/Fomitopsis_betulina/179311234.jpg,Fomitopsis betulina
data/images/Fomitopsis_betulina/180306954.jpg,Fomitopsis betulina
data/images/Fomitopsis_betulina/180433791.jpg,Fomitopsis betulina
data/images/Fomitopsis_betulina/180807994.jpg,Fomitopsis betulina
data/images/Fomitopsis_betulina/183634981.jpg,Fomitopsis betulina
data/images/Fomitopsis_betulina/184531991.jpg,Fomitopsis betulina
data/images/Fomitopsis_betulina/184543284.jpg,Fomitopsis betulina
data/images/Fomitopsis_betulina/184669432.jpg,Fomitopsis betulina
data/images/Fomitopsis_betulina/188125812.jpg,Fomitopsis betulina
data/images/Fomitopsis_betulina/188363175.jpg,Fomitopsis betulina
data/images/Fomitopsis_betulina/188494546.jpg,Fomitopsis betulina
data/images/Fomitopsis_betulina/188998057.jpg,Fomitopsis betulina
data/images/Fomitopsis_betulina/188999673.jpg,Fomitopsis betulina
data/images/Fomitopsis_betulina/188999913.jpg,Fomitopsis betulina
data/images/Fomitopsis_betulina/189372694.jpg,Fomitopsis betulina
data/images/Fomitopsis_betulina/190530496.jpg,Fomitopsis betulina
data/images/Fomitopsis_betulina/191943222.jpg,Fomitopsis betulina
data/images/Fomitopsis_betulina/191978381.jpg,Fomitopsis betulina
data/images/Fomitopsis_betulina/193581143.jpg,Fomitopsis betulina
data/images/Fomitopsis_betulina/193858307.jpg,Fomitopsis betulina
data/images/Fomitopsis_betulina/194507431.jpg,Fomitopsis betulina
data/images/Fomitopsis_betulina/195670547.jpg,Fomitopsis betulina
data/images/Fomitopsis_betulina/197779852.jpg,Fomitopsis betulina
data/images/Fomitopsis_betulina/197878332.jpg,Fomitopsis betulina
data/images/Fomitopsis_betulina/198146199.jpg,Fomitopsis betulina
data/images/Fomitopsis_betulina/198996588.jpg,Fomitopsis betulina
data/images/Fomitopsis_betulina/199264976.jpg,Fomitopsis betulina
data/images/Fomitopsis_betulina/199373357.jpg,Fomitopsis betulina
data/images/Fomitopsis_betulina/199453308.jpg,Fomitopsis betulina
data/images/Fomitopsis_betulina/200179772.jpg,Fomitopsis betulina
data/images/Fomitopsis_betulina/200268293.jpg,Fomitopsis betulina
data/images/Fomitopsis_betulina/201380058.jpg,Fomitopsis betulina
data/images/Fomitopsis_betulina/201594908.jpg,Fomitopsis betulina
data/images/Fomitopsis_betulina/201769989.jpg,Fomitopsis betulina
data/images/Fomitopsis_betulina/202623372.jpg,Fomitopsis betulina
data/images/Fomitopsis_betulina/203709899.jpg,Fomitopsis betulina
data/images/Fomitopsis_betulina/205839199.jpg,Fomitopsis betulina
data/images/Fomitopsis_betulina/206995166.jpg,Fomitopsis betulina
data/images/Fomitopsis_betulina/207349741.jpg,Fomitopsis betulina
data/images/Fomitopsis_betulina/207907925.jpg,Fomitopsis betulina
data/images/Fomitopsis_betulina/207907949.jpg,Fomitopsis betulina
data/images/Fomitopsis_betulina/208474604.jpg,Fomitopsis betulina
data/images/Fomitopsis_betulina/209090564.jpg,Fomitopsis betulina
data/images/Fomitopsis_betulina/210445704.jpg,Fomitopsis betulina
data/images/Fomitopsis_betulina/210685263.jpg,Fomitopsis betulina
data/images/Fomitopsis_betulina/212217929.jpg,Fomitopsis betulina
data/images/Fomitopsis_betulina/213413803.jpg,Fomitopsis betulina
data/images/Fomitopsis_betulina/214006910.jpg,Fomitopsis betulina
data/images/Fomitopsis_betulina/223605487.jpg,Fomitopsis betulina
data/images/Fomitopsis_betulina/231772895.jpg,Fomitopsis betulina
data/images/Fomitopsis_betulina/234134208.jpg,Fomitopsis betulina
data/images/Fomitopsis_betulina/234935389.jpg,Fomitopsis betulina
data/images/Fomitopsis_betulina/239357517.jpg,Fomitopsis betulina
data/images/Fomitopsis_betulina/239463371.jpg,Fomitopsis betulina
data/images/Fomitopsis_betulina/240109183.jpg,Fomitopsis betulina
data/images/Fomitopsis_betulina/241881217.jpg,Fomitopsis betulina
data/images/Fomitopsis_betulina/242276299.jpg,Fomitopsis betulina
data/images/Fomitopsis_betulina/242304377.jpg,Fomitopsis betulina
data/images/Fomitopsis_betulina/242910630.jpg,Fomitopsis betulina
data/images/Fomitopsis_betulina/242910660.jpg,Fomitopsis betulina
data/images/Fomitopsis_betulina/242922994.jpg,Fomitopsis betulina
data/images/Fomitopsis_betulina/242923104.jpg,Fomitopsis betulina
data/images/Fomitopsis_betulina/243763603.jpg,Fomitopsis betulina
data/images/Fomitopsis_betulina/244470368.jpg,Fomitopsis betulina
data/images/Fomitopsis_betulina/245077134.jpg,Fomitopsis betulina
data/images/Fomitopsis_betulina/247625249.jpg,Fomitopsis betulina
data/images/Fomitopsis_betulina/247746569.jpg,Fomitopsis betulina
data/images/Fomitopsis_betulina/247881398.jpg,Fomitopsis betulina
data/images/Fomitopsis_betulina/247881740.jpg,Fomitopsis betulina
data/images/Fomitopsis_betulina/248440676.jpg,Fomitopsis betulina
data/images/Fomitopsis_betulina/248808481.jpg,Fomitopsis betulina
data/images/Fomitopsis_betulina/249188126.jpg,Fomitopsis betulina
data/images/Fomitopsis_betulina/249300435.jpg,Fomitopsis betulina
data/images/Fomitopsis_betulina/250783617.jpg,Fomitopsis betulina
data/images/Fomitopsis_betulina/251488130.jpg,Fomitopsis betulina
data/images/Fomitopsis_betulina/251561009.jpg,Fomitopsis betulina
data/images/Fomitopsis_betulina/251688046.jpg,Fomitopsis betulina
data/images/Fomitopsis_betulina/251893341.jpg,Fomitopsis betulina
data/images/Fomitopsis_betulina/252044856.jpg,Fomitopsis betulina
data/images/Fomitopsis_betulina/252129295.jpg,Fomitopsis betulina
data/images/Fomitopsis_betulina/252267455.jpg,Fomitopsis betulina
data/images/Fomitopsis_betulina/253607451.jpg,Fomitopsis betulina
data/images/Fomitopsis_betulina/253729638.jpg,Fomitopsis betulina
data/images/Fomitopsis_betulina/253866707.jpg,Fomitopsis betulina
data/images/Fomitopsis_betulina/253866719.jpg,Fomitopsis betulina
data/images/Fomitopsis_betulina/253986714.jpg,Fomitopsis betulina
data/images/Fomitopsis_betulina/254195093.jpg,Fomitopsis betulina
data/images/Fomitopsis_betulina/254253226.jpg,Fomitopsis betulina
data/images/Fomitopsis_betulina/254507905.jpg,Fomitopsis betulina
data/images/Fomitopsis_betulina/254696480.jpg,Fomitopsis betulina
data/images/Fomitopsis_betulina/255424045.jpg,Fomitopsis betulina
data/images/Fomitopsis_betulina/256370869.jpg,Fomitopsis betulina
data/images/Fomitopsis_betulina/256490101.jpg,Fomitopsis betulina
data/images/Fomitopsis_betulina/256607879.jpg,Fomitopsis betulina
data/images/Fomitopsis_betulina/257152599.jpg,Fomitopsis betulina
data/images/Fomitopsis_betulina/257391544.jpg,Fomitopsis betulina
data/images/Fomitopsis_betulina/257919118.jpg,Fomitopsis betulina
data/images/Fomitopsis_betulina/258842159.jpg,Fomitopsis betulina
data/images/Fomitopsis_betulina/258843023.jpg,Fomitopsis betulina
data/images/Fomitopsis_betulina/259856432.jpg,Fomitopsis betulina
data/images/Fomitopsis_betulina/260369360.jpg,Fomitopsis betulina
data/images/Fomitopsis_betulina/261127230.jpg,Fomitopsis betulina
data/images/Fomitopsis_betulina/261250211.jpg,Fomitopsis betulina
data/images/Fomitopsis_betulina/261341962.jpg,Fomitopsis betulina
data/images/Fomitopsis_betulina/266208066.jpg,Fomitopsis betulina
data/images/Fomitopsis_betulina/266244238.jpg,Fomitopsis betulina
data/images/Fomitopsis_betulina/267171119.jpg,Fomitopsis betulina
data/images/Fomitopsis_betulina/267480318.jpg,Fomitopsis betulina
data/images/Fomitopsis_betulina/267711225.jpg,Fomitopsis betulina
data/images/Fomitopsis_betulina/268696868.jpg,Fomitopsis betulina
data/images/Fomitopsis_betulina/269171504.jpg,Fomitopsis betulina
data/images/Fomitopsis_betulina/269580377.jpg,Fomitopsis betulina
data/images/Fomitopsis_betulina/270181468.jpg,Fomitopsis betulina
data/images/Fomitopsis_betulina/272226971.jpg,Fomitopsis betulina
data/images/Fomitopsis_betulina/275437801.jpg,Fomitopsis betulina
data/images/Fomitopsis_betulina/276690042.jpg,Fomitopsis betulina
data/images/Fomitopsis_betulina/281785825.jpg,Fomitopsis betulina
data/images/Fomitopsis_betulina/283118070.jpg,Fomitopsis betulina
data/images/Fomitopsis_betulina/285012279.jpg,Fomitopsis betulina
data/images/Fomitopsis_betulina/285289329.jpg,Fomitopsis betulina
data/images/Fomitopsis_betulina/288432735.jpg,Fomitopsis betulina
data/images/Fomitopsis_betulina/293399411.jpg,Fomitopsis betulina
data/images/Fomitopsis_betulina/297366053.jpg,Fomitopsis betulina
data/images/Fomitopsis_betulina/297547687.jpg,Fomitopsis betulina
data/images/Fomitopsis_betulina/297955304.jpg,Fomitopsis betulina
data/images/Fomitopsis_betulina/306700310.jpg,Fomitopsis betulina
data/images/Fomitopsis_betulina/308152550.jpg,Fomitopsis betulina
data/images/Fomitopsis_betulina/310440954.jpg,Fomitopsis betulina
data/images/Fomitopsis_betulina/310749931.jpg,Fomitopsis betulina
data/images/Fomitopsis_betulina/313580777.jpg,Fomitopsis betulina
data/images/Fomitopsis_betulina/315790760.jpg,Fomitopsis betulina
data/images/Fomitopsis_betulina/316740700.jpg,Fomitopsis betulina
data/images/Fomitopsis_betulina/318409603.jpg,Fomitopsis betulina
data/images/Fomitopsis_betulina/318852288.jpg,Fomitopsis betulina
data/images/Fomitopsis_betulina/318870093.jpg,Fomitopsis betulina
data/images/Fomitopsis_betulina/319374071.jpg,Fomitopsis betulina
data/images/Fomitopsis_betulina/319792621.jpg,Fomitopsis betulina
data/images/Fomitopsis_betulina/320017695.jpg,Fomitopsis betulina
data/images/Fomitopsis_betulina/320131780.jpg,Fomitopsis betulina
data/images/Fomitopsis_betulina/320341881.jpg,Fomitopsis betulina
data/images/Fomitopsis_betulina/320383119.jpg,Fomitopsis betulina
data/images/Fomitopsis_betulina/320392738.jpg,Fomitopsis betulina
data/images/Fomitopsis_betulina/320621527.jpg,Fomitopsis betulina
data/images/Fomitopsis_betulina/321034211.jpg,Fomitopsis betulina
data/images/Fomitopsis_betulina/321205136.jpg,Fomitopsis betulina
data/images/Fomitopsis_betulina/321802593.jpg,Fomitopsis betulina
data/images/Fomitopsis_betulina/322953577.jpg,Fomitopsis betulina
data/images/Fomitopsis_betulina/323159692.jpg,Fomitopsis betulina
data/images/Fomitopsis_betulina/323853740.jpg,Fomitopsis betulina
data/images/Fomitopsis_betulina/323984770.jpg,Fomitopsis betulina
data/images/Fomitopsis_betulina/326031278.jpg,Fomitopsis betulina
data/images/Fomitopsis_betulina/326171835.jpg,Fomitopsis betulina
data/images/Fomitopsis_betulina/328898590.jpg,Fomitopsis betulina
data/images/Fomitopsis_betulina/328902860.jpg,Fomitopsis betulina
data/images/Fomitopsis_betulina/329823243.jpg,Fomitopsis betulina
data/images/Fomitopsis_betulina/330821786.jpg,Fomitopsis betulina
data/images/Fomitopsis_betulina/331322342.jpg,Fomitopsis betulina
data/images/Fomitopsis_betulina/331783898.jpg,Fomitopsis betulina
data/images/Fomitopsis_betulina/334760511.jpg,Fomitopsis betulina
data/images/Fomitopsis_betulina/334956313.jpg,Fomitopsis betulina
data/images/Fomitopsis_betulina/335077319.jpg,Fomitopsis betulina
data/images/Fomitopsis_betulina/341669286.jpg,Fomitopsis betulina
data/images/Fomitopsis_betulina/343130285.jpg,Fomitopsis betulina
data/images/Fomitopsis_betulina/346083546.jpg,Fomitopsis betulina
data/images/Fomitopsis_betulina/347250414.jpg,Fomitopsis betulina
data/images/Fomitopsis_betulina/349796200.jpg,Fomitopsis betulina
data/images/Fomitopsis_betulina/349799520.jpg,Fomitopsis betulina
data/images/Fomitopsis_betulina/66464953.jpg,Fomitopsis betulina
data/images/Fomitopsis_betulina/67002353.jpg,Fomitopsis betulina
data/images/Fomitopsis_betulina/67047895.jpg,Fomitopsis betulina
data/images/Fomitopsis_betulina/67247310.jpg,Fomitopsis betulina
data/images/Fomitopsis_betulina/67302404.jpg,Fomitopsis betulina
data/images/Fomitopsis_betulina/68448188.jpg,Fomitopsis betulina
data/images/Fomitopsis_betulina/68490033.jpg,Fomitopsis betulina
data/images/Fomitopsis_betulina/69140262.jpg,Fomitopsis betulina
data/images/Fomitopsis_betulina/69461849.jpg,Fomitopsis betulina
data/images/Fomitopsis_betulina/69919423.jpg,Fomitopsis betulina
data/images/Fomitopsis_betulina/70319879.jpg,Fomitopsis betulina
data/images/Fomitopsis_betulina/70662761.jpg,Fomitopsis betulina
data/images/Fomitopsis_betulina/71064963.jpg,Fomitopsis betulina
data/images/Fomitopsis_betulina/71066895.jpg,Fomitopsis betulina
data/images/Fomitopsis_betulina/71618035.jpg,Fomitopsis betulina
data/images/Fomitopsis_betulina/71932098.jpg,Fomitopsis betulina
data/images/Fomitopsis_betulina/72760389.jpg,Fomitopsis betulina
data/images/Fomitopsis_betulina/73098313.jpg,Fomitopsis betulina
data/images/Fomitopsis_betulina/73287453.jpg,Fomitopsis betulina
data/images/Fomitopsis_betulina/73308120.jpg,Fomitopsis betulina
data/images/Fomitopsis_betulina/73616106.jpg,Fomitopsis betulina
data/images/Fomitopsis_betulina/74035872.jpg,Fomitopsis betulina
data/images/Fomitopsis_betulina/78050101.jpg,Fomitopsis betulina
data/images/Fomitopsis_betulina/78445479.jpg,Fomitopsis betulina
data/images/Fomitopsis_betulina/78555669.jpg,Fomitopsis betulina
data/images/Fomitopsis_betulina/79023243.jpg,Fomitopsis betulina
data/images/Fomitopsis_betulina/80080985.jpg,Fomitopsis betulina
data/images/Fomitopsis_betulina/80100698.jpg,Fomitopsis betulina
data/images/Fomitopsis_betulina/81149361.jpg,Fomitopsis betulina
data/images/Fomitopsis_betulina/81167048.jpg,Fomitopsis betulina
data/images/Fomitopsis_betulina/81680589.jpg,Fomitopsis betulina
data/images/Fomitopsis_betulina/86835303.jpg,Fomitopsis betulina
data/images/Fomitopsis_betulina/91752176.jpg,Fomitopsis betulina
data/images/Fomitopsis_betulina/92276573.jpg,Fomitopsis betulina
data/images/Fomitopsis_betulina/92464179.jpg,Fomitopsis betulina
data/images/Fomitopsis_betulina/92481620.jpg,Fomitopsis betulina
data/images/Fomitopsis_betulina/94129684.jpg,Fomitopsis betulina
data/images/Fomitopsis_betulina/94194910.jpg,Fomitopsis betulina
data/images/Fomitopsis_betulina/94376172.jpg,Fomitopsis betulina
data/images/Fomitopsis_betulina/94441079.jpg,Fomitopsis betulina
data/images/Fomitopsis_betulina/94477355.jpg,Fomitopsis betulina
data/images/Fomitopsis_betulina/94590357.jpg,Fomitopsis betulina
data/images/Fomitopsis_betulina/94802370.jpg,Fomitopsis betulina
data/images/Fomitopsis_betulina/95259188.jpg,Fomitopsis betulina
data/images/Fomitopsis_betulina/95278212.jpg,Fomitopsis betulina
data/images/Fomitopsis_betulina/95381206.jpg,Fomitopsis betulina
data/images/Fomitopsis_betulina/95398700.jpg,Fomitopsis betulina
data/images/Fomitopsis_betulina/95406431.jpg,Fomitopsis betulina
data/images/Fomitopsis_betulina/95565625.jpg,Fomitopsis betulina
data/images/Fomitopsis_betulina/95841452.jpg,Fomitopsis betulina
data/images/Fomitopsis_betulina/96052268.jpg,Fomitopsis betulina
data/images/Fomitopsis_betulina/96191944.jpg,Fomitopsis betulina
data/images/Fomitopsis_betulina/96193828.jpg,Fomitopsis betulina
data/images/Fomitopsis_betulina/96211014.jpg,Fomitopsis betulina
data/images/Fomitopsis_betulina/96262670.jpg,Fomitopsis betulina
data/images/Fomitopsis_betulina/96457367.jpg,Fomitopsis betulina
data/images/Fomitopsis_betulina/96761518.jpg,Fomitopsis betulina
data/images/Fomitopsis_betulina/96765253.jpg,Fomitopsis betulina
data/images/Fomitopsis_betulina/97023400.jpg,Fomitopsis betulina
data/images/Fomitopsis_betulina/97136328.jpg,Fomitopsis betulina
data/images/Fomitopsis_betulina/97527944.jpg,Fomitopsis betulina
data/images/Fomitopsis_betulina/97652473.jpg,Fomitopsis betulina
data/images/Fomitopsis_betulina/97748059.jpg,Fomitopsis betulina
data/images/Fomitopsis_betulina/97785022.jpg,Fomitopsis betulina
data/images/Fomitopsis_betulina/97813346.jpg,Fomitopsis betulina
data/images/Fomitopsis_betulina/98316535.jpg,Fomitopsis betulina
data/images/Fomitopsis_betulina/98497715.jpg,Fomitopsis betulina
data/images/Fomitopsis_betulina/98694393.jpg,Fomitopsis betulina
data/images/Fomitopsis_betulina/98699434.jpg,Fomitopsis betulina
data/images/Fomitopsis_betulina/98871426.jpg,Fomitopsis betulina
data/images/Fomitopsis_betulina/98882092.jpg,Fomitopsis betulina
data/images/Fomitopsis_betulina/98969869.jpg,Fomitopsis betulina
data/images/Fomitopsis_betulina/99350686.jpg,Fomitopsis betulina
data/images/Fomitopsis_betulina/99612587.jpg,Fomitopsis betulina
data/images/Fomitopsis_betulina/99695815.jpg,Fomitopsis betulina
data/images/Meripilus_giganteus/101563684.jpg,Meripilus giganteus
data/images/Meripilus_giganteus/126466315.jpg,Meripilus giganteus
data/images/Meripilus_giganteus/129584385.jpg,Meripilus giganteus
data/images/Meripilus_giganteus/129829459.jpg,Meripilus giganteus
data/images/Meripilus_giganteus/129831905.jpg,Meripilus giganteus
data/images/Meripilus_giganteus/130089681.jpg,Meripilus giganteus
data/images/Meripilus_giganteus/130119694.jpg,Meripilus giganteus
data/images/Meripilus_giganteus/130233991.jpg,Meripilus giganteus
data/images/Meripilus_giganteus/130600722.jpg,Meripilus giganteus
data/images/Meripilus_giganteus/131093617.jpg,Meripilus giganteus
data/images/Meripilus_giganteus/131097948.jpg,Meripilus giganteus
data/images/Meripilus_giganteus/131217824.jpg,Meripilus giganteus
data/images/Meripilus_giganteus/131318696.jpg,Meripilus giganteus
data/images/Meripilus_giganteus/131564176.jpg,Meripilus giganteus
data/images/Meripilus_giganteus/131565115.jpg,Meripilus giganteus
data/images/Meripilus_giganteus/131614907.jpg,Meripilus giganteus
data/images/Meripilus_giganteus/131704768.jpg,Meripilus giganteus
data/images/Meripilus_giganteus/131869440.jpg,Meripilus giganteus
data/images/Meripilus_giganteus/132293116.jpg,Meripilus giganteus
data/images/Meripilus_giganteus/132500827.jpg,Meripilus giganteus
data/images/Meripilus_giganteus/132548889.jpg,Meripilus giganteus
data/images/Meripilus_giganteus/132934994.jpg,Meripilus giganteus
data/images/Meripilus_giganteus/132971588.jpg,Meripilus giganteus
data/images/Meripilus_giganteus/133189867.jpg,Meripilus giganteus
data/images/Meripilus_giganteus/133189905.jpg,Meripilus giganteus
data/images/Meripilus_giganteus/133437317.jpg,Meripilus giganteus
data/images/Meripilus_giganteus/133911988.jpg,Meripilus giganteus
data/images/Meripilus_giganteus/134155348.jpg,Meripilus giganteus
data/images/Meripilus_giganteus/134155443.jpg,Meripilus giganteus
data/images/Meripilus_giganteus/134171056.jpg,Meripilus giganteus
data/images/Meripilus_giganteus/134603916.jpg,Meripilus giganteus
data/images/Meripilus_giganteus/134963701.jpg,Meripilus giganteus
data/images/Meripilus_giganteus/135357904.jpg,Meripilus giganteus
data/images/Meripilus_giganteus/135506485.jpg,Meripilus giganteus
data/images/Meripilus_giganteus/135786546.jpg,Meripilus giganteus
data/images/Meripilus_giganteus/135893119.jpg,Meripilus giganteus
data/images/Meripilus_giganteus/136136229.jpg,Meripilus giganteus
data/images/Meripilus_giganteus/136205706.jpg,Meripilus giganteus
data/images/Meripilus_giganteus/136243131.jpg,Meripilus giganteus
data/images/Meripilus_giganteus/136258507.jpg,Meripilus giganteus
data/images/Meripilus_giganteus/136259622.jpg,Meripilus giganteus
data/images/Meripilus_giganteus/136276571.jpg,Meripilus giganteus
data/images/Meripilus_giganteus/136407824.jpg,Meripilus giganteus
data/images/Meripilus_giganteus/136680434.jpg,Meripilus giganteus
data/images/Meripilus_giganteus/136840749.jpg,Meripilus giganteus
data/images/Meripilus_giganteus/137162698.jpg,Meripilus giganteus
data/images/Meripilus_giganteus/137262047.jpg,Meripilus giganteus
data/images/Meripilus_giganteus/137267359.jpg,Meripilus giganteus
data/images/Meripilus_giganteus/137509144.jpg,Meripilus giganteus
data/images/Meripilus_giganteus/137526067.jpg,Meripilus giganteus
data/images/Meripilus_giganteus/137721859.jpg,Meripilus giganteus
data/images/Meripilus_giganteus/137721942.jpg,Meripilus giganteus
data/images/Meripilus_giganteus/137727666.jpg,Meripilus giganteus
data/images/Meripilus_giganteus/137858937.jpg,Meripilus giganteus
data/images/Meripilus_giganteus/137953765.jpg,Meripilus giganteus
data/images/Meripilus_giganteus/137955664.jpg,Meripilus giganteus
data/images/Meripilus_giganteus/137961371.jpg,Meripilus giganteus
data/images/Meripilus_giganteus/137965339.jpg,Meripilus giganteus
data/images/Meripilus_giganteus/137999129.jpg,Meripilus giganteus
data/images/Meripilus_giganteus/138098330.jpg,Meripilus giganteus
data/images/Meripilus_giganteus/138105968.jpg,Meripilus giganteus
data/images/Meripilus_giganteus/138110746.jpg,Meripilus giganteus
data/images/Meripilus_giganteus/138111241.jpg,Meripilus giganteus
data/images/Meripilus_giganteus/138227363.jpg,Meripilus giganteus
data/images/Meripilus_giganteus/138240617.jpg,Meripilus giganteus
data/images/Meripilus_giganteus/138483137.jpg,Meripilus giganteus
data/images/Meripilus_giganteus/138483290.jpg,Meripilus giganteus
data/images/Meripilus_giganteus/138498456.jpg,Meripilus giganteus
data/images/Meripilus_giganteus/138817466.jpg,Meripilus giganteus
data/images/Meripilus_giganteus/138822004.jpg,Meripilus giganteus
data/images/Meripilus_giganteus/138826816.jpg,Meripilus giganteus
data/images/Meripilus_giganteus/138827127.jpg,Meripilus giganteus
data/images/Meripilus_giganteus/139153971.jpg,Meripilus giganteus
data/images/Meripilus_giganteus/139216955.jpg,Meripilus giganteus
data/images/Meripilus_giganteus/139520985.jpg,Meripilus giganteus
data/images/Meripilus_giganteus/139870546.jpg,Meripilus giganteus
data/images/Meripilus_giganteus/140106726.jpg,Meripilus giganteus
data/images/Meripilus_giganteus/140245793.jpg,Meripilus giganteus
data/images/Meripilus_giganteus/140498720.jpg,Meripilus giganteus
data/images/Meripilus_giganteus/140525644.jpg,Meripilus giganteus
data/images/Meripilus_giganteus/146388779.jpg,Meripilus giganteus
data/images/Meripilus_giganteus/172987963.jpg,Meripilus giganteus
data/images/Meripilus_giganteus/175200718.jpg,Meripilus giganteus
data/images/Meripilus_giganteus/175272300.jpg,Meripilus giganteus
data/images/Meripilus_giganteus/175350245.jpg,Meripilus giganteus
data/images/Meripilus_giganteus/175357644.jpg,Meripilus giganteus
data/images/Meripilus_giganteus/175500671.jpg,Meripilus giganteus
data/images/Meripilus_giganteus/175601226.jpg,Meripilus giganteus
data/images/Meripilus_giganteus/175902947.jpg,Meripilus giganteus
data/images/Meripilus_giganteus/175939738.jpg,Meripilus giganteus
data/images/Meripilus_giganteus/175955482.jpg,Meripilus giganteus
data/images/Meripilus_giganteus/176121309.jpg,Meripilus giganteus
data/images/Meripilus_giganteus/176237615.jpg,Meripilus giganteus
data/images/Meripilus_giganteus/176265879.jpg,Meripilus giganteus
data/images/Meripilus_giganteus/176279149.jpg,Meripilus giganteus
data/images/Meripilus_giganteus/176309628.jpg,Meripilus giganteus
data/images/Meripilus_giganteus/176734791.jpg,Meripilus giganteus
data/images/Meripilus_giganteus/176742288.jpg,Meripilus giganteus
data/images/Meripilus_giganteus/176880988.jpg,Meripilus giganteus
data/images/Meripilus_giganteus/176937356.jpg,Meripilus giganteus
data/images/Meripilus_giganteus/176956020.jpg,Meripilus giganteus
data/images/Meripilus_giganteus/177133156.jpg,Meripilus giganteus
data/images/Meripilus_giganteus/177146983.jpg,Meripilus giganteus
data/images/Meripilus_giganteus/177151134.jpg,Meripilus giganteus
data/images/Meripilus_giganteus/177637558.jpg,Meripilus giganteus
data/images/Meripilus_giganteus/177871201.jpg,Meripilus giganteus
data/images/Meripilus_giganteus/178140121.jpg,Meripilus giganteus
data/images/Meripilus_giganteus/178155931.jpg,Meripilus giganteus
data/images/Meripilus_giganteus/178654347.jpg,Meripilus giganteus
data/images/Meripilus_giganteus/179124282.jpg,Meripilus giganteus
data/images/Meripilus_giganteus/179318510.jpg,Meripilus giganteus
data/images/Meripilus_giganteus/179342017.jpg,Meripilus giganteus
data/images/Meripilus_giganteus/179784817.jpg,Meripilus giganteus
data/images/Meripilus_giganteus/179818759.jpg,Meripilus giganteus
data/images/Meripilus_giganteus/179836242.jpg,Meripilus giganteus
data/images/Meripilus_giganteus/180428386.jpg,Meripilus giganteus
data/images/Meripilus_giganteus/180589123.jpg,Meripilus giganteus
data/images/Meripilus_giganteus/180614826.jpg,Meripilus giganteus
data/images/Meripilus_giganteus/181340661.jpg,Meripilus giganteus
data/images/Meripilus_giganteus/181557058.jpg,Meripilus giganteus
data/images/Meripilus_giganteus/183988935.jpg,Meripilus giganteus
data/images/Meripilus_giganteus/185252757.jpg,Meripilus giganteus
data/images/Meripilus_giganteus/186046075.jpg,Meripilus giganteus
data/images/Meripilus_giganteus/186396258.jpg,Meripilus giganteus
data/images/Meripilus_giganteus/186690493.jpg,Meripilus giganteus
data/images/Meripilus_giganteus/187380714.jpg,Meripilus giganteus
data/images/Meripilus_giganteus/187782402.jpg,Meripilus giganteus
data/images/Meripilus_giganteus/190196833.jpg,Meripilus giganteus
data/images/Meripilus_giganteus/200069510.jpg,Meripilus giganteus
data/images/Meripilus_giganteus/216767416.jpg,Meripilus giganteus
data/images/Meripilus_giganteus/216767440.jpg,Meripilus giganteus
data/images/Meripilus_giganteus/228258735.jpg,Meripilus giganteus
data/images/Meripilus_giganteus/232865118.jpg,Meripilus giganteus
data/images/Meripilus_giganteus/233286231.jpg,Meripilus giganteus
data/images/Meripilus_giganteus/233991446.jpg,Meripilus giganteus
data/images/Meripilus_giganteus/234210061.jpg,Meripilus giganteus
data/images/Meripilus_giganteus/234853096.jpg,Meripilus giganteus
data/images/Meripilus_giganteus/234855222.jpg,Meripilus giganteus
data/images/Meripilus_giganteus/235568558.jpg,Meripilus giganteus
data/images/Meripilus_giganteus/237608078.jpg,Meripilus giganteus
data/images/Meripilus_giganteus/237653106.jpg,Meripilus giganteus
data/images/Meripilus_giganteus/238391222.jpg,Meripilus giganteus
data/images/Meripilus_giganteus/239171219.jpg,Meripilus giganteus
data/images/Meripilus_giganteus/239805375.jpg,Meripilus giganteus
data/images/Meripilus_giganteus/240499353.jpg,Meripilus giganteus
data/images/Meripilus_giganteus/240759169.jpg,Meripilus giganteus
data/images/Meripilus_giganteus/240980865.jpg,Meripilus giganteus
data/images/Meripilus_giganteus/241130598.jpg,Meripilus giganteus
data/images/Meripilus_giganteus/241849150.jpg,Meripilus giganteus
data/images/Meripilus_giganteus/242566464.jpg,Meripilus giganteus
data/images/Meripilus_giganteus/242660307.jpg,Meripilus giganteus
data/images/Meripilus_giganteus/243071391.jpg,Meripilus giganteus
data/images/Meripilus_giganteus/243761821.jpg,Meripilus giganteus
data/images/Meripilus_giganteus/243963049.jpg,Meripilus giganteus
data/images/Meripilus_giganteus/244454479.jpg,Meripilus giganteus
data/images/Meripilus_giganteus/244510026.jpg,Meripilus giganteus
data/images/Meripilus_giganteus/244951989.jpg,Meripilus giganteus
data/images/Meripilus_giganteus/245214403.jpg,Meripilus giganteus
data/images/Meripilus_giganteus/246446513.jpg,Meripilus giganteus
data/images/Meripilus_giganteus/246911421.jpg,Meripilus giganteus
data/images/Meripilus_giganteus/247078018.jpg,Meripilus giganteus
data/images/Meripilus_giganteus/247448328.jpg,Meripilus giganteus
data/images/Meripilus_giganteus/247909526.jpg,Meripilus giganteus
data/images/Meripilus_giganteus/248734305.jpg,Meripilus giganteus
data/images/Meripilus_giganteus/250273668.jpg,Meripilus giganteus
data/images/Meripilus_giganteus/298619449.jpg,Meripilus giganteus
data/images/Meripilus_giganteus/301284457.jpg,Meripilus giganteus
data/images/Meripilus_giganteus/301478579.jpg,Meripilus giganteus
data/images/Meripilus_giganteus/301809947.jpg,Meripilus giganteus
data/images/Meripilus_giganteus/302658374.jpg,Meripilus giganteus
data/images/Meripilus_giganteus/303106965.jpg,Meripilus giganteus
data/images/Meripilus_giganteus/303431276.jpg,Meripilus giganteus
data/images/Meripilus_giganteus/303680155.jpg,Meripilus giganteus
data/images/Meripilus_giganteus/304040889.jpg,Meripilus giganteus
data/images/Meripilus_giganteus/304175472.jpg,Meripilus giganteus
data/images/Meripilus_giganteus/304463253.jpg,Meripilus giganteus
data/images/Meripilus_giganteus/305493680.jpg,Meripilus giganteus
data/images/Meripilus_giganteus/306220026.jpg,Meripilus giganteus
data/images/Meripilus_giganteus/306220999.jpg,Meripilus giganteus
data/images/Meripilus_giganteus/306771128.jpg,Meripilus giganteus
data/images/Meripilus_giganteus/306972031.jpg,Meripilus giganteus
data/images/Meripilus_giganteus/306986094.jpg,Meripilus giganteus
data/images/Meripilus_giganteus/307340810.jpg,Meripilus giganteus
data/images/Meripilus_giganteus/307452004.jpg,Meripilus giganteus
data/images/Meripilus_giganteus/307473026.jpg,Meripilus giganteus
data/images/Meripilus_giganteus/307926433.jpg,Meripilus giganteus
data/images/Meripilus_giganteus/307931161.jpg,Meripilus giganteus
data/images/Meripilus_giganteus/307980708.jpg,Meripilus giganteus
data/images/Meripilus_giganteus/308159528.jpg,Meripilus giganteus
data/images/Meripilus_giganteus/308163127.jpg,Meripilus giganteus
data/images/Meripilus_giganteus/308387752.jpg,Meripilus giganteus
data/images/Meripilus_giganteus/308398564.jpg,Meripilus giganteus
data/images/Meripilus_giganteus/308458881.jpg,Meripilus giganteus
data/images/Meripilus_giganteus/308956420.jpg,Meripilus giganteus
data/images/Meripilus_giganteus/309299328.jpg,Meripilus giganteus
data/images/Meripilus_giganteus/310187863.jpg,Meripilus giganteus
data/images/Meripilus_giganteus/310447009.jpg,Meripilus giganteus
data/images/Meripilus_giganteus/310467311.jpg,Meripilus giganteus
data/images/Meripilus_giganteus/310487418.jpg,Meripilus giganteus
data/images/Meripilus_giganteus/310984272.jpg,Meripilus giganteus
data/images/Meripilus_giganteus/310989113.jpg,Meripilus giganteus
data/images/Meripilus_giganteus/311255442.jpg,Meripilus giganteus
data/images/Meripilus_giganteus/314974840.jpg,Meripilus giganteus
data/images/Meripilus_giganteus/320236578.jpg,Meripilus giganteus
data/images/Meripilus_giganteus/320341647.jpg,Meripilus giganteus
data/images/Meripilus_giganteus/321820011.jpg,Meripilus giganteus
data/images/Meripilus_giganteus/324288526.jpg,Meripilus giganteus
data/images/Meripilus_giganteus/337214042.jpg,Meripilus giganteus
data/images/Meripilus_giganteus/59674593.jpg,Meripilus giganteus
data/images/Meripilus_giganteus/59761256.jpg,Meripilus giganteus
data/images/Meripilus_giganteus/59866774.jpg,Meripilus giganteus
data/images/Meripilus_giganteus/60069205.jpg,Meripilus giganteus
data/images/Meripilus_giganteus/60179899.jpg,Meripilus giganteus
data/images/Meripilus_giganteus/60189712.jpg,Meripilus giganteus
data/images/Meripilus_giganteus/60294804.jpg,Meripilus giganteus
data/images/Meripilus_giganteus/60302533.jpg,Meripilus giganteus
data/images/Meripilus_giganteus/60302595.jpg,Meripilus giganteus
data/images/Meripilus_giganteus/60401906.jpg,Meripilus giganteus
data/images/Meripilus_giganteus/60519122.jpg,Meripilus giganteus
data/images/Meripilus_giganteus/60522782.jpg,Meripilus giganteus
data/images/Meripilus_giganteus/60523287.jpg,Meripilus giganteus
data/images/Meripilus_giganteus/60588497.jpg,Meripilus giganteus
data/images/Meripilus_giganteus/60689202.jpg,Meripilus giganteus
data/images/Meripilus_giganteus/60818445.jpg,Meripilus giganteus
data/images/Meripilus_giganteus/60939496.jpg,Meripilus giganteus
data/images/Meripilus_giganteus/60944681.jpg,Meripilus giganteus
data/images/Meripilus_giganteus/61195901.jpg,Meripilus giganteus
data/images/Meripilus_giganteus/61214361.jpg,Meripilus giganteus
data/images/Meripilus_giganteus/61296601.jpg,Meripilus giganteus
data/images/Meripilus_giganteus/61301272.jpg,Meripilus giganteus
data/images/Meripilus_giganteus/61468358.jpg,Meripilus giganteus
data/images/Meripilus_giganteus/61548214.jpg,Meripilus giganteus
data/images/Meripilus_giganteus/61548576.jpg,Meripilus giganteus
data/images/Meripilus_giganteus/61549459.jpg,Meripilus giganteus
data/images/Meripilus_giganteus/61558260.jpg,Meripilus giganteus
data/images/Meripilus_giganteus/61560412.jpg,Meripilus giganteus
data/images/Meripilus_giganteus/61618484.jpg,Meripilus giganteus
data/images/Meripilus_giganteus/61657616.jpg,Meripilus giganteus
data/images/Meripilus_giganteus/61661125.jpg,Meripilus giganteus
data/images/Meripilus_giganteus/61705677.jpg,Meripilus giganteus
data/images/Meripilus_giganteus/61926593.jpg,Meripilus giganteus
data/images/Meripilus_giganteus/61932348.jpg,Meripilus giganteus
data/images/Meripilus_giganteus/62014360.jpg,Meripilus giganteus
data/images/Meripilus_giganteus/62099673.jpg,Meripilus giganteus
data/images/Meripilus_giganteus/62117103.jpg,Meripilus giganteus
data/images/Meripilus_giganteus/62200922.jpg,Meripilus giganteus
data/images/Meripilus_giganteus/62206627.jpg,Meripilus giganteus
data/images/Meripilus_giganteus/62300265.jpg,Meripilus giganteus
data/images/Meripilus_giganteus/62481129.jpg,Meripilus giganteus
data/images/Meripilus_giganteus/62626185.jpg,Meripilus giganteus
data/images/Meripilus_giganteus/62782129.jpg,Meripilus giganteus
data/images/Meripilus_giganteus/62782807.jpg,Meripilus giganteus
data/images/Meripilus_giganteus/62802557.jpg,Meripilus giganteus
data/images/Meripilus_giganteus/63076663.jpg,Meripilus giganteus
data/images/Meripilus_giganteus/63380479.jpg,Meripilus giganteus
data/images/Meripilus_giganteus/63641823.jpg,Meripilus giganteus
data/images/Meripilus_giganteus/63956121.jpg,Meripilus giganteus
data/images/Meripilus_giganteus/70811914.jpg,Meripilus giganteus
data/images/Meripilus_giganteus/87370881.jpg,Meripilus giganteus
data/images/Meripilus_giganteus/88158128.jpg,Meripilus giganteus
data/images/Meripilus_giganteus/88235382.jpg,Meripilus giganteus
data/images/Meripilus_giganteus/88528649.jpg,Meripilus giganteus
data/images/Meripilus_giganteus/88560364.jpg,Meripilus giganteus
data/images/Meripilus_giganteus/88803656.jpg,Meripilus giganteus
data/images/Meripilus_giganteus/88918975.jpg,Meripilus giganteus
data/images/Meripilus_giganteus/89054880.jpg,Meripilus giganteus
data/images/Meripilus_giganteus/89285459.jpg,Meripilus giganteus
data/images/Meripilus_giganteus/89649096.jpg,Meripilus giganteus
data/images/Meripilus_giganteus/89649097.jpg,Meripilus giganteus
data/images/Meripilus_giganteus/89649105.jpg,Meripilus giganteus
data/images/Meripilus_giganteus/90016394.jpg,Meripilus giganteus
data/images/Meripilus_giganteus/90240961.jpg,Meripilus giganteus
data/images/Meripilus_giganteus/90241036.jpg,Meripilus giganteus
data/images/Meripilus_giganteus/90518939.jpg,Meripilus giganteus
data/images/Meripilus_giganteus/90565208.jpg,Meripilus giganteus
data/images/Meripilus_giganteus/90864752.jpg,Meripilus giganteus
data/images/Meripilus_giganteus/90869091.jpg,Meripilus giganteus
data/images/Meripilus_giganteus/90884550.jpg,Meripilus giganteus
data/images/Meripilus_giganteus/91017756.jpg,Meripilus giganteus
data/images/Meripilus_giganteus/91017861.jpg,Meripilus giganteus
data/images/Meripilus_giganteus/91018184.jpg,Meripilus giganteus
data/images/Meripilus_giganteus/91231711.jpg,Meripilus giganteus
data/images/Meripilus_giganteus/91257499.jpg,Meripilus giganteus
data/images/Meripilus_giganteus/91290509.jpg,Meripilus giganteus
data/images/Meripilus_giganteus/91386603.jpg,Meripilus giganteus
data/images/Meripilus_giganteus/91447891.jpg,Meripilus giganteus
data/images/Meripilus_giganteus/91539458.jpg,Meripilus giganteus
data/images/Meripilus_giganteus/91644653.jpg,Meripilus giganteus
data/images/Meripilus_giganteus/91646928.jpg,Meripilus giganteus
data/images/Meripilus_giganteus/91725596.jpg,Meripilus giganteus
data/images/Meripilus_giganteus/91976018.jpg,Meripilus giganteus
data/images/Meripilus_giganteus/92328957.jpg,Meripilus giganteus
data/images/Meripilus_giganteus/92344349.jpg,Meripilus giganteus
data/images/Meripilus_giganteus/92569545.jpg,Meripilus giganteus
data/images/Meripilus_giganteus/92570919.jpg,Meripilus giganteus
data/images/Meripilus_giganteus/92650532.jpg,Meripilus giganteus
data/images/Meripilus_giganteus/92660356.jpg,Meripilus giganteus
data/images/Meripilus_giganteus/92755297.jpg,Meripilus giganteus
data/images/Meripilus_giganteus/92757241.jpg,Meripilus giganteus
data/images/Meripilus_giganteus/92769294.jpg,Meripilus giganteus
data/images/Meripilus_giganteus/92885306.jpg,Meripilus giganteus
data/images/Meripilus_giganteus/92892815.jpg,Meripilus giganteus
data/images/Meripilus_giganteus/92904210.jpg,Meripilus giganteus
data/images/Meripilus_giganteus/92906176.jpg,Meripilus giganteus
data/images/Meripilus_giganteus/92906616.jpg,Meripilus giganteus
data/images/Meripilus_giganteus/92908751.jpg,Meripilus giganteus
data/images/Meripilus_giganteus/92931657.jpg,Meripilus giganteus
data/images/Meripilus_giganteus/93021356.jpg,Meripilus giganteus
data/images/Meripilus_giganteus/93026019.jpg,Meripilus giganteus
data/images/Meripilus_giganteus/93047980.jpg,Meripilus giganteus
data/images/Meripilus_giganteus/93128508.jpg,Meripilus giganteus
data/images/Meripilus_giganteus/93142166.jpg,Meripilus giganteus
data/images/Meripilus_giganteus/93257832.jpg,Meripilus giganteus
data/images/Meripilus_giganteus/93987223.jpg,Meripilus giganteus
data/images/Meripilus_giganteus/94533369.jpg,Meripilus giganteus
data/images/Meripilus_giganteus/94551935.jpg,Meripilus giganteus
data/images/Meripilus_giganteus/94578574.jpg,Meripilus giganteus
data/images/Meripilus_giganteus/94720922.jpg,Meripilus giganteus
data/images/Meripilus_giganteus/94738809.jpg,Meripilus giganteus
data/images/Meripilus_giganteus/94808701.jpg,Meripilus giganteus
data/images/Meripilus_giganteus/94918887.jpg,Meripilus giganteus
data/images/Meripilus_giganteus/95018294.jpg,Meripilus giganteus
data/images/Meripilus_giganteus/95147935.jpg,Meripilus giganteus
data/images/Meripilus_giganteus/95257933.jpg,Meripilus giganteus
data/images/Meripilus_giganteus/95868303.jpg,Meripilus giganteus
data/images/Meripilus_giganteus/96193358.jpg,Meripilus giganteus
data/images/Meripilus_giganteus/96211223.jpg,Meripilus giganteus
data/images/Meripilus_giganteus/97162470.jpg,Meripilus giganteus
data/images/Meripilus_giganteus/99100972.jpg,Meripilus giganteus
data/images/Clitocybe_nebularis/100129292.jpg,Clitocybe nebularis
data/images/Clitocybe_nebularis/100144090.jpg,Clitocybe nebularis
data/images/Clitocybe_nebularis/100487620.jpg,Clitocybe nebularis
data/images/Clitocybe_nebularis/100581910.jpg,Clitocybe nebularis
data/images/Clitocybe_nebularis/100586742.jpg,Clitocybe nebularis
data/images/Clitocybe_nebularis/100677266.jpg,Clitocybe nebularis
data/images/Clitocybe_nebularis/100782548.jpg,Clitocybe nebularis
data/images/Clitocybe_nebularis/101387532.jpg,Clitocybe nebularis
data/images/Clitocybe_nebularis/101563631.jpg,Clitocybe nebularis
data/images/Clitocybe_nebularis/101563664.jpg,Clitocybe nebularis
data/images/Clitocybe_nebularis/101696158.jpg,Clitocybe nebularis
data/images/Clitocybe_nebularis/108944347.jpg,Clitocybe nebularis
data/images/Clitocybe_nebularis/109749694.jpg,Clitocybe nebularis
data/images/Clitocybe_nebularis/121920519.jpg,Clitocybe nebularis
data/images/Clitocybe_nebularis/137740786.jpg,Clitocybe nebularis
data/images/Clitocybe_nebularis/137958290.jpg,Clitocybe nebularis
data/images/Clitocybe_nebularis/137961305.jpg,Clitocybe nebularis
data/images/Clitocybe_nebularis/137975676.jpg,Clitocybe nebularis
data/images/Clitocybe_nebularis/138105113.jpg,Clitocybe nebularis
data/images/Clitocybe_nebularis/138243010.jpg,Clitocybe nebularis
data/images/Clitocybe_nebularis/138474748.jpg,Clitocybe nebularis
data/images/Clitocybe_nebularis/138475605.jpg,Clitocybe nebularis
data/images/Clitocybe_nebularis/138478608.jpg,Clitocybe nebularis
data/images/Clitocybe_nebularis/138512259.jpg,Clitocybe nebularis
data/images/Clitocybe_nebularis/138601235.jpg,Clitocybe nebularis
data/images/Clitocybe_nebularis/138605461.jpg,Clitocybe nebularis
data/images/Clitocybe_nebularis/138620999.jpg,Clitocybe nebularis
data/images/Clitocybe_nebularis/138717885.jpg,Clitocybe nebularis
data/images/Clitocybe_nebularis/138840738.jpg,Clitocybe nebularis
data/images/Clitocybe_nebularis/138843529.jpg,Clitocybe nebularis
data/images/Clitocybe_nebularis/138863493.jpg,Clitocybe nebularis
data/images/Clitocybe_nebularis/138896502.jpg,Clitocybe nebularis
data/images/Clitocybe_nebularis/138940635.jpg,Clitocybe nebularis
data/images/Clitocybe_nebularis/138942826.jpg,Clitocybe nebularis
data/images/Clitocybe_nebularis/138955260.jpg,Clitocybe nebularis
data/images/Clitocybe_nebularis/138982465.jpg,Clitocybe nebularis
data/images/Clitocybe_nebularis/139023244.jpg,Clitocybe nebularis
data/images/Clitocybe_nebularis/139052006.jpg,Clitocybe nebularis
data/images/Clitocybe_nebularis/139102005.jpg,Clitocybe nebularis
data/images/Clitocybe_nebularis/139213261.jpg,Clitocybe nebularis
data/images/Clitocybe_nebularis/139221546.jpg,Clitocybe nebularis
data/images/Clitocybe_nebularis/139308849.jpg,Clitocybe nebularis
data/images/Clitocybe_nebularis/139322485.jpg,Clitocybe nebularis
data/images/Clitocybe_nebularis/139434552.jpg,Clitocybe nebularis
data/images/Clitocybe_nebularis/139516170.jpg,Clitocybe nebularis
data/images/Clitocybe_nebularis/139534211.jpg,Clitocybe nebularis
data/images/Clitocybe_nebularis/139630716.jpg,Clitocybe nebularis
data/images/Clitocybe_nebularis/139734367.jpg,Clitocybe nebularis
data/images/Clitocybe_nebularis/139740148.jpg,Clitocybe nebularis
data/images/Clitocybe_nebularis/139796296.jpg,Clitocybe nebularis
data/images/Clitocybe_nebularis/139865329.jpg,Clitocybe nebularis
data/images/Clitocybe_nebularis/139944508.jpg,Clitocybe nebularis
data/images/Clitocybe_nebularis/140062627.jpg,Clitocybe nebularis
data/images/Clitocybe_nebularis/140146825.jpg,Clitocybe nebularis
data/images/Clitocybe_nebularis/140156480.jpg,Clitocybe nebularis
data/images/Clitocybe_nebularis/140242919.jpg,Clitocybe nebularis
data/images/Clitocybe_nebularis/140258825.jpg,Clitocybe nebularis
data/images/Clitocybe_nebularis/140259279.jpg,Clitocybe nebularis
data/images/Clitocybe_nebularis/140387024.jpg,Clitocybe nebularis
data/images/Clitocybe_nebularis/140496626.jpg,Clitocybe nebularis
data/images/Clitocybe_nebularis/140499779.jpg,Clitocybe nebularis
data/images/Clitocybe_nebularis/140500616.jpg,Clitocybe nebularis
data/images/Clitocybe_nebularis/140501066.jpg,Clitocybe nebularis
data/images/Clitocybe_nebularis/140511544.jpg,Clitocybe nebularis
data/images/Clitocybe_nebularis/140516530.jpg,Clitocybe nebularis
data/images/Clitocybe_nebularis/140769994.jpg,Clitocybe nebularis
data/images/Clitocybe_nebularis/140876372.jpg,Clitocybe nebularis
data/images/Clitocybe_nebularis/140991671.jpg,Clitocybe nebularis
data/images/Clitocybe_nebularis/141138714.jpg,Clitocybe nebularis
data/images/Clitocybe_nebularis/141708908.jpg,Clitocybe nebularis
data/images/Clitocybe_nebularis/143564554.jpg,Clitocybe nebularis
data/images/Clitocybe_nebularis/158553979.jpg,Clitocybe nebularis
data/images/Clitocybe_nebularis/188988485.jpg,Clitocybe nebularis
data/images/Clitocybe_nebularis/189147282.jpg,Clitocybe nebularis
data/images/Clitocybe_nebularis/189464800.jpg,Clitocybe nebularis
data/images/Clitocybe_nebularis/189597707.jpg,Clitocybe nebularis
data/images/Clitocybe_nebularis/189660159.jpg,Clitocybe nebularis
data/images/Clitocybe_nebularis/189694308.jpg,Clitocybe nebularis
data/images/Clitocybe_nebularis/189740919.jpg,Clitocybe nebularis
data/images/Clitocybe_nebularis/189745771.jpg,Clitocybe nebularis
data/images/Clitocybe_nebularis/189746392.jpg,Clitocybe nebularis
data/images/Clitocybe_nebularis/189947548.jpg,Clitocybe nebularis
data/images/Clitocybe_nebularis/190069068.jpg,Clitocybe nebularis
data/images/Clitocybe_nebularis/190072735.jpg,Clitocybe nebularis
data/images/Clitocybe_nebularis/190191728.jpg,Clitocybe nebularis
data/images/Clitocybe_nebularis/190306902.jpg,Clitocybe nebularis
data/images/Clitocybe_nebularis/190322731.jpg,Clitocybe nebularis
data/images/Clitocybe_nebularis/190337630.jpg,Clitocybe nebularis
data/images/Clitocybe_nebularis/190392386.jpg,Clitocybe nebularis
data/images/Clitocybe_nebularis/190417464.jpg,Clitocybe nebularis
data/images/Clitocybe_nebularis/190530513.jpg,Clitocybe nebularis
data/images/Clitocybe_nebularis/190563242.jpg,Clitocybe nebularis
data/images/Clitocybe_nebularis/190570178.jpg,Clitocybe nebularis
data/images/Clitocybe_nebularis/190665485.jpg,Clitocybe nebularis
data/images/Clitocybe_nebularis/190669632.jpg,Clitocybe nebularis
data/images/Clitocybe_nebularis/190692437.jpg,Clitocybe nebularis
data/images/Clitocybe_nebularis/190694989.jpg,Clitocybe nebularis
data/images/Clitocybe_nebularis/190709774.jpg,Clitocybe nebularis
data/images/Clitocybe_nebularis/190772544.jpg,Clitocybe nebularis
data/images/Clitocybe_nebularis/190784195.jpg,Clitocybe nebularis
data/images/Clitocybe_nebularis/190831166.jpg,Clitocybe nebularis
data/images/Clitocybe_nebularis/190887909.jpg,Clitocybe nebularis
data/images/Clitocybe_nebularis/190996815.jpg,Clitocybe nebularis
data/images/Clitocybe_nebularis/191264291.jpg,Clitocybe nebularis
data/images/Clitocybe_nebularis/191277301.jpg,Clitocybe nebularis
data/images/Clitocybe_nebularis/191388488.jpg,Clitocybe nebularis
data/images/Clitocybe_nebularis/191940583.jpg,Clitocybe nebularis
data/images/Clitocybe_nebularis/191946564.jpg,Clitocybe nebularis
data/images/Clitocybe_nebularis/192072238.jpg,Clitocybe nebularis
data/images/Clitocybe_nebularis/193004726.jpg,Clitocybe nebularis
data/images/Clitocybe_nebularis/194097140.jpg,Clitocybe nebularis
data/images/Clitocybe_nebularis/202633291.jpg,Clitocybe nebularis
data/images/Clitocybe_nebularis/203330772.jpg,Clitocybe nebularis
data/images/Clitocybe_nebularis/204696979.jpg,Clitocybe nebularis
data/images/Clitocybe_nebularis/214756318.jpg,Clitocybe nebularis
data/images/Clitocybe_nebularis/244325548.jpg,Clitocybe nebularis
data/images/Clitocybe_nebularis/245562844.jpg,Clitocybe nebularis
data/images/Clitocybe_nebularis/245563111.jpg,Clitocybe nebularis
data/images/Clitocybe_nebularis/246462812.jpg,Clitocybe nebularis
data/images/Clitocybe_nebularis/246889318.jpg,Clitocybe nebularis
data/images/Clitocybe_nebularis/247094346.jpg,Clitocybe nebularis
data/images/Clitocybe_nebularis/247343932.jpg,Clitocybe nebularis
data/images/Clitocybe_nebularis/248038355.jpg,Clitocybe nebularis
data/images/Clitocybe_nebularis/248053029.jpg,Clitocybe nebularis
data/images/Clitocybe_nebularis/248061660.jpg,Clitocybe nebularis
data/images/Clitocybe_nebularis/248066030.jpg,Clitocybe nebularis
data/images/Clitocybe_nebularis/248228428.jpg,Clitocybe nebularis
data/images/Clitocybe_nebularis/248250242.jpg,Clitocybe nebularis
data/images/Clitocybe_nebularis/248250402.jpg,Clitocybe nebularis
data/images/Clitocybe_nebularis/248252290.jpg,Clitocybe nebularis
data/images/Clitocybe_nebularis/248256252.jpg,Clitocybe nebularis
data/images/Clitocybe_nebularis/248268373.jpg,Clitocybe nebularis
data/images/Clitocybe_nebularis/248419299.jpg,Clitocybe nebularis
data/images/Clitocybe_nebularis/248432312.jpg,Clitocybe nebularis
data/images/Clitocybe_nebularis/248441623.jpg,Clitocybe nebularis
data/images/Clitocybe_nebularis/248592390.jpg,Clitocybe nebularis
data/images/Clitocybe_nebularis/248722413.jpg,Clitocybe nebularis
data/images/Clitocybe_nebularis/248754076.jpg,Clitocybe nebularis
data/images/Clitocybe_nebularis/248857277.jpg,Clitocybe nebularis
data/images/Clitocybe_nebularis/249010946.jpg,Clitocybe nebularis
data/images/Clitocybe_nebularis/249013420.jpg,Clitocybe nebularis
data/images/Clitocybe_nebularis/249035870.jpg,Clitocybe nebularis
data/images/Clitocybe_nebularis/249154299.jpg,Clitocybe nebularis
data/images/Clitocybe_nebularis/249165920.jpg,Clitocybe nebularis
data/images/Clitocybe_nebularis/249309736.jpg,Clitocybe nebularis
data/images/Clitocybe_nebularis/249477483.jpg,Clitocybe nebularis
data/images/Clitocybe_nebularis/249488523.jpg,Clitocybe nebularis
data/images/Clitocybe_nebularis/249488744.jpg,Clitocybe nebularis
data/images/Clitocybe_nebularis/249489947.jpg,Clitocybe nebularis
data/images/Clitocybe_nebularis/249568005.jpg,Clitocybe nebularis
data/images/Clitocybe_nebularis/249620143.jpg,Clitocybe nebularis
data/images/Clitocybe_nebularis/249628438.jpg,Clitocybe nebularis
data/images/Clitocybe_nebularis/249675034.jpg,Clitocybe nebularis
data/images/Clitocybe_nebularis/249772552.jpg,Clitocybe nebularis
data/images/Clitocybe_nebularis/249977810.jpg,Clitocybe nebularis
data/images/Clitocybe_nebularis/249993476.jpg,Clitocybe nebularis
data/images/Clitocybe_nebularis/250029709.jpg,Clitocybe nebularis
data/images/Clitocybe_nebularis/250129158.jpg,Clitocybe nebularis
data/images/Clitocybe_nebularis/250331804.jpg,Clitocybe nebularis
data/images/Clitocybe_nebularis/250435611.jpg,Clitocybe nebularis
data/images/Clitocybe_nebularis/250450772.jpg,Clitocybe nebularis
data/images/Clitocybe_nebularis/250451540.jpg,Clitocybe nebularis
data/images/Clitocybe_nebularis/250549033.jpg,Clitocybe nebularis
data/images/Clitocybe_nebularis/250552855.jpg,Clitocybe nebularis
data/images/Clitocybe_nebularis/251533958.jpg,Clitocybe nebularis
data/images/Clitocybe_nebularis/251533964.jpg,Clitocybe nebularis
data/images/Clitocybe_nebularis/251559280.jpg,Clitocybe nebularis
data/images/Clitocybe_nebularis/251747772.jpg,Clitocybe nebularis
data/images/Clitocybe_nebularis/251864189.jpg,Clitocybe nebularis
data/images/Clitocybe_nebularis/252280549.jpg,Clitocybe nebularis
data/images/Clitocybe_nebularis/252281551.jpg,Clitocybe nebularis
data/images/Clitocybe_nebularis/252391249.jpg,Clitocybe nebularis
data/images/Clitocybe_nebularis/252391298.jpg,Clitocybe nebularis
data/images/Clitocybe_nebularis/252734995.jpg,Clitocybe nebularis
data/images/Clitocybe_nebularis/253390554.jpg,Clitocybe nebularis
data/images/Clitocybe_nebularis/253866702.jpg,Clitocybe nebularis
data/images/Clitocybe_nebularis/259420127.jpg,Clitocybe nebularis
data/images/Clitocybe_nebularis/319355702.jpg,Clitocybe nebularis
data/images/Clitocybe_nebularis/319579912.jpg,Clitocybe nebularis
data/images/Clitocybe_nebularis/320391766.jpg,Clitocybe nebularis
data/images/Clitocybe_nebularis/320665072.jpg,Clitocybe nebularis
data/images/Clitocybe_nebularis/321002545.jpg,Clitocybe nebularis
data/images/Clitocybe_nebularis/321058401.jpg,Clitocybe nebularis
data/images/Clitocybe_nebularis/321234473.jpg,Clitocybe nebularis
data/images/Clitocybe_nebularis/321408460.jpg,Clitocybe nebularis
data/images/Clitocybe_nebularis/321570141.jpg,Clitocybe nebularis
data/images/Clitocybe_nebularis/321604740.jpg,Clitocybe nebularis
data/images/Clitocybe_nebularis/321700820.jpg,Clitocybe nebularis
data/images/Clitocybe_nebularis/321808298.jpg,Clitocybe nebularis
data/images/Clitocybe_nebularis/321851398.jpg,Clitocybe nebularis
data/images/Clitocybe_nebularis/322539071.jpg,Clitocybe nebularis
data/images/Clitocybe_nebularis/322542490.jpg,Clitocybe nebularis
data/images/Clitocybe_nebularis/322552068.jpg,Clitocybe nebularis
data/images/Clitocybe_nebularis/322726545.jpg,Clitocybe nebularis
data/images/Clitocybe_nebularis/322908813.jpg,Clitocybe nebularis
data/images/Clitocybe_nebularis/322932178.jpg,Clitocybe nebularis
data/images/Clitocybe_nebularis/322952033.jpg,Clitocybe nebularis
data/images/Clitocybe_nebularis/322964557.jpg,Clitocybe nebularis
data/images/Clitocybe_nebularis/323154059.jpg,Clitocybe nebularis
data/images/Clitocybe_nebularis/323163212.jpg,Clitocybe nebularis
data/images/Clitocybe_nebularis/323181603.jpg,Clitocybe nebularis
data/images/Clitocybe_nebularis/323427928.jpg,Clitocybe nebularis
data/images/Clitocybe_nebularis/323607765.jpg,Clitocybe nebularis
data/images/Clitocybe_nebularis/323615042.jpg,Clitocybe nebularis
data/images/Clitocybe_nebularis/323649561.jpg,Clitocybe nebularis
data/images/Clitocybe_nebularis/323650329.jpg,Clitocybe nebularis
data/images/Clitocybe_nebularis/323650933.jpg,Clitocybe nebularis
data/images/Clitocybe_nebularis/323650988.jpg,Clitocybe nebularis
data/images/Clitocybe_nebularis/323987937.jpg,Clitocybe nebularis
data/images/Clitocybe_nebularis/324333758.jpg,Clitocybe nebularis
data/images/Clitocybe_nebularis/324589038.jpg,Clitocybe nebularis
data/images/Clitocybe_nebularis/324716590.jpg,Clitocybe nebularis
data/images/Clitocybe_nebularis/324716720.jpg,Clitocybe nebularis
data/images/Clitocybe_nebularis/324716769.jpg,Clitocybe nebularis
data/images/Clitocybe_nebularis/325006749.jpg,Clitocybe nebularis
data/images/Clitocybe_nebularis/325153826.jpg,Clitocybe nebularis
data/images/Clitocybe_nebularis/325330632.jpg,Clitocybe nebularis
data/images/Clitocybe_nebularis/325679905.jpg,Clitocybe nebularis
data/images/Clitocybe_nebularis/325680386.jpg,Clitocybe nebularis
data/images/Clitocybe_nebularis/325692688.jpg,Clitocybe nebularis
data/images/Clitocybe_nebularis/325703743.jpg,Clitocybe nebularis
data/images/Clitocybe_nebularis/325851717.jpg,Clitocybe nebularis
data/images/Clitocybe_nebularis/325872303.jpg,Clitocybe nebularis
data/images/Clitocybe_nebularis/326014097.jpg,Clitocybe nebularis
data/images/Clitocybe_nebularis/326016602.jpg,Clitocybe nebularis
data/images/Clitocybe_nebularis/326163278.jpg,Clitocybe nebularis
data/images/Clitocybe_nebularis/326309069.jpg,Clitocybe nebularis
data/images/Clitocybe_nebularis/326439948.jpg,Clitocybe nebularis
data/images/Clitocybe_nebularis/326616720.jpg,Clitocybe nebularis
data/images/Clitocybe_nebularis/326621331.jpg,Clitocybe nebularis
data/images/Clitocybe_nebularis/326621485.jpg,Clitocybe nebularis
data/images/Clitocybe_nebularis/326747139.jpg,Clitocybe nebularis
data/images/Clitocybe_nebularis/327230932.jpg,Clitocybe nebularis
data/images/Clitocybe_nebularis/327500321.jpg,Clitocybe nebularis
data/images/Clitocybe_nebularis/328752572.jpg,Clitocybe nebularis
data/images/Clitocybe_nebularis/329489705.jpg,Clitocybe nebularis
data/images/Clitocybe_nebularis/329973327.jpg,Clitocybe nebularis
data/images/Clitocybe_nebularis/330443331.jpg,Clitocybe nebularis
data/images/Clitocybe_nebularis/330596103.jpg,Clitocybe nebularis
data/images/Clitocybe_nebularis/55960662.jpg,Clitocybe nebularis
data/images/Clitocybe_nebularis/59780026.jpg,Clitocybe nebularis
data/images/Clitocybe_nebularis/61329717.jpg,Clitocybe nebularis
data/images/Clitocybe_nebularis/61710960.jpg,Clitocybe nebularis
data/images/Clitocybe_nebularis/62120650.jpg,Clitocybe nebularis
data/images/Clitocybe_nebularis/62179497.jpg,Clitocybe nebularis
data/images/Clitocybe_nebularis/62195393.jpg,Clitocybe nebularis
data/images/Clitocybe_nebularis/62243654.jpg,Clitocybe nebularis
data/images/Clitocybe_nebularis/62280186.jpg,Clitocybe nebularis
data/images/Clitocybe_nebularis/62284277.jpg,Clitocybe nebularis
data/images/Clitocybe_nebularis/62285213.jpg,Clitocybe nebularis
data/images/Clitocybe_nebularis/62470481.jpg,Clitocybe nebularis
data/images/Clitocybe_nebularis/62474973.jpg,Clitocybe nebularis
data/images/Clitocybe_nebularis/62477991.jpg,Clitocybe nebularis
data/images/Clitocybe_nebularis/62550700.jpg,Clitocybe nebularis
data/images/Clitocybe_nebularis/62554843.jpg,Clitocybe nebularis
data/images/Clitocybe_nebularis/62879560.jpg,Clitocybe nebularis
data/images/Clitocybe_nebularis/62920632.jpg,Clitocybe nebularis
data/images/Clitocybe_nebularis/62994388.jpg,Clitocybe nebularis
data/images/Clitocybe_nebularis/63304355.jpg,Clitocybe nebularis
data/images/Clitocybe_nebularis/63305224.jpg,Clitocybe nebularis
data/images/Clitocybe_nebularis/63317300.jpg,Clitocybe nebularis
data/images/Clitocybe_nebularis/63317388.jpg,Clitocybe nebularis
data/images/Clitocybe_nebularis/63381376.jpg,Clitocybe nebularis
data/images/Clitocybe_nebularis/63392073.jpg,Clitocybe nebularis
data/images/Clitocybe_nebularis/63407194.jpg,Clitocybe nebularis
data/images/Clitocybe_nebularis/63485752.jpg,Clitocybe nebularis
data/images/Clitocybe_nebularis/63554467.jpg,Clitocybe nebularis
data/images/Clitocybe_nebularis/63687340.jpg,Clitocybe nebularis
data/images/Clitocybe_nebularis/63875966.jpg,Clitocybe nebularis
data/images/Clitocybe_nebularis/63879467.jpg,Clitocybe nebularis
data/images/Clitocybe_nebularis/63881201.jpg,Clitocybe nebularis
data/images/Clitocybe_nebularis/63951172.jpg,Clitocybe nebularis
data/images/Clitocybe_nebularis/64027623.jpg,Clitocybe nebularis
data/images/Clitocybe_nebularis/64030534.jpg,Clitocybe nebularis
data/images/Clitocybe_nebularis/64105095.jpg,Clitocybe nebularis
data/images/Clitocybe_nebularis/64284845.jpg,Clitocybe nebularis
data/images/Clitocybe_nebularis/64286479.jpg,Clitocybe nebularis
data/images/Clitocybe_nebularis/64293863.jpg,Clitocybe nebularis
data/images/Clitocybe_nebularis/64349145.jpg,Clitocybe nebularis
data/images/Clitocybe_nebularis/64359208.jpg,Clitocybe nebularis
data/images/Clitocybe_nebularis/64375536.jpg,Clitocybe nebularis
data/images/Clitocybe_nebularis/64426431.jpg,Clitocybe nebularis
data/images/Clitocybe_nebularis/64723970.jpg,Clitocybe nebularis
data/images/Clitocybe_nebularis/64933814.jpg,Clitocybe nebularis
data/images/Clitocybe_nebularis/65332023.jpg,Clitocybe nebularis
data/images/Clitocybe_nebularis/65395702.jpg,Clitocybe nebularis
data/images/Clitocybe_nebularis/65400357.jpg,Clitocybe nebularis
data/images/Clitocybe_nebularis/65578993.jpg,Clitocybe nebularis
data/images/Clitocybe_nebularis/65686097.jpg,Clitocybe nebularis
data/images/Clitocybe_nebularis/66136470.jpg,Clitocybe nebularis
data/images/Clitocybe_nebularis/66183295.jpg,Clitocybe nebularis
data/images/Clitocybe_nebularis/67038332.jpg,Clitocybe nebularis
data/images/Clitocybe_nebularis/67457523.jpg,Clitocybe nebularis
data/images/Clitocybe_nebularis/72798876.jpg,Clitocybe nebularis
data/images/Clitocybe_nebularis/80082202.jpg,Clitocybe nebularis
data/images/Clitocybe_nebularis/96065253.jpg,Clitocybe nebularis
data/images/Clitocybe_nebularis/96596361.jpg,Clitocybe nebularis
data/images/Clitocybe_nebularis/97329975.jpg,Clitocybe nebularis
data/images/Clitocybe_nebularis/97429966.jpg,Clitocybe nebularis
data/images/Clitocybe_nebularis/97530665.jpg,Clitocybe nebularis
data/images/Clitocybe_nebularis/97545489.jpg,Clitocybe nebularis
data/images/Clitocybe_nebularis/97640727.jpg,Clitocybe nebularis
data/images/Clitocybe_nebularis/97690937.jpg,Clitocybe nebularis
data/images/Clitocybe_nebularis/97753865.jpg,Clitocybe nebularis
data/images/Clitocybe_nebularis/97895950.jpg,Clitocybe nebularis
data/images/Clitocybe_nebularis/98007324.jpg,Clitocybe nebularis
data/images/Clitocybe_nebularis/98093379.jpg,Clitocybe nebularis
data/images/Clitocybe_nebularis/98106120.jpg,Clitocybe nebularis
data/images/Clitocybe_nebularis/98193018.jpg,Clitocybe nebularis
data/images/Clitocybe_nebularis/98370008.jpg,Clitocybe nebularis
data/images/Clitocybe_nebularis/98372293.jpg,Clitocybe nebularis
data/images/Clitocybe_nebularis/98383963.jpg,Clitocybe nebularis
data/images/Clitocybe_nebularis/98486724.jpg,Clitocybe nebularis
data/images/Clitocybe_nebularis/98488099.jpg,Clitocybe nebularis
data/images/Clitocybe_nebularis/98501377.jpg,Clitocybe nebularis
data/images/Clitocybe_nebularis/98633667.jpg,Clitocybe nebularis
data/images/Clitocybe_nebularis/98874073.jpg,Clitocybe nebularis
data/images/Clitocybe_nebularis/98972095.jpg,Clitocybe nebularis
data/images/Clitocybe_nebularis/98990117.jpg,Clitocybe nebularis
data/images/Clitocybe_nebularis/98993682.jpg,Clitocybe nebularis
data/images/Clitocybe_nebularis/99087624.jpg,Clitocybe nebularis
data/images/Clitocybe_nebularis/99188315.jpg,Clitocybe nebularis
data/images/Clitocybe_nebularis/99204617.jpg,Clitocybe nebularis
data/images/Clitocybe_nebularis/99215852.jpg,Clitocybe nebularis
data/images/Clitocybe_nebularis/99332242.jpg,Clitocybe nebularis
data/images/Clitocybe_nebularis/99537238.jpg,Clitocybe nebularis
data/images/Clitocybe_nebularis/99621615.jpg,Clitocybe nebularis
data/images/Clitocybe_nebularis/99622919.jpg,Clitocybe nebularis
data/images/Clitocybe_nebularis/99741827.jpg,Clitocybe nebularis
data/images/Clitocybe_nebularis/99744165.jpg,Clitocybe nebularis
data/images/Clitocybe_nebularis/99768779.jpg,Clitocybe nebularis
data/images/Clitocybe_nebularis/99791966.jpg,Clitocybe nebularis
data/images/Clitocybe_nebularis/99793778.jpg,Clitocybe nebularis
data/images/Clitocybe_nebularis/99820282.jpg,Clitocybe nebularis
data/images/Fomes_fomentarius/100062386.jpg,Fomes fomentarius
data/images/Fomes_fomentarius/100591467.jpg,Fomes fomentarius
data/images/Fomes_fomentarius/100618270.jpg,Fomes fomentarius
data/images/Fomes_fomentarius/101816915.jpg,Fomes fomentarius
data/images/Fomes_fomentarius/101941560.jpg,Fomes fomentarius
data/images/Fomes_fomentarius/103090111.jpg,Fomes fomentarius
data/images/Fomes_fomentarius/104729818.jpg,Fomes fomentarius
data/images/Fomes_fomentarius/105259171.jpg,Fomes fomentarius
data/images/Fomes_fomentarius/105426418.jpg,Fomes fomentarius
data/images/Fomes_fomentarius/105707297.jpg,Fomes fomentarius
data/images/Fomes_fomentarius/106017376.jpg,Fomes fomentarius
data/images/Fomes_fomentarius/106244536.jpg,Fomes fomentarius
data/images/Fomes_fomentarius/106316835.jpg,Fomes fomentarius
data/images/Fomes_fomentarius/106318763.jpg,Fomes fomentarius
data/images/Fomes_fomentarius/107481796.jpg,Fomes fomentarius
data/images/Fomes_fomentarius/107945107.jpg,Fomes fomentarius
data/images/Fomes_fomentarius/108860605.jpg,Fomes fomentarius
data/images/Fomes_fomentarius/108937975.jpg,Fomes fomentarius
data/images/Fomes_fomentarius/109638658.jpg,Fomes fomentarius
data/images/Fomes_fomentarius/109946122.jpg,Fomes fomentarius
data/images/Fomes_fomentarius/110004704.jpg,Fomes fomentarius
data/images/Fomes_fomentarius/110075760.jpg,Fomes fomentarius
data/images/Fomes_fomentarius/110075854.jpg,Fomes fomentarius
data/images/Fomes_fomentarius/110953542.jpg,Fomes fomentarius
data/images/Fomes_fomentarius/111409040.jpg,Fomes fomentarius
data/images/Fomes_fomentarius/111918881.jpg,Fomes fomentarius
data/images/Fomes_fomentarius/112938569.jpg,Fomes fomentarius
data/images/Fomes_fomentarius/113190106.jpg,Fomes fomentarius
data/images/Fomes_fomentarius/113204009.jpg,Fomes fomentarius
data/images/Fomes_fomentarius/114206994.jpg,Fomes fomentarius
data/images/Fomes_fomentarius/114846754.jpg,Fomes fomentarius
data/images/Fomes_fomentarius/115317388.jpg,Fomes fomentarius
data/images/Fomes_fomentarius/115512147.jpg,Fomes fomentarius
data/images/Fomes_fomentarius/115592700.jpg,Fomes fomentarius
data/images/Fomes_fomentarius/115698886.jpg,Fomes fomentarius
data/images/Fomes_fomentarius/115703521.jpg,Fomes fomentarius
data/images/Fomes_fomentarius/115703583.jpg,Fomes fomentarius
data/images/Fomes_fomentarius/115703858.jpg,Fomes fomentarius
data/images/Fomes_fomentarius/115703900.jpg,Fomes fomentarius
data/images/Fomes_fomentarius/115704028.jpg,Fomes fomentarius
data/images/Fomes_fomentarius/115704048.jpg,Fomes fomentarius
data/images/Fomes_fomentarius/116121940.jpg,Fomes fomentarius
data/images/Fomes_fomentarius/116306100.jpg,Fomes fomentarius
data/images/Fomes_fomentarius/117734589.jpg,Fomes fomentarius
data/images/Fomes_fomentarius/118915446.jpg,Fomes fomentarius
data/images/Fomes_fomentarius/120492848.jpg,Fomes fomentarius
data/images/Fomes_fomentarius/122134729.jpg,Fomes fomentarius
data/images/Fomes_fomentarius/122230199.jpg,Fomes fomentarius
data/images/Fomes_fomentarius/122778071.jpg,Fomes fomentarius
data/images/Fomes_fomentarius/123091542.jpg,Fomes fomentarius
data/images/Fomes_fomentarius/123188849.jpg,Fomes fomentarius
data/images/Fomes_fomentarius/125475933.jpg,Fomes fomentarius
data/images/Fomes_fomentarius/132924927.jpg,Fomes fomentarius
data/images/Fomes_fomentarius/134730039.jpg,Fomes fomentarius
data/images/Fomes_fomentarius/135885707.jpg,Fomes fomentarius
data/images/Fomes_fomentarius/136024243.jpg,Fomes fomentarius
data/images/Fomes_fomentarius/138108199.jpg,Fomes fomentarius
data/images/Fomes_fomentarius/139423442.jpg,Fomes fomentarius
data/images/Fomes_fomentarius/139750762.jpg,Fomes fomentarius
data/images/Fomes_fomentarius/140145551.jpg,Fomes fomentarius
data/images/Fomes_fomentarius/141299979.jpg,Fomes fomentarius
data/images/Fomes_fomentarius/143481697.jpg,Fomes fomentarius
data/images/Fomes_fomentarius/143854677.jpg,Fomes fomentarius
data/images/Fomes_fomentarius/144915957.jpg,Fomes fomentarius
data/images/Fomes_fomentarius/146380453.jpg,Fomes fomentarius
data/images/Fomes_fomentarius/147253532.jpg,Fomes fomentarius
data/images/Fomes_fomentarius/147818186.jpg,Fomes fomentarius
data/images/Fomes_fomentarius/148012826.jpg,Fomes fomentarius
data/images/Fomes_fomentarius/148093631.jpg,Fomes fomentarius
data/images/Fomes_fomentarius/148401118.jpg,Fomes fomentarius
data/images/Fomes_fomentarius/148514369.jpg,Fomes fomentarius
data/images/Fomes_fomentarius/148886696.jpg,Fomes fomentarius
data/images/Fomes_fomentarius/153681225.jpg,Fomes fomentarius
data/images/Fomes_fomentarius/153686780.jpg,Fomes fomentarius
data/images/Fomes_fomentarius/153691705.jpg,Fomes fomentarius
data/images/Fomes_fomentarius/154960135.jpg,Fomes fomentarius
data/images/Fomes_fomentarius/155288215.jpg,Fomes fomentarius
data/images/Fomes_fomentarius/155288217.jpg,Fomes fomentarius
data/images/Fomes_fomentarius/155288219.jpg,Fomes fomentarius
data/images/Fomes_fomentarius/155954468.jpg,Fomes fomentarius
data/images/Fomes_fomentarius/160122265.jpg,Fomes fomentarius
data/images/Fomes_fomentarius/160770298.jpg,Fomes fomentarius
data/images/Fomes_fomentarius/162459065.jpg,Fomes fomentarius
data/images/Fomes_fomentarius/164053141.jpg,Fomes fomentarius
data/images/Fomes_fomentarius/164055847.jpg,Fomes fomentarius
data/images/Fomes_fomentarius/164501047.jpg,Fomes fomentarius
data/images/Fomes_fomentarius/167336990.jpg,Fomes fomentarius
data/images/Fomes_fomentarius/170644221.jpg,Fomes fomentarius
data/images/Fomes_fomentarius/171742841.jpg,Fomes fomentarius
data/images/Fomes_fomentarius/174265157.jpg,Fomes fomentarius
data/images/Fomes_fomentarius/175231652.jpg,Fomes fomentarius
data/images/Fomes_fomentarius/176750772.jpg,Fomes fomentarius
data/images/Fomes_fomentarius/177830507.jpg,Fomes fomentarius
data/images/Fomes_fomentarius/178184205.jpg,Fomes fomentarius
data/images/Fomes_fomentarius/180604845.jpg,Fomes fomentarius
data/images/Fomes_fomentarius/183917209.jpg,Fomes fomentarius
data/images/Fomes_fomentarius/183917260.jpg,Fomes fomentarius
data/images/Fomes_fomentarius/185548942.jpg,Fomes fomentarius
data/images/Fomes_fomentarius/188004027.jpg,Fomes fomentarius
data/images/Fomes_fomentarius/191977715.jpg,Fomes fomentarius
data/images/Fomes_fomentarius/191978435.jpg,Fomes fomentarius
data/images/Fomes_fomentarius/194802718.jpg,Fomes fomentarius
data/images/Fomes_fomentarius/194888033.jpg,Fomes fomentarius
data/images/Fomes_fomentarius/195268305.jpg,Fomes fomentarius
data/images/Fomes_fomentarius/197132953.jpg,Fomes fomentarius
data/images/Fomes_fomentarius/197218293.jpg,Fomes fomentarius
data/images/Fomes_fomentarius/198487713.jpg,Fomes fomentarius
data/images/Fomes_fomentarius/200076479.jpg,Fomes fomentarius
data/images/Fomes_fomentarius/200184857.jpg,Fomes fomentarius
data/images/Fomes_fomentarius/200208436.jpg,Fomes fomentarius
data/images/Fomes_fomentarius/200510888.jpg,Fomes fomentarius
data/images/Fomes_fomentarius/200733240.jpg,Fomes fomentarius
data/images/Fomes_fomentarius/200998335.jpg,Fomes fomentarius
data/images/Fomes_fomentarius/201003783.jpg,Fomes fomentarius
data/images/Fomes_fomentarius/201235697.jpg,Fomes fomentarius
data/images/Fomes_fomentarius/201485748.jpg,Fomes fomentarius
data/images/Fomes_fomentarius/204035573.jpg,Fomes fomentarius
data/images/Fomes_fomentarius/204135494.jpg,Fomes fomentarius
data/images/Fomes_fomentarius/205839768.jpg,Fomes fomentarius
data/images/Fomes_fomentarius/205863411.jpg,Fomes fomentarius
data/images/Fomes_fomentarius/206236896.jpg,Fomes fomentarius
data/images/Fomes_fomentarius/207123601.jpg,Fomes fomentarius
data/images/Fomes_fomentarius/213211137.jpg,Fomes fomentarius
data/images/Fomes_fomentarius/214650397.jpg,Fomes fomentarius
data/images/Fomes_fomentarius/220840606.jpg,Fomes fomentarius
data/images/Fomes_fomentarius/220841948.jpg,Fomes fomentarius
data/images/Fomes_fomentarius/220845046.jpg,Fomes fomentarius
data/images/Fomes_fomentarius/245921381.jpg,Fomes fomentarius
data/images/Fomes_fomentarius/249627072.jpg,Fomes fomentarius
data/images/Fomes_fomentarius/249779529.jpg,Fomes fomentarius
data/images/Fomes_fomentarius/251806800.jpg,Fomes fomentarius
data/images/Fomes_fomentarius/252129725.jpg,Fomes fomentarius
data/images/Fomes_fomentarius/253044350.jpg,Fomes fomentarius
data/images/Fomes_fomentarius/253762911.jpg,Fomes fomentarius
data/images/Fomes_fomentarius/254510020.jpg,Fomes fomentarius
data/images/Fomes_fomentarius/256287714.jpg,Fomes fomentarius
data/images/Fomes_fomentarius/257391561.jpg,Fomes fomentarius
data/images/Fomes_fomentarius/257469595.jpg,Fomes fomentarius
data/images/Fomes_fomentarius/263610045.jpg,Fomes fomentarius
data/images/Fomes_fomentarius/264527801.jpg,Fomes fomentarius
data/images/Fomes_fomentarius/269150971.jpg,Fomes fomentarius
data/images/Fomes_fomentarius/269415335.jpg,Fomes fomentarius
data/images/Fomes_fomentarius/272945548.jpg,Fomes fomentarius
data/images/Fomes_fomentarius/281218175.jpg,Fomes fomentarius
data/images/Fomes_fomentarius/281266018.jpg,Fomes fomentarius
data/images/Fomes_fomentarius/284043452.jpg,Fomes fomentarius
data/images/Fomes_fomentarius/286757230.jpg,Fomes fomentarius
data/images/Fomes_fomentarius/296227190.jpg,Fomes fomentarius
data/images/Fomes_fomentarius/308177640.jpg,Fomes fomentarius
data/images/Fomes_fomentarius/309457168.jpg,Fomes fomentarius
data/images/Fomes_fomentarius/330726850.jpg,Fomes fomentarius
data/images/Fomes_fomentarius/330727563.jpg,Fomes fomentarius
data/images/Fomes_fomentarius/330727676.jpg,Fomes fomentarius
data/images/Fomes_fomentarius/333139749.jpg,Fomes fomentarius
data/images/Fomes_fomentarius/335049037.jpg,Fomes fomentarius
data/images/Fomes_fomentarius/336952684.jpg,Fomes fomentarius
data/images/Fomes_fomentarius/336953763.jpg,Fomes fomentarius
data/images/Fomes_fomentarius/336954186.jpg,Fomes fomentarius
data/images/Fomes_fomentarius/339459465.jpg,Fomes fomentarius
data/images/Fomes_fomentarius/339460337.jpg,Fomes fomentarius
data/images/Fomes_fomentarius/340767079.jpg,Fomes fomentarius
data/images/Fomes_fomentarius/342238585.jpg,Fomes fomentarius
data/images/Fomes_fomentarius/343779872.jpg,Fomes fomentarius
data/images/Fomes_fomentarius/36437138.jpg,Fomes fomentarius
data/images/Fomes_fomentarius/36465620.jpg,Fomes fomentarius
data/images/Fomes_fomentarius/36465645.jpg,Fomes fomentarius
data/images/Fomes_fomentarius/37986903.jpg,Fomes fomentarius
data/images/Fomes_fomentarius/39315714.jpg,Fomes fomentarius
data/images/Fomes_fomentarius/40073757.jpg,Fomes fomentarius
data/images/Fomes_fomentarius/40074689.jpg,Fomes fomentarius
data/images/Fomes_fomentarius/40075818.jpg,Fomes fomentarius
data/images/Fomes_fomentarius/40132514.jpg,Fomes fomentarius
data/images/Fomes_fomentarius/40352826.jpg,Fomes fomentarius
data/images/Fomes_fomentarius/40543444.jpg,Fomes fomentarius
data/images/Fomes_fomentarius/40629550.jpg,Fomes fomentarius
data/images/Fomes_fomentarius/40824675.jpg,Fomes fomentarius
data/images/Fomes_fomentarius/40875947.jpg,Fomes fomentarius
data/images/Fomes_fomentarius/40892129.jpg,Fomes fomentarius
data/images/Fomes_fomentarius/40964757.jpg,Fomes fomentarius
data/images/Fomes_fomentarius/41043035.jpg,Fomes fomentarius
data/images/Fomes_fomentarius/41322194.jpg,Fomes fomentarius
data/images/Fomes_fomentarius/41350601.jpg,Fomes fomentarius
data/images/Fomes_fomentarius/41371388.jpg,Fomes fomentarius
data/images/Fomes_fomentarius/41395591.jpg,Fomes fomentarius
data/images/Fomes_fomentarius/41484034.jpg,Fomes fomentarius
data/images/Fomes_fomentarius/41536479.jpg,Fomes fomentarius
data/images/Fomes_fomentarius/41604711.jpg,Fomes fomentarius
data/images/Fomes_fomentarius/41676397.jpg,Fomes fomentarius
data/images/Fomes_fomentarius/41811487.jpg,Fomes fomentarius
data/images/Fomes_fomentarius/42013863.jpg,Fomes fomentarius
data/images/Fomes_fomentarius/42113356.jpg,Fomes fomentarius
data/images/Fomes_fomentarius/42304259.jpg,Fomes fomentarius
data/images/Fomes_fomentarius/42459549.jpg,Fomes fomentarius
data/images/Fomes_fomentarius/42761888.jpg,Fomes fomentarius
data/images/Fomes_fomentarius/43093194.jpg,Fomes fomentarius
data/images/Fomes_fomentarius/43272816.jpg,Fomes fomentarius
data/images/Fomes_fomentarius/44231269.jpg,Fomes fomentarius
data/images/Fomes_fomentarius/44232071.jpg,Fomes fomentarius
data/images/Fomes_fomentarius/44470772.jpg,Fomes fomentarius
data/images/Fomes_fomentarius/44695258.jpg,Fomes fomentarius
data/images/Fomes_fomentarius/45190429.jpg,Fomes fomentarius
data/images/Fomes_fomentarius/45249690.jpg,Fomes fomentarius
data/images/Fomes_fomentarius/45254213.jpg,Fomes fomentarius
data/images/Fomes_fomentarius/45571584.jpg,Fomes fomentarius
data/images/Fomes_fomentarius/45571836.jpg,Fomes fomentarius
data/images/Fomes_fomentarius/45764366.jpg,Fomes fomentarius
data/images/Fomes_fomentarius/45765131.jpg,Fomes fomentarius
data/images/Fomes_fomentarius/46351150.jpg,Fomes fomentarius
data/images/Fomes_fomentarius/46462064.jpg,Fomes fomentarius
data/images/Fomes_fomentarius/46462139.jpg,Fomes fomentarius
data/images/Fomes_fomentarius/46462158.jpg,Fomes fomentarius
data/images/Fomes_fomentarius/46591646.jpg,Fomes fomentarius
data/images/Fomes_fomentarius/47292340.jpg,Fomes fomentarius
data/images/Fomes_fomentarius/47295892.jpg,Fomes fomentarius
data/images/Fomes_fomentarius/47501764.jpg,Fomes fomentarius
data/images/Fomes_fomentarius/47533057.jpg,Fomes fomentarius
data/images/Fomes_fomentarius/48355037.jpg,Fomes fomentarius
data/images/Fomes_fomentarius/48635692.jpg,Fomes fomentarius
data/images/Fomes_fomentarius/48676002.jpg,Fomes fomentarius
data/images/Fomes_fomentarius/49047063.jpg,Fomes fomentarius
data/images/Fomes_fomentarius/52245974.jpg,Fomes fomentarius
data/images/Fomes_fomentarius/52843575.jpg,Fomes fomentarius
data/images/Fomes_fomentarius/53461765.jpg,Fomes fomentarius
data/images/Fomes_fomentarius/53885623.jpg,Fomes fomentarius
data/images/Fomes_fomentarius/54053337.jpg,Fomes fomentarius
data/images/Fomes_fomentarius/54507714.jpg,Fomes fomentarius
data/images/Fomes_fomentarius/54824746.jpg,Fomes fomentarius
data/images/Fomes_fomentarius/55366715.jpg,Fomes fomentarius
data/images/Fomes_fomentarius/56017090.jpg,Fomes fomentarius
data/images/Fomes_fomentarius/56724455.jpg,Fomes fomentarius
data/images/Fomes_fomentarius/56724459.jpg,Fomes fomentarius
data/images/Fomes_fomentarius/56831199.jpg,Fomes fomentarius
data/images/Fomes_fomentarius/56928710.jpg,Fomes fomentarius
data/images/Fomes_fomentarius/57119642.jpg,Fomes fomentarius
data/images/Fomes_fomentarius/57531896.jpg,Fomes fomentarius
data/images/Fomes_fomentarius/57574703.jpg,Fomes fomentarius
data/images/Fomes_fomentarius/57901897.jpg,Fomes fomentarius
data/images/Fomes_fomentarius/57903766.jpg,Fomes fomentarius
data/images/Fomes_fomentarius/59204530.jpg,Fomes fomentarius
data/images/Fomes_fomentarius/59297244.jpg,Fomes fomentarius
data/images/Fomes_fomentarius/59425204.jpg,Fomes fomentarius
data/images/Fomes_fomentarius/59606541.jpg,Fomes fomentarius
data/images/Fomes_fomentarius/59860207.jpg,Fomes fomentarius
data/images/Fomes_fomentarius/60349410.jpg,Fomes fomentarius
data/images/Fomes_fomentarius/60941622.jpg,Fomes fomentarius
data/images/Fomes_fomentarius/61288811.jpg,Fomes fomentarius
data/images/Fomes_fomentarius/61461980.jpg,Fomes fomentarius
data/images/Fomes_fomentarius/61873040.jpg,Fomes fomentarius
data/images/Fomes_fomentarius/62289400.jpg,Fomes fomentarius
data/images/Fomes_fomentarius/62792469.jpg,Fomes fomentarius
data/images/Fomes_fomentarius/63001385.jpg,Fomes fomentarius
data/images/Fomes_fomentarius/63467170.jpg,Fomes fomentarius
data/images/Fomes_fomentarius/64035355.jpg,Fomes fomentarius
data/images/Fomes_fomentarius/64519964.jpg,Fomes fomentarius
data/images/Fomes_fomentarius/64855652.jpg,Fomes fomentarius
data/images/Fomes_fomentarius/65393009.jpg,Fomes fomentarius
data/images/Fomes_fomentarius/65634704.jpg,Fomes fomentarius
data/images/Fomes_fomentarius/66875816.jpg,Fomes fomentarius
data/images/Fomes_fomentarius/66876487.jpg,Fomes fomentarius
data/images/Fomes_fomentarius/67513922.jpg,Fomes fomentarius
data/images/Fomes_fomentarius/67745153.jpg,Fomes fomentarius
data/images/Fomes_fomentarius/67845929.jpg,Fomes fomentarius
data/images/Fomes_fomentarius/68490313.jpg,Fomes fomentarius
data/images/Fomes_fomentarius/69188259.jpg,Fomes fomentarius
data/images/Fomes_fomentarius/69201430.jpg,Fomes fomentarius
data/images/Fomes_fomentarius/69461799.jpg,Fomes fomentarius
data/images/Fomes_fomentarius/70314566.jpg,Fomes fomentarius
data/images/Fomes_fomentarius/70443076.jpg,Fomes fomentarius
data/images/Fomes_fomentarius/70443355.jpg,Fomes fomentarius
data/images/Fomes_fomentarius/70948551.jpg,Fomes fomentarius
data/images/Fomes_fomentarius/71937170.jpg,Fomes fomentarius
data/images/Fomes_fomentarius/72435591.jpg,Fomes fomentarius
data/images/Fomes_fomentarius/72435599.jpg,Fomes fomentarius
data/images/Fomes_fomentarius/72441125.jpg,Fomes fomentarius
data/images/Fomes_fomentarius/73098293.jpg,Fomes fomentarius
data/images/Fomes_fomentarius/73099080.jpg,Fomes fomentarius
data/images/Fomes_fomentarius/73388970.jpg,Fomes fomentarius
data/images/Fomes_fomentarius/73600349.jpg,Fomes fomentarius
data/images/Fomes_fomentarius/73731860.jpg,Fomes fomentarius
data/images/Fomes_fomentarius/73933579.jpg,Fomes fomentarius
data/images/Fomes_fomentarius/74035796.jpg,Fomes fomentarius
data/images/Fomes_fomentarius/74129220.jpg,Fomes fomentarius
data/images/Fomes_fomentarius/74142643.jpg,Fomes fomentarius
data/images/Fomes_fomentarius/74143163.jpg,Fomes fomentarius
data/images/Fomes_fomentarius/74350805.jpg,Fomes fomentarius
data/images/Fomes_fomentarius/74619147.jpg,Fomes fomentarius
data/images/Fomes_fomentarius/74719360.jpg,Fomes fomentarius
data/images/Fomes_fomentarius/75017662.jpg,Fomes fomentarius
data/images/Fomes_fomentarius/75149260.jpg,Fomes fomentarius
data/images/Fomes_fomentarius/76999312.jpg,Fomes fomentarius
data/images/Fomes_fomentarius/77720898.jpg,Fomes fomentarius
data/images/Fomes_fomentarius/77724695.jpg,Fomes fomentarius
data/images/Fomes_fomentarius/78440065.jpg,Fomes fomentarius
data/images/Fomes_fomentarius/78819658.jpg,Fomes fomentarius
data/images/Fomes_fomentarius/79000588.jpg,Fomes fomentarius
data/images/Fomes_fomentarius/79496298.jpg,Fomes fomentarius
data/images/Fomes_fomentarius/79555144.jpg,Fomes fomentarius
data/images/Fomes_fomentarius/80095854.jpg,Fomes fomentarius
data/images/Fomes_fomentarius/80099439.jpg,Fomes fomentarius
data/images/Fomes_fomentarius/80552431.jpg,Fomes fomentarius
data/images/Fomes_fomentarius/80704342.jpg,Fomes fomentarius
data/images/Fomes_fomentarius/80852363.jpg,Fomes fomentarius
data/images/Fomes_fomentarius/81306286.jpg,Fomes fomentarius
data/images/Fomes_fomentarius/81680976.jpg,Fomes fomentarius
data/images/Fomes_fomentarius/81907386.jpg,Fomes fomentarius
data/images/Fomes_fomentarius/82285247.jpg,Fomes fomentarius
data/images/Fomes_fomentarius/82709545.jpg,Fomes fomentarius
data/images/Fomes_fomentarius/82806520.jpg,Fomes fomentarius
data/images/Fomes_fomentarius/84874390.jpg,Fomes fomentarius
data/images/Fomes_fomentarius/85490298.jpg,Fomes fomentarius
data/images/Fomes_fomentarius/90506653.jpg,Fomes fomentarius
data/images/Fomes_fomentarius/90817417.jpg,Fomes fomentarius
data/images/Fomes_fomentarius/91240609.jpg,Fomes fomentarius
data/images/Fomes_fomentarius/91246630.jpg,Fomes fomentarius
data/images/Fomes_fomentarius/92276590.jpg,Fomes fomentarius
data/images/Fomes_fomentarius/92781084.jpg,Fomes fomentarius
data/images/Fomes_fomentarius/94083321.jpg,Fomes fomentarius
data/images/Fomes_fomentarius/95841288.jpg,Fomes fomentarius
data/images/Fomes_fomentarius/96567196.jpg,Fomes fomentarius
data/images/Fomes_fomentarius/97802188.jpg,Fomes fomentarius
data/images/Fomes_fomentarius/98871365.jpg,Fomes fomentarius
data/images/Fomes_fomentarius/99437348.jpg,Fomes fomentarius
data/images/Boletus_edulis/100130796.jpg,Boletus edulis
data/images/Boletus_edulis/107145612.jpg,Boletus edulis
data/images/Boletus_edulis/108470143.jpg,Boletus edulis
data/images/Boletus_edulis/111397296.jpg,Boletus edulis
data/images/Boletus_edulis/116982793.jpg,Boletus edulis
data/images/Boletus_edulis/125423614.jpg,Boletus edulis
data/images/Boletus_edulis/130769945.jpg,Boletus edulis
data/images/Boletus_edulis/130773772.jpg,Boletus edulis
data/images/Boletus_edulis/130815712.jpg,Boletus edulis
data/images/Boletus_edulis/133174370.jpg,Boletus edulis
data/images/Boletus_edulis/133735993.jpg,Boletus edulis
data/images/Boletus_edulis/133747558.jpg,Boletus edulis
data/images/Boletus_edulis/133937519.jpg,Boletus edulis
data/images/Boletus_edulis/134182449.jpg,Boletus edulis
data/images/Boletus_edulis/134708554.jpg,Boletus edulis
data/images/Boletus_edulis/134864582.jpg,Boletus edulis
data/images/Boletus_edulis/134971007.jpg,Boletus edulis
data/images/Boletus_edulis/134971987.jpg,Boletus edulis
data/images/Boletus_edulis/135084898.jpg,Boletus edulis
data/images/Boletus_edulis/135096921.jpg,Boletus edulis
data/images/Boletus_edulis/135097154.jpg,Boletus edulis
data/images/Boletus_edulis/135248067.jpg,Boletus edulis
data/images/Boletus_edulis/135365520.jpg,Boletus edulis
data/images/Boletus_edulis/135557859.jpg,Boletus edulis
data/images/Boletus_edulis/135560891.jpg,Boletus edulis
data/images/Boletus_edulis/135683384.jpg,Boletus edulis
data/images/Boletus_edulis/135805438.jpg,Boletus edulis
data/images/Boletus_edulis/135807960.jpg,Boletus edulis
data/images/Boletus_edulis/135906079.jpg,Boletus edulis
data/images/Boletus_edulis/135912160.jpg,Boletus edulis
data/images/Boletus_edulis/136254206.jpg,Boletus edulis
data/images/Boletus_edulis/136413137.jpg,Boletus edulis
data/images/Boletus_edulis/136416033.jpg,Boletus edulis
data/images/Boletus_edulis/136787313.jpg,Boletus edulis
data/images/Boletus_edulis/136799085.jpg,Boletus edulis
data/images/Boletus_edulis/136802400.jpg,Boletus edulis
data/images/Boletus_edulis/136901275.jpg,Boletus edulis
data/images/Boletus_edulis/136908108.jpg,Boletus edulis
data/images/Boletus_edulis/136919835.jpg,Boletus edulis
data/images/Boletus_edulis/136997247.jpg,Boletus edulis
data/images/Boletus_edulis/137119669.jpg,Boletus edulis
data/images/Boletus_edulis/137132017.jpg,Boletus edulis
data/images/Boletus_edulis/137154519.jpg,Boletus edulis
data/images/Boletus_edulis/137168446.jpg,Boletus edulis
data/images/Boletus_edulis/137187120.jpg,Boletus edulis
data/images/Boletus_edulis/137211964.jpg,Boletus edulis
data/images/Boletus_edulis/137258457.jpg,Boletus edulis
data/images/Boletus_edulis/137261937.jpg,Boletus edulis
data/images/Boletus_edulis/137265269.jpg,Boletus edulis
data/images/Boletus_edulis/137270180.jpg,Boletus edulis
data/images/Boletus_edulis/137288319.jpg,Boletus edulis
data/images/Boletus_edulis/137345739.jpg,Boletus edulis
data/images/Boletus_edulis/137393756.jpg,Boletus edulis
data/images/Boletus_edulis/137500253.jpg,Boletus edulis
data/images/Boletus_edulis/137550657.jpg,Boletus edulis
data/images/Boletus_edulis/137551018.jpg,Boletus edulis
data/images/Boletus_edulis/137621367.jpg,Boletus edulis
data/images/Boletus_edulis/137621464.jpg,Boletus edulis
data/images/Boletus_edulis/137622994.jpg,Boletus edulis
data/images/Boletus_edulis/137747732.jpg,Boletus edulis
data/images/Boletus_edulis/137837123.jpg,Boletus edulis
data/images/Boletus_edulis/137849368.jpg,Boletus edulis
data/images/Boletus_edulis/137849565.jpg,Boletus edulis
data/images/Boletus_edulis/137857925.jpg,Boletus edulis
data/images/Boletus_edulis/137917605.jpg,Boletus edulis
data/images/Boletus_edulis/137954030.jpg,Boletus edulis
data/images/Boletus_edulis/137967975.jpg,Boletus edulis
data/images/Boletus_edulis/138084051.jpg,Boletus edulis
data/images/Boletus_edulis/138093009.jpg,Boletus edulis
data/images/Boletus_edulis/138245271.jpg,Boletus edulis
data/images/Boletus_edulis/138396288.jpg,Boletus edulis
data/images/Boletus_edulis/138523111.jpg,Boletus edulis
data/images/Boletus_edulis/138590078.jpg,Boletus edulis
data/images/Boletus_edulis/138590828.jpg,Boletus edulis
data/images/Boletus_edulis/138616256.jpg,Boletus edulis
data/images/Boletus_edulis/138628250.jpg,Boletus edulis
data/images/Boletus_edulis/138809247.jpg,Boletus edulis
data/images/Boletus_edulis/138818071.jpg,Boletus edulis
data/images/Boletus_edulis/138826335.jpg,Boletus edulis
data/images/Boletus_edulis/138827439.jpg,Boletus edulis
data/images/Boletus_edulis/138829761.jpg,Boletus edulis
data/images/Boletus_edulis/138838637.jpg,Boletus edulis
data/images/Boletus_edulis/138849711.jpg,Boletus edulis
data/images/Boletus_edulis/138949816.jpg,Boletus edulis
data/images/Boletus_edulis/138978309.jpg,Boletus edulis
data/images/Boletus_edulis/138979651.jpg,Boletus edulis
data/images/Boletus_edulis/138991273.jpg,Boletus edulis
data/images/Boletus_edulis/139102508.jpg,Boletus edulis
data/images/Boletus_edulis/139104578.jpg,Boletus edulis
data/images/Boletus_edulis/139168932.jpg,Boletus edulis
data/images/Boletus_edulis/139200452.jpg,Boletus edulis
data/images/Boletus_edulis/139200680.jpg,Boletus edulis
data/images/Boletus_edulis/139208568.jpg,Boletus edulis
data/images/Boletus_edulis/139229957.jpg,Boletus edulis
data/images/Boletus_edulis/139235567.jpg,Boletus edulis
data/images/Boletus_edulis/139309562.jpg,Boletus edulis
data/images/Boletus_edulis/139320150.jpg,Boletus edulis
data/images/Boletus_edulis/139320352.jpg,Boletus edulis
data/images/Boletus_edulis/139332151.jpg,Boletus edulis
data/images/Boletus_edulis/139333850.jpg,Boletus edulis
data/images/Boletus_edulis/139335623.jpg,Boletus edulis
data/images/Boletus_edulis/139431435.jpg,Boletus edulis
data/images/Boletus_edulis/139471522.jpg,Boletus edulis
data/images/Boletus_edulis/139732013.jpg,Boletus edulis
data/images/Boletus_edulis/139748876.jpg,Boletus edulis
data/images/Boletus_edulis/139921197.jpg,Boletus edulis
data/images/Boletus_edulis/140107244.jpg,Boletus edulis
data/images/Boletus_edulis/141152875.jpg,Boletus edulis
data/images/Boletus_edulis/141491530.jpg,Boletus edulis
data/images/Boletus_edulis/146766725.jpg,Boletus edulis
data/images/Boletus_edulis/149716977.jpg,Boletus edulis
data/images/Boletus_edulis/149717058.jpg,Boletus edulis
data/images/Boletus_edulis/154855973.jpg,Boletus edulis
data/images/Boletus_edulis/162585685.jpg,Boletus edulis
data/images/Boletus_edulis/172497394.jpg,Boletus edulis
data/images/Boletus_edulis/173578620.jpg,Boletus edulis
data/images/Boletus_edulis/175220207.jpg,Boletus edulis
data/images/Boletus_edulis/175733968.jpg,Boletus edulis
data/images/Boletus_edulis/175734421.jpg,Boletus edulis
data/images/Boletus_edulis/176059813.jpg,Boletus edulis
data/images/Boletus_edulis/176767827.jpg,Boletus edulis
data/images/Boletus_edulis/176935057.jpg,Boletus edulis
data/images/Boletus_edulis/177136768.jpg,Boletus edulis
data/images/Boletus_edulis/177346889.jpg,Boletus edulis
data/images/Boletus_edulis/177378259.jpg,Boletus edulis
data/images/Boletus_edulis/177389704.jpg,Boletus edulis
data/images/Boletus_edulis/177785608.jpg,Boletus edulis
data/images/Boletus_edulis/177819907.jpg,Boletus edulis
data/images/Boletus_edulis/177846705.jpg,Boletus edulis
data/images/Boletus_edulis/177961692.jpg,Boletus edulis
data/images/Boletus_edulis/178424946.jpg,Boletus edulis
data/images/Boletus_edulis/178504075.jpg,Boletus edulis
data/images/Boletus_edulis/178998707.jpg,Boletus edulis
data/images/Boletus_edulis/179342758.jpg,Boletus edulis
data/images/Boletus_edulis/180449409.jpg,Boletus edulis
data/images/Boletus_edulis/180767287.jpg,Boletus edulis
data/images/Boletus_edulis/181040603.jpg,Boletus edulis
data/images/Boletus_edulis/181216123.jpg,Boletus edulis
data/images/Boletus_edulis/181531095.jpg,Boletus edulis
data/images/Boletus_edulis/181546773.jpg,Boletus edulis
data/images/Boletus_edulis/182033631.jpg,Boletus edulis
data/images/Boletus_edulis/182917462.jpg,Boletus edulis
data/images/Boletus_edulis/183635426.jpg,Boletus edulis
data/images/Boletus_edulis/184116394.jpg,Boletus edulis
data/images/Boletus_edulis/184730939.jpg,Boletus edulis
data/images/Boletus_edulis/185686189.jpg,Boletus edulis
data/images/Boletus_edulis/185735198.jpg,Boletus edulis
data/images/Boletus_edulis/186144760.jpg,Boletus edulis
data/images/Boletus_edulis/186673034.jpg,Boletus edulis
data/images/Boletus_edulis/187002615.jpg,Boletus edulis
data/images/Boletus_edulis/187042266.jpg,Boletus edulis
data/images/Boletus_edulis/187042591.jpg,Boletus edulis
data/images/Boletus_edulis/187042722.jpg,Boletus edulis
data/images/Boletus_edulis/187042798.jpg,Boletus edulis
data/images/Boletus_edulis/187043302.jpg,Boletus edulis
data/images/Boletus_edulis/187122725.jpg,Boletus edulis
data/images/Boletus_edulis/187366990.jpg,Boletus edulis
data/images/Boletus_edulis/187469867.jpg,Boletus edulis
data/images/Boletus_edulis/187633963.jpg,Boletus edulis
data/images/Boletus_edulis/187773457.jpg,Boletus edulis
data/images/Boletus_edulis/187797073.jpg,Boletus edulis
data/images/Boletus_edulis/187881496.jpg,Boletus edulis
data/images/Boletus_edulis/188030253.jpg,Boletus edulis
data/images/Boletus_edulis/188374790.jpg,Boletus edulis
data/images/Boletus_edulis/188386022.jpg,Boletus edulis
data/images/Boletus_edulis/188497736.jpg,Boletus edulis
data/images/Boletus_edulis/189147443.jpg,Boletus edulis
data/images/Boletus_edulis/189204061.jpg,Boletus edulis
data/images/Boletus_edulis/189360908.jpg,Boletus edulis
data/images/Boletus_edulis/190302964.jpg,Boletus edulis
data/images/Boletus_edulis/191196601.jpg,Boletus edulis
data/images/Boletus_edulis/202378356.jpg,Boletus edulis
data/images/Boletus_edulis/202574758.jpg,Boletus edulis
data/images/Boletus_edulis/214808140.jpg,Boletus edulis
data/images/Boletus_edulis/225980495.jpg,Boletus edulis
data/images/Boletus_edulis/229508347.jpg,Boletus edulis
data/images/Boletus_edulis/229851936.jpg,Boletus edulis
data/images/Boletus_edulis/230463106.jpg,Boletus edulis
data/images/Boletus_edulis/238249064.jpg,Boletus edulis
data/images/Boletus_edulis/238740336.jpg,Boletus edulis
data/images/Boletus_edulis/238765397.jpg,Boletus edulis
data/images/Boletus_edulis/242085209.jpg,Boletus edulis
data/images/Boletus_edulis/242867066.jpg,Boletus edulis
data/images/Boletus_edulis/243750085.jpg,Boletus edulis
data/images/Boletus_edulis/243790989.jpg,Boletus edulis
data/images/Boletus_edulis/244134987.jpg,Boletus edulis
data/images/Boletus_edulis/244457385.jpg,Boletus edulis
data/images/Boletus_edulis/244676869.jpg,Boletus edulis
data/images/Boletus_edulis/244767362.jpg,Boletus edulis
data/images/Boletus_edulis/244931455.jpg,Boletus edulis
data/images/Boletus_edulis/245095407.jpg,Boletus edulis
data/images/Boletus_edulis/245234986.jpg,Boletus edulis
data/images/Boletus_edulis/245250456.jpg,Boletus edulis
data/images/Boletus_edulis/245367296.jpg,Boletus edulis
data/images/Boletus_edulis/245731110.jpg,Boletus edulis
data/images/Boletus_edulis/246119256.jpg,Boletus edulis
data/images/Boletus_edulis/246945947.jpg,Boletus edulis
data/images/Boletus_edulis/247077857.jpg,Boletus edulis
data/images/Boletus_edulis/247302794.jpg,Boletus edulis
data/images/Boletus_edulis/247534993.jpg,Boletus edulis
data/images/Boletus_edulis/247592605.jpg,Boletus edulis
data/images/Boletus_edulis/247879679.jpg,Boletus edulis
data/images/Boletus_edulis/248563081.jpg,Boletus edulis
data/images/Boletus_edulis/248578210.jpg,Boletus edulis
data/images/Boletus_edulis/248593664.jpg,Boletus edulis
data/images/Boletus_edulis/248719549.jpg,Boletus edulis
data/images/Boletus_edulis/248734364.jpg,Boletus edulis
data/images/Boletus_edulis/248769557.jpg,Boletus edulis
data/images/Boletus_edulis/248855154.jpg,Boletus edulis
data/images/Boletus_edulis/250294019.jpg,Boletus edulis
data/images/Boletus_edulis/253306312.jpg,Boletus edulis
data/images/Boletus_edulis/270399726.jpg,Boletus edulis
data/images/Boletus_edulis/302926795.jpg,Boletus edulis
data/images/Boletus_edulis/302927562.jpg,Boletus edulis
data/images/Boletus_edulis/305727362.jpg,Boletus edulis
data/images/Boletus_edulis/305803915.jpg,Boletus edulis
data/images/Boletus_edulis/306210778.jpg,Boletus edulis
data/images/Boletus_edulis/313519875.jpg,Boletus edulis
data/images/Boletus_edulis/313811200.jpg,Boletus edulis
data/images/Boletus_edulis/314849294.jpg,Boletus edulis
data/images/Boletus_edulis/315013227.jpg,Boletus edulis
data/images/Boletus_edulis/315029633.jpg,Boletus edulis
data/images/Boletus_edulis/315191665.jpg,Boletus edulis
data/images/Boletus_edulis/315220177.jpg,Boletus edulis
data/images/Boletus_edulis/315237688.jpg,Boletus edulis
data/images/Boletus_edulis/316319229.jpg,Boletus edulis
data/images/Boletus_edulis/316700771.jpg,Boletus edulis
data/images/Boletus_edulis/317326459.jpg,Boletus edulis
data/images/Boletus_edulis/318402279.jpg,Boletus edulis
data/images/Boletus_edulis/319325051.jpg,Boletus edulis
data/images/Boletus_edulis/319533072.jpg,Boletus edulis
data/images/Boletus_edulis/319544751.jpg,Boletus edulis
data/images/Boletus_edulis/319932738.jpg,Boletus edulis
data/images/Boletus_edulis/320132111.jpg,Boletus edulis
data/images/Boletus_edulis/320881398.jpg,Boletus edulis
data/images/Boletus_edulis/321108423.jpg,Boletus edulis
data/images/Boletus_edulis/324396328.jpg,Boletus edulis
data/images/Boletus_edulis/325663218.jpg,Boletus edulis
data/images/Boletus_edulis/325700671.jpg,Boletus edulis
data/images/Boletus_edulis/327226986.jpg,Boletus edulis
data/images/Boletus_edulis/328587308.jpg,Boletus edulis
data/images/Boletus_edulis/33532020.jpg,Boletus edulis
data/images/Boletus_edulis/33532036.jpg,Boletus edulis
data/images/Boletus_edulis/33589250.jpg,Boletus edulis
data/images/Boletus_edulis/337304660.jpg,Boletus edulis
data/images/Boletus_edulis/33942878.jpg,Boletus edulis
data/images/Boletus_edulis/34117621.jpg,Boletus edulis
data/images/Boletus_edulis/42236782.jpg,Boletus edulis
data/images/Boletus_edulis/55163886.jpg,Boletus edulis
data/images/Boletus_edulis/55918302.jpg,Boletus edulis
data/images/Boletus_edulis/58609076.jpg,Boletus edulis
data/images/Boletus_edulis/58688984.jpg,Boletus edulis
data/images/Boletus_edulis/58708708.jpg,Boletus edulis
data/images/Boletus_edulis/58844747.jpg,Boletus edulis
data/images/Boletus_edulis/58848266.jpg,Boletus edulis
data/images/Boletus_edulis/59235768.jpg,Boletus edulis
data/images/Boletus_edulis/59301795.jpg,Boletus edulis
data/images/Boletus_edulis/59327953.jpg,Boletus edulis
data/images/Boletus_edulis/59331494.jpg,Boletus edulis
data/images/Boletus_edulis/59466074.jpg,Boletus edulis
data/images/Boletus_edulis/59667037.jpg,Boletus edulis
data/images/Boletus_edulis/59719491.jpg,Boletus edulis
data/images/Boletus_edulis/59763185.jpg,Boletus edulis
data/images/Boletus_edulis/59852939.jpg,Boletus edulis
data/images/Boletus_edulis/59861693.jpg,Boletus edulis
data/images/Boletus_edulis/60051355.jpg,Boletus edulis
data/images/Boletus_edulis/60062575.jpg,Boletus edulis
data/images/Boletus_edulis/60070679.jpg,Boletus edulis
data/images/Boletus_edulis/60176018.jpg,Boletus edulis
data/images/Boletus_edulis/60181135.jpg,Boletus edulis
data/images/Boletus_edulis/61205582.jpg,Boletus edulis
data/images/Boletus_edulis/61398042.jpg,Boletus edulis
data/images/Boletus_edulis/61502679.jpg,Boletus edulis
data/images/Boletus_edulis/62282512.jpg,Boletus edulis
data/images/Boletus_edulis/62283414.jpg,Boletus edulis
data/images/Boletus_edulis/62293084.jpg,Boletus edulis
data/images/Boletus_edulis/62474538.jpg,Boletus edulis
data/images/Boletus_edulis/62552932.jpg,Boletus edulis
data/images/Boletus_edulis/62693518.jpg,Boletus edulis
data/images/Boletus_edulis/62704883.jpg,Boletus edulis
data/images/Boletus_edulis/62874479.jpg,Boletus edulis
data/images/Boletus_edulis/62887872.jpg,Boletus edulis
data/images/Boletus_edulis/63301340.jpg,Boletus edulis
data/images/Boletus_edulis/65404578.jpg,Boletus edulis
data/images/Boletus_edulis/69075094.jpg,Boletus edulis
data/images/Boletus_edulis/71291606.jpg,Boletus edulis
data/images/Boletus_edulis/79251151.jpg,Boletus edulis
data/images/Boletus_edulis/87172446.jpg,Boletus edulis
data/images/Boletus_edulis/91012983.jpg,Boletus edulis
data/images/Boletus_edulis/91016616.jpg,Boletus edulis
data/images/Boletus_edulis/91502664.jpg,Boletus edulis
data/images/Boletus_edulis/92077003.jpg,Boletus edulis
data/images/Boletus_edulis/92081736.jpg,Boletus edulis
data/images/Boletus_edulis/92330830.jpg,Boletus edulis
data/images/Boletus_edulis/92374873.jpg,Boletus edulis
data/images/Boletus_edulis/92460705.jpg,Boletus edulis
data/images/Boletus_edulis/92529279.jpg,Boletus edulis
data/images/Boletus_edulis/92557401.jpg,Boletus edulis
data/images/Boletus_edulis/92681240.jpg,Boletus edulis
data/images/Boletus_edulis/92755885.jpg,Boletus edulis
data/images/Boletus_edulis/92772549.jpg,Boletus edulis
data/images/Boletus_edulis/92790560.jpg,Boletus edulis
data/images/Boletus_edulis/93077879.jpg,Boletus edulis
data/images/Boletus_edulis/93077957.jpg,Boletus edulis
data/images/Boletus_edulis/93159198.jpg,Boletus edulis
data/images/Boletus_edulis/93236675.jpg,Boletus edulis
data/images/Boletus_edulis/93596948.jpg,Boletus edulis
data/images/Boletus_edulis/93830404.jpg,Boletus edulis
data/images/Boletus_edulis/94235992.jpg,Boletus edulis
data/images/Boletus_edulis/94435447.jpg,Boletus edulis
data/images/Boletus_edulis/94562862.jpg,Boletus edulis
data/images/Boletus_edulis/94621794.jpg,Boletus edulis
data/images/Boletus_edulis/94834446.jpg,Boletus edulis
data/images/Boletus_edulis/94964169.jpg,Boletus edulis
data/images/Boletus_edulis/96586899.jpg,Boletus edulis
data/images/Boletus_edulis/96998467.jpg,Boletus edulis
data/images/Boletus_edulis/97005771.jpg,Boletus edulis
data/images/Boletus_edulis/97121172.jpg,Boletus edulis
data/images/Boletus_edulis/97129021.jpg,Boletus edulis
data/images/Boletus_edulis/97150316.jpg,Boletus edulis
data/images/Boletus_edulis/97363688.jpg,Boletus edulis
data/images/Boletus_edulis/97425711.jpg,Boletus edulis
data/images/Boletus_edulis/97533990.jpg,Boletus edulis
data/images/Boletus_edulis/98004832.jpg,Boletus edulis
data/images/Boletus_edulis/98090498.jpg,Boletus edulis
data/images/Boletus_edulis/98360937.jpg,Boletus edulis
data/images/Boletus_edulis/98361191.jpg,Boletus edulis
data/images/Boletus_edulis/98464551.jpg,Boletus edulis
data/images/Boletus_edulis/98481219.jpg,Boletus edulis
data/images/Boletus_edulis/98593299.jpg,Boletus edulis
data/images/Boletus_edulis/98593921.jpg,Boletus edulis
data/images/Boletus_edulis/98609837.jpg,Boletus edulis
data/images/Boletus_edulis/98696228.jpg,Boletus edulis
data/images/Boletus_edulis/98700583.jpg,Boletus edulis
data/images/Boletus_edulis/98706483.jpg,Boletus edulis
data/images/Boletus_edulis/98881075.jpg,Boletus edulis
data/images/Boletus_edulis/98908492.jpg,Boletus edulis
data/images/Boletus_edulis/98993258.jpg,Boletus edulis
data/images/Boletus_edulis/99030054.jpg,Boletus edulis
data/images/Boletus_edulis/99337092.jpg,Boletus edulis
data/images/Cerioporus_squamosus/103842685.jpg,Cerioporus squamosus
data/images/Cerioporus_squamosus/115085069.jpg,Cerioporus squamosus
data/images/Cerioporus_squamosus/116532123.jpg,Cerioporus squamosus
data/images/Cerioporus_squamosus/116548913.jpg,Cerioporus squamosus
data/images/Cerioporus_squamosus/116753497.jpg,Cerioporus squamosus
data/images/Cerioporus_squamosus/116801092.jpg,Cerioporus squamosus
data/images/Cerioporus_squamosus/116811262.jpg,Cerioporus squamosus
data/images/Cerioporus_squamosus/116826832.jpg,Cerioporus squamosus
data/images/Cerioporus_squamosus/116826967.jpg,Cerioporus squamosus
data/images/Cerioporus_squamosus/116960340.jpg,Cerioporus squamosus
data/images/Cerioporus_squamosus/117418751.jpg,Cerioporus squamosus
data/images/Cerioporus_squamosus/117423038.jpg,Cerioporus squamosus
data/images/Cerioporus_squamosus/117427154.jpg,Cerioporus squamosus
data/images/Cerioporus_squamosus/117432408.jpg,Cerioporus squamosus
data/images/Cerioporus_squamosus/117590193.jpg,Cerioporus squamosus
data/images/Cerioporus_squamosus/117598538.jpg,Cerioporus squamosus
data/images/Cerioporus_squamosus/117701400.jpg,Cerioporus squamosus
data/images/Cerioporus_squamosus/117707833.jpg,Cerioporus squamosus
data/images/Cerioporus_squamosus/117716042.jpg,Cerioporus squamosus
data/images/Cerioporus_squamosus/117747742.jpg,Cerioporus squamosus
data/images/Cerioporus_squamosus/117753786.jpg,Cerioporus squamosus
data/images/Cerioporus_squamosus/117962593.jpg,Cerioporus squamosus
data/images/Cerioporus_squamosus/117985905.jpg,Cerioporus squamosus
data/images/Cerioporus_squamosus/118779688.jpg,Cerioporus squamosus
data/images/Cerioporus_squamosus/118834318.jpg,Cerioporus squamosus
data/images/Cerioporus_squamosus/119078416.jpg,Cerioporus squamosus
data/images/Cerioporus_squamosus/119081882.jpg,Cerioporus squamosus
data/images/Cerioporus_squamosus/119100593.jpg,Cerioporus squamosus
data/images/Cerioporus_squamosus/119208334.jpg,Cerioporus squamosus
data/images/Cerioporus_squamosus/119236901.jpg,Cerioporus squamosus
data/images/Cerioporus_squamosus/119308729.jpg,Cerioporus squamosus
data/images/Cerioporus_squamosus/119560077.jpg,Cerioporus squamosus
data/images/Cerioporus_squamosus/119594088.jpg,Cerioporus squamosus
data/images/Cerioporus_squamosus/119720497.jpg,Cerioporus squamosus
data/images/Cerioporus_squamosus/119848004.jpg,Cerioporus squamosus
data/images/Cerioporus_squamosus/120020374.jpg,Cerioporus squamosus
data/images/Cerioporus_squamosus/120020549.jpg,Cerioporus squamosus
data/images/Cerioporus_squamosus/120522730.jpg,Cerioporus squamosus
data/images/Cerioporus_squamosus/120822673.jpg,Cerioporus squamosus
data/images/Cerioporus_squamosus/121707406.jpg,Cerioporus squamosus
data/images/Cerioporus_squamosus/123667285.jpg,Cerioporus squamosus
data/images/Cerioporus_squamosus/124084500.jpg,Cerioporus squamosus
data/images/Cerioporus_squamosus/124129189.jpg,Cerioporus squamosus
data/images/Cerioporus_squamosus/124996455.jpg,Cerioporus squamosus
data/images/Cerioporus_squamosus/125295306.jpg,Cerioporus squamosus
data/images/Cerioporus_squamosus/125633439.jpg,Cerioporus squamosus
data/images/Cerioporus_squamosus/126183303.jpg,Cerioporus squamosus
data/images/Cerioporus_squamosus/127062510.jpg,Cerioporus squamosus
data/images/Cerioporus_squamosus/127188046.jpg,Cerioporus squamosus
data/images/Cerioporus_squamosus/128164439.jpg,Cerioporus squamosus
data/images/Cerioporus_squamosus/129521479.jpg,Cerioporus squamosus
data/images/Cerioporus_squamosus/129656474.jpg,Cerioporus squamosus
data/images/Cerioporus_squamosus/129828963.jpg,Cerioporus squamosus
data/images/Cerioporus_squamosus/131183803.jpg,Cerioporus squamosus
data/images/Cerioporus_squamosus/131330049.jpg,Cerioporus squamosus
data/images/Cerioporus_squamosus/131744276.jpg,Cerioporus squamosus
data/images/Cerioporus_squamosus/131985056.jpg,Cerioporus squamosus
data/images/Cerioporus_squamosus/132285635.jpg,Cerioporus squamosus
data/images/Cerioporus_squamosus/132525516.jpg,Cerioporus squamosus
data/images/Cerioporus_squamosus/132843849.jpg,Cerioporus squamosus
data/images/Cerioporus_squamosus/132941159.jpg,Cerioporus squamosus
data/images/Cerioporus_squamosus/134852151.jpg,Cerioporus squamosus
data/images/Cerioporus_squamosus/135349626.jpg,Cerioporus squamosus
data/images/Cerioporus_squamosus/135497453.jpg,Cerioporus squamosus
data/images/Cerioporus_squamosus/135758250.jpg,Cerioporus squamosus
data/images/Cerioporus_squamosus/136024055.jpg,Cerioporus squamosus
data/images/Cerioporus_squamosus/136261929.jpg,Cerioporus squamosus
data/images/Cerioporus_squamosus/136606576.jpg,Cerioporus squamosus
data/images/Cerioporus_squamosus/139157963.jpg,Cerioporus squamosus
data/images/Cerioporus_squamosus/139625551.jpg,Cerioporus squamosus
data/images/Cerioporus_squamosus/147478441.jpg,Cerioporus squamosus
data/images/Cerioporus_squamosus/147652437.jpg,Cerioporus squamosus
data/images/Cerioporus_squamosus/160338823.jpg,Cerioporus squamosus
data/images/Cerioporus_squamosus/160584741.jpg,Cerioporus squamosus
data/images/Cerioporus_squamosus/161958124.jpg,Cerioporus squamosus
data/images/Cerioporus_squamosus/162271703.jpg,Cerioporus squamosus
data/images/Cerioporus_squamosus/162307966.jpg,Cerioporus squamosus
data/images/Cerioporus_squamosus/162914255.jpg,Cerioporus squamosus
data/images/Cerioporus_squamosus/163455811.jpg,Cerioporus squamosus
data/images/Cerioporus_squamosus/164163429.jpg,Cerioporus squamosus
data/images/Cerioporus_squamosus/164212384.jpg,Cerioporus squamosus
data/images/Cerioporus_squamosus/164380352.jpg,Cerioporus squamosus
data/images/Cerioporus_squamosus/164416921.jpg,Cerioporus squamosus
data/images/Cerioporus_squamosus/164819115.jpg,Cerioporus squamosus
data/images/Cerioporus_squamosus/164837874.jpg,Cerioporus squamosus
data/images/Cerioporus_squamosus/165502916.jpg,Cerioporus squamosus
data/images/Cerioporus_squamosus/165844670.jpg,Cerioporus squamosus
data/images/Cerioporus_squamosus/165867352.jpg,Cerioporus squamosus
data/images/Cerioporus_squamosus/166084253.jpg,Cerioporus squamosus
data/images/Cerioporus_squamosus/166450348.jpg,Cerioporus squamosus
data/images/Cerioporus_squamosus/166558866.jpg,Cerioporus squamosus
data/images/Cerioporus_squamosus/166804580.jpg,Cerioporus squamosus
data/images/Cerioporus_squamosus/167192175.jpg,Cerioporus squamosus
data/images/Cerioporus_squamosus/167519278.jpg,Cerioporus squamosus
data/images/Cerioporus_squamosus/168072763.jpg,Cerioporus squamosus
data/images/Cerioporus_squamosus/168312736.jpg,Cerioporus squamosus
data/images/Cerioporus_squamosus/168387720.jpg,Cerioporus squamosus
data/images/Cerioporus_squamosus/169340255.jpg,Cerioporus squamosus
data/images/Cerioporus_squamosus/169387792.jpg,Cerioporus squamosus
data/images/Cerioporus_squamosus/169433307.jpg,Cerioporus squamosus
data/images/Cerioporus_squamosus/169969460.jpg,Cerioporus squamosus
data/images/Cerioporus_squamosus/170074094.jpg,Cerioporus squamosus
data/images/Cerioporus_squamosus/170524537.jpg,Cerioporus squamosus
data/images/Cerioporus_squamosus/170823636.jpg,Cerioporus squamosus
data/images/Cerioporus_squamosus/171417780.jpg,Cerioporus squamosus
data/images/Cerioporus_squamosus/171558118.jpg,Cerioporus squamosus
data/images/Cerioporus_squamosus/174893518.jpg,Cerioporus squamosus
data/images/Cerioporus_squamosus/175054190.jpg,Cerioporus squamosus
data/images/Cerioporus_squamosus/176610682.jpg,Cerioporus squamosus
data/images/Cerioporus_squamosus/176734398.jpg,Cerioporus squamosus
data/images/Cerioporus_squamosus/179494040.jpg,Cerioporus squamosus
data/images/Cerioporus_squamosus/180424834.jpg,Cerioporus squamosus
data/images/Cerioporus_squamosus/181343843.jpg,Cerioporus squamosus
data/images/Cerioporus_squamosus/187095033.jpg,Cerioporus squamosus
data/images/Cerioporus_squamosus/192554976.jpg,Cerioporus squamosus
data/images/Cerioporus_squamosus/205826327.jpg,Cerioporus squamosus
data/images/Cerioporus_squamosus/207966701.jpg,Cerioporus squamosus
data/images/Cerioporus_squamosus/211705818.jpg,Cerioporus squamosus
data/images/Cerioporus_squamosus/213145293.jpg,Cerioporus squamosus
data/images/Cerioporus_squamosus/213407832.jpg,Cerioporus squamosus
data/images/Cerioporus_squamosus/214354803.jpg,Cerioporus squamosus
data/images/Cerioporus_squamosus/216760091.jpg,Cerioporus squamosus
data/images/Cerioporus_squamosus/217047255.jpg,Cerioporus squamosus
data/images/Cerioporus_squamosus/218052489.jpg,Cerioporus squamosus
data/images/Cerioporus_squamosus/218072674.jpg,Cerioporus squamosus
data/images/Cerioporus_squamosus/218309956.jpg,Cerioporus squamosus
data/images/Cerioporus_squamosus/218383180.jpg,Cerioporus squamosus
data/images/Cerioporus_squamosus/218583171.jpg,Cerioporus squamosus
data/images/Cerioporus_squamosus/219283535.jpg,Cerioporus squamosus
data/images/Cerioporus_squamosus/220905676.jpg,Cerioporus squamosus
data/images/Cerioporus_squamosus/221037766.jpg,Cerioporus squamosus
data/images/Cerioporus_squamosus/221093661.jpg,Cerioporus squamosus
data/images/Cerioporus_squamosus/221300763.jpg,Cerioporus squamosus
data/images/Cerioporus_squamosus/221800798.jpg,Cerioporus squamosus
data/images/Cerioporus_squamosus/224569459.jpg,Cerioporus squamosus
data/images/Cerioporus_squamosus/224834024.jpg,Cerioporus squamosus
data/images/Cerioporus_squamosus/224835978.jpg,Cerioporus squamosus
data/images/Cerioporus_squamosus/235282374.jpg,Cerioporus squamosus
data/images/Cerioporus_squamosus/238124580.jpg,Cerioporus squamosus
data/images/Cerioporus_squamosus/243990772.jpg,Cerioporus squamosus
data/images/Cerioporus_squamosus/244349776.jpg,Cerioporus squamosus
data/images/Cerioporus_squamosus/245952180.jpg,Cerioporus squamosus
data/images/Cerioporus_squamosus/256630017.jpg,Cerioporus squamosus
data/images/Cerioporus_squamosus/272010238.jpg,Cerioporus squamosus
data/images/Cerioporus_squamosus/272692989.jpg,Cerioporus squamosus
data/images/Cerioporus_squamosus/278358050.jpg,Cerioporus squamosus
data/images/Cerioporus_squamosus/278939696.jpg,Cerioporus squamosus
data/images/Cerioporus_squamosus/279193580.jpg,Cerioporus squamosus
data/images/Cerioporus_squamosus/279206930.jpg,Cerioporus squamosus
data/images/Cerioporus_squamosus/280224196.jpg,Cerioporus squamosus
data/images/Cerioporus_squamosus/281015286.jpg,Cerioporus squamosus
data/images/Cerioporus_squamosus/281719602.jpg,Cerioporus squamosus
data/images/Cerioporus_squamosus/282319226.jpg,Cerioporus squamosus
data/images/Cerioporus_squamosus/283325958.jpg,Cerioporus squamosus
data/images/Cerioporus_squamosus/283362452.jpg,Cerioporus squamosus
data/images/Cerioporus_squamosus/283637170.jpg,Cerioporus squamosus
data/images/Cerioporus_squamosus/289227441.jpg,Cerioporus squamosus
data/images/Cerioporus_squamosus/290900752.jpg,Cerioporus squamosus
data/images/Cerioporus_squamosus/291222092.jpg,Cerioporus squamosus
data/images/Cerioporus_squamosus/294408617.jpg,Cerioporus squamosus
data/images/Cerioporus_squamosus/295932621.jpg,Cerioporus squamosus
data/images/Cerioporus_squamosus/295977085.jpg,Cerioporus squamosus
data/images/Cerioporus_squamosus/296489326.jpg,Cerioporus squamosus
data/images/Cerioporus_squamosus/297026428.jpg,Cerioporus squamosus
data/images/Cerioporus_squamosus/297387435.jpg,Cerioporus squamosus
data/images/Cerioporus_squamosus/303684463.jpg,Cerioporus squamosus
data/images/Cerioporus_squamosus/304967905.jpg,Cerioporus squamosus
data/images/Cerioporus_squamosus/306591191.jpg,Cerioporus squamosus
data/images/Cerioporus_squamosus/307231129.jpg,Cerioporus squamosus
data/images/Cerioporus_squamosus/308391264.jpg,Cerioporus squamosus
data/images/Cerioporus_squamosus/309918366.jpg,Cerioporus squamosus
data/images/Cerioporus_squamosus/310442532.jpg,Cerioporus squamosus
data/images/Cerioporus_squamosus/310564060.jpg,Cerioporus squamosus
data/images/Cerioporus_squamosus/310707436.jpg,Cerioporus squamosus
data/images/Cerioporus_squamosus/310718697.jpg,Cerioporus squamosus
data/images/Cerioporus_squamosus/311497468.jpg,Cerioporus squamosus
data/images/Cerioporus_squamosus/311742481.jpg,Cerioporus squamosus
data/images/Cerioporus_squamosus/312681269.jpg,Cerioporus squamosus
data/images/Cerioporus_squamosus/312883015.jpg,Cerioporus squamosus
data/images/Cerioporus_squamosus/314989734.jpg,Cerioporus squamosus
data/images/Cerioporus_squamosus/315199391.jpg,Cerioporus squamosus
data/images/Cerioporus_squamosus/316116185.jpg,Cerioporus squamosus
data/images/Cerioporus_squamosus/316515163.jpg,Cerioporus squamosus
data/images/Cerioporus_squamosus/318588361.jpg,Cerioporus squamosus
data/images/Cerioporus_squamosus/319107460.jpg,Cerioporus squamosus
data/images/Cerioporus_squamosus/319567222.jpg,Cerioporus squamosus
data/images/Cerioporus_squamosus/31984750.jpg,Cerioporus squamosus
data/images/Cerioporus_squamosus/321071703.jpg,Cerioporus squamosus
data/images/Cerioporus_squamosus/329056886.jpg,Cerioporus squamosus
data/images/Cerioporus_squamosus/332475328.jpg,Cerioporus squamosus
data/images/Cerioporus_squamosus/33470104.jpg,Cerioporus squamosus
data/images/Cerioporus_squamosus/33550951.jpg,Cerioporus squamosus
data/images/Cerioporus_squamosus/33579958.jpg,Cerioporus squamosus
data/images/Cerioporus_squamosus/33788166.jpg,Cerioporus squamosus
data/images/Cerioporus_squamosus/34405921.jpg,Cerioporus squamosus
data/images/Cerioporus_squamosus/43924168.jpg,Cerioporus squamosus
data/images/Cerioporus_squamosus/45341280.jpg,Cerioporus squamosus
data/images/Cerioporus_squamosus/46195302.jpg,Cerioporus squamosus
data/images/Cerioporus_squamosus/46211180.jpg,Cerioporus squamosus
data/images/Cerioporus_squamosus/46703461.jpg,Cerioporus squamosus
data/images/Cerioporus_squamosus/46824753.jpg,Cerioporus squamosus
data/images/Cerioporus_squamosus/47370611.jpg,Cerioporus squamosus
data/images/Cerioporus_squamosus/47501535.jpg,Cerioporus squamosus
data/images/Cerioporus_squamosus/47756425.jpg,Cerioporus squamosus
data/images/Cerioporus_squamosus/47849129.jpg,Cerioporus squamosus
data/images/Cerioporus_squamosus/47971910.jpg,Cerioporus squamosus
data/images/Cerioporus_squamosus/48103228.jpg,Cerioporus squamosus
data/images/Cerioporus_squamosus/49308309.jpg,Cerioporus squamosus
data/images/Cerioporus_squamosus/49318358.jpg,Cerioporus squamosus
data/images/Cerioporus_squamosus/49427361.jpg,Cerioporus squamosus
data/images/Cerioporus_squamosus/49575503.jpg,Cerioporus squamosus
data/images/Cerioporus_squamosus/49826488.jpg,Cerioporus squamosus
data/images/Cerioporus_squamosus/49929917.jpg,Cerioporus squamosus
data/images/Cerioporus_squamosus/50395923.jpg,Cerioporus squamosus
data/images/Cerioporus_squamosus/51032583.jpg,Cerioporus squamosus
data/images/Cerioporus_squamosus/51086271.jpg,Cerioporus squamosus
data/images/Cerioporus_squamosus/51704155.jpg,Cerioporus squamosus
data/images/Cerioporus_squamosus/51999014.jpg,Cerioporus squamosus
data/images/Cerioporus_squamosus/52001384.jpg,Cerioporus squamosus
data/images/Cerioporus_squamosus/52036159.jpg,Cerioporus squamosus
data/images/Cerioporus_squamosus/52445510.jpg,Cerioporus squamosus
data/images/Cerioporus_squamosus/52446931.jpg,Cerioporus squamosus
data/images/Cerioporus_squamosus/52672268.jpg,Cerioporus squamosus
data/images/Cerioporus_squamosus/53151187.jpg,Cerioporus squamosus
data/images/Cerioporus_squamosus/53345488.jpg,Cerioporus squamosus
data/images/Cerioporus_squamosus/53384562.jpg,Cerioporus squamosus
data/images/Cerioporus_squamosus/54832311.jpg,Cerioporus squamosus
data/images/Cerioporus_squamosus/55038328.jpg,Cerioporus squamosus
data/images/Cerioporus_squamosus/56030037.jpg,Cerioporus squamosus
data/images/Cerioporus_squamosus/57715679.jpg,Cerioporus squamosus
data/images/Cerioporus_squamosus/57813060.jpg,Cerioporus squamosus
data/images/Cerioporus_squamosus/57815892.jpg,Cerioporus squamosus
data/images/Cerioporus_squamosus/57926002.jpg,Cerioporus squamosus
data/images/Cerioporus_squamosus/58698059.jpg,Cerioporus squamosus
data/images/Cerioporus_squamosus/58967640.jpg,Cerioporus squamosus
data/images/Cerioporus_squamosus/59575291.jpg,Cerioporus squamosus
data/images/Cerioporus_squamosus/59868195.jpg,Cerioporus squamosus
data/images/Cerioporus_squamosus/60161475.jpg,Cerioporus squamosus
data/images/Cerioporus_squamosus/61187377.jpg,Cerioporus squamosus
data/images/Cerioporus_squamosus/61378290.jpg,Cerioporus squamosus
data/images/Cerioporus_squamosus/61550005.jpg,Cerioporus squamosus
data/images/Cerioporus_squamosus/61705877.jpg,Cerioporus squamosus
data/images/Cerioporus_squamosus/61937514.jpg,Cerioporus squamosus
data/images/Cerioporus_squamosus/65298467.jpg,Cerioporus squamosus
data/images/Cerioporus_squamosus/67744878.jpg,Cerioporus squamosus
data/images/Cerioporus_squamosus/78575316.jpg,Cerioporus squamosus
data/images/Cerioporus_squamosus/78673914.jpg,Cerioporus squamosus
data/images/Cerioporus_squamosus/78860323.jpg,Cerioporus squamosus
data/images/Cerioporus_squamosus/79000040.jpg,Cerioporus squamosus
data/images/Cerioporus_squamosus/79132039.jpg,Cerioporus squamosus
data/images/Cerioporus_squamosus/79132084.jpg,Cerioporus squamosus
data/images/Cerioporus_squamosus/79137785.jpg,Cerioporus squamosus
data/images/Cerioporus_squamosus/79169706.jpg,Cerioporus squamosus
data/images/Cerioporus_squamosus/79247198.jpg,Cerioporus squamosus
data/images/Cerioporus_squamosus/79299603.jpg,Cerioporus squamosus
data/images/Cerioporus_squamosus/79370877.jpg,Cerioporus squamosus
data/images/Cerioporus_squamosus/79414053.jpg,Cerioporus squamosus
data/images/Cerioporus_squamosus/79418034.jpg,Cerioporus squamosus
data/images/Cerioporus_squamosus/79508252.jpg,Cerioporus squamosus
data/images/Cerioporus_squamosus/79688264.jpg,Cerioporus squamosus
data/images/Cerioporus_squamosus/79904137.jpg,Cerioporus squamosus
data/images/Cerioporus_squamosus/79982196.jpg,Cerioporus squamosus
data/images/Cerioporus_squamosus/79985176.jpg,Cerioporus squamosus
data/images/Cerioporus_squamosus/80084655.jpg,Cerioporus squamosus
data/images/Cerioporus_squamosus/80090415.jpg,Cerioporus squamosus
data/images/Cerioporus_squamosus/80114800.jpg,Cerioporus squamosus
data/images/Cerioporus_squamosus/80377852.jpg,Cerioporus squamosus
data/images/Cerioporus_squamosus/80390543.jpg,Cerioporus squamosus
data/images/Cerioporus_squamosus/80497273.jpg,Cerioporus squamosus
data/images/Cerioporus_squamosus/80595734.jpg,Cerioporus squamosus
data/images/Cerioporus_squamosus/80786022.jpg,Cerioporus squamosus
data/images/Cerioporus_squamosus/80872012.jpg,Cerioporus squamosus
data/images/Cerioporus_squamosus/80936801.jpg,Cerioporus squamosus
data/images/Cerioporus_squamosus/81274459.jpg,Cerioporus squamosus
data/images/Cerioporus_squamosus/81284595.jpg,Cerioporus squamosus
data/images/Cerioporus_squamosus/81418935.jpg,Cerioporus squamosus
data/images/Cerioporus_squamosus/81530910.jpg,Cerioporus squamosus
data/images/Cerioporus_squamosus/81540319.jpg,Cerioporus squamosus
data/images/Cerioporus_squamosus/81694069.jpg,Cerioporus squamosus
data/images/Cerioporus_squamosus/81830967.jpg,Cerioporus squamosus
data/images/Cerioporus_squamosus/81856809.jpg,Cerioporus squamosus
data/images/Cerioporus_squamosus/81861395.jpg,Cerioporus squamosus
data/images/Cerioporus_squamosus/82337230.jpg,Cerioporus squamosus
data/images/Cerioporus_squamosus/82415758.jpg,Cerioporus squamosus
data/images/Cerioporus_squamosus/82535741.jpg,Cerioporus squamosus
data/images/Cerioporus_squamosus/82569385.jpg,Cerioporus squamosus
data/images/Cerioporus_squamosus/82656945.jpg,Cerioporus squamosus
data/images/Cerioporus_squamosus/82800796.jpg,Cerioporus squamosus
data/images/Cerioporus_squamosus/82809229.jpg,Cerioporus squamosus
data/images/Cerioporus_squamosus/82811046.jpg,Cerioporus squamosus
data/images/Cerioporus_squamosus/82811122.jpg,Cerioporus squamosus
data/images/Cerioporus_squamosus/82981178.jpg,Cerioporus squamosus
data/images/Cerioporus_squamosus/83108390.jpg,Cerioporus squamosus
data/images/Cerioporus_squamosus/83364592.jpg,Cerioporus squamosus
data/images/Cerioporus_squamosus/83644186.jpg,Cerioporus squamosus
data/images/Cerioporus_squamosus/83758757.jpg,Cerioporus squamosus
data/images/Cerioporus_squamosus/83776702.jpg,Cerioporus squamosus
data/images/Cerioporus_squamosus/83804372.jpg,Cerioporus squamosus
data/images/Cerioporus_squamosus/83953327.jpg,Cerioporus squamosus
data/images/Cerioporus_squamosus/84406989.jpg,Cerioporus squamosus
data/images/Cerioporus_squamosus/84440651.jpg,Cerioporus squamosus
data/images/Cerioporus_squamosus/84673307.jpg,Cerioporus squamosus
data/images/Cerioporus_squamosus/84690587.jpg,Cerioporus squamosus
data/images/Cerioporus_squamosus/84699592.jpg,Cerioporus squamosus
data/images/Cerioporus_squamosus/84842913.jpg,Cerioporus squamosus
data/images/Cerioporus_squamosus/85110864.jpg,Cerioporus squamosus
data/images/Cerioporus_squamosus/85202262.jpg,Cerioporus squamosus
data/images/Cerioporus_squamosus/85460527.jpg,Cerioporus squamosus
data/images/Cerioporus_squamosus/85614848.jpg,Cerioporus squamosus
data/images/Cerioporus_squamosus/85766133.jpg,Cerioporus squamosus
data/images/Cerioporus_squamosus/85915566.jpg,Cerioporus squamosus
data/images/Cerioporus_squamosus/86403934.jpg,Cerioporus squamosus
data/images/Cerioporus_squamosus/87238049.jpg,Cerioporus squamosus
data/images/Cerioporus_squamosus/89075662.jpg,Cerioporus squamosus
data/images/Cerioporus_squamosus/89885923.jpg,Cerioporus squamosus
data/images/Cerioporus_squamosus/90363015.jpg,Cerioporus squamosus
data/images/Cerioporus_squamosus/90537432.jpg,Cerioporus squamosus
data/images/Cerioporus_squamosus/90762064.jpg,Cerioporus squamosus
data/images/Cerioporus_squamosus/96455421.jpg,Cerioporus squamosus
data/images/Cerioporus_squamosus/96689044.jpg,Cerioporus squamosus
data/images/Phallus_impudicus/100130592.jpg,Phallus impudicus
data/images/Phallus_impudicus/100147670.jpg,Phallus impudicus
data/images/Phallus_impudicus/100221679.jpg,Phallus impudicus
data/images/Phallus_impudicus/100491657.jpg,Phallus impudicus
data/images/Phallus_impudicus/102534725.jpg,Phallus impudicus
data/images/Phallus_impudicus/121383241.jpg,Phallus impudicus
data/images/Phallus_impudicus/122278475.jpg,Phallus impudicus
data/images/Phallus_impudicus/122295183.jpg,Phallus impudicus
data/images/Phallus_impudicus/122526763.jpg,Phallus impudicus
data/images/Phallus_impudicus/123991531.jpg,Phallus impudicus
data/images/Phallus_impudicus/125269212.jpg,Phallus impudicus
data/images/Phallus_impudicus/125302873.jpg,Phallus impudicus
data/images/Phallus_impudicus/126355840.jpg,Phallus impudicus
data/images/Phallus_impudicus/127474385.jpg,Phallus impudicus
data/images/Phallus_impudicus/128302104.jpg,Phallus impudicus
data/images/Phallus_impudicus/129012733.jpg,Phallus impudicus
data/images/Phallus_impudicus/129013629.jpg,Phallus impudicus
data/images/Phallus_impudicus/129312832.jpg,Phallus impudicus
data/images/Phallus_impudicus/129519765.jpg,Phallus impudicus
data/images/Phallus_impudicus/129791749.jpg,Phallus impudicus
data/images/Phallus_impudicus/132652085.jpg,Phallus impudicus
data/images/Phallus_impudicus/133063966.jpg,Phallus impudicus
data/images/Phallus_impudicus/133763968.jpg,Phallus impudicus
data/images/Phallus_impudicus/134716322.jpg,Phallus impudicus
data/images/Phallus_impudicus/134841368.jpg,Phallus impudicus
data/images/Phallus_impudicus/134971777.jpg,Phallus impudicus
data/images/Phallus_impudicus/135093917.jpg,Phallus impudicus
data/images/Phallus_impudicus/135142536.jpg,Phallus impudicus
data/images/Phallus_impudicus/135340509.jpg,Phallus impudicus
data/images/Phallus_impudicus/135349329.jpg,Phallus impudicus
data/images/Phallus_impudicus/135496289.jpg,Phallus impudicus
data/images/Phallus_impudicus/135556211.jpg,Phallus impudicus
data/images/Phallus_impudicus/135683071.jpg,Phallus impudicus
data/images/Phallus_impudicus/136023473.jpg,Phallus impudicus
data/images/Phallus_impudicus/136023474.jpg,Phallus impudicus
data/images/Phallus_impudicus/136259994.jpg,Phallus impudicus
data/images/Phallus_impudicus/136341697.jpg,Phallus impudicus
data/images/Phallus_impudicus/136455042.jpg,Phallus impudicus
data/images/Phallus_impudicus/136470124.jpg,Phallus impudicus
data/images/Phallus_impudicus/136550086.jpg,Phallus impudicus
data/images/Phallus_impudicus/136678217.jpg,Phallus impudicus
data/images/Phallus_impudicus/136694699.jpg,Phallus impudicus
data/images/Phallus_impudicus/137405041.jpg,Phallus impudicus
data/images/Phallus_impudicus/137520706.jpg,Phallus impudicus
data/images/Phallus_impudicus/137952042.jpg,Phallus impudicus
data/images/Phallus_impudicus/137969910.jpg,Phallus impudicus
data/images/Phallus_impudicus/137999321.jpg,Phallus impudicus
data/images/Phallus_impudicus/138107323.jpg,Phallus impudicus
data/images/Phallus_impudicus/138588808.jpg,Phallus impudicus
data/images/Phallus_impudicus/138807116.jpg,Phallus impudicus
data/images/Phallus_impudicus/138956902.jpg,Phallus impudicus
data/images/Phallus_impudicus/139418919.jpg,Phallus impudicus
data/images/Phallus_impudicus/139611993.jpg,Phallus impudicus
data/images/Phallus_impudicus/139625110.jpg,Phallus impudicus
data/images/Phallus_impudicus/139724477.jpg,Phallus impudicus
data/images/Phallus_impudicus/139740907.jpg,Phallus impudicus
data/images/Phallus_impudicus/139742508.jpg,Phallus impudicus
data/images/Phallus_impudicus/139750537.jpg,Phallus impudicus
data/images/Phallus_impudicus/139990851.jpg,Phallus impudicus
data/images/Phallus_impudicus/140497242.jpg,Phallus impudicus
data/images/Phallus_impudicus/141782860.jpg,Phallus impudicus
data/images/Phallus_impudicus/152289376.jpg,Phallus impudicus
data/images/Phallus_impudicus/161850123.jpg,Phallus impudicus
data/images/Phallus_impudicus/169178043.jpg,Phallus impudicus
data/images/Phallus_impudicus/169376620.jpg,Phallus impudicus
data/images/Phallus_impudicus/169376650.jpg,Phallus impudicus
data/images/Phallus_impudicus/169992966.jpg,Phallus impudicus
data/images/Phallus_impudicus/170419515.jpg,Phallus impudicus
data/images/Phallus_impudicus/170425039.jpg,Phallus impudicus
data/images/Phallus_impudicus/171531285.jpg,Phallus impudicus
data/images/Phallus_impudicus/172651195.jpg,Phallus impudicus
data/images/Phallus_impudicus/175001312.jpg,Phallus impudicus
data/images/Phallus_impudicus/175897081.jpg,Phallus impudicus
data/images/Phallus_impudicus/176083473.jpg,Phallus impudicus
data/images/Phallus_impudicus/176811741.jpg,Phallus impudicus
data/images/Phallus_impudicus/178430816.jpg,Phallus impudicus
data/images/Phallus_impudicus/178825805.jpg,Phallus impudicus
data/images/Phallus_impudicus/179152719.jpg,Phallus impudicus
data/images/Phallus_impudicus/179506134.jpg,Phallus impudicus
data/images/Phallus_impudicus/179543090.jpg,Phallus impudicus
data/images/Phallus_impudicus/179647493.jpg,Phallus impudicus
data/images/Phallus_impudicus/180250226.jpg,Phallus impudicus
data/images/Phallus_impudicus/180306827.jpg,Phallus impudicus
data/images/Phallus_impudicus/180592608.jpg,Phallus impudicus
data/images/Phallus_impudicus/181453870.jpg,Phallus impudicus
data/images/Phallus_impudicus/183373460.jpg,Phallus impudicus
data/images/Phallus_impudicus/183379613.jpg,Phallus impudicus
data/images/Phallus_impudicus/183635372.jpg,Phallus impudicus
data/images/Phallus_impudicus/185874425.jpg,Phallus impudicus
data/images/Phallus_impudicus/186521134.jpg,Phallus impudicus
data/images/Phallus_impudicus/186687685.jpg,Phallus impudicus
data/images/Phallus_impudicus/186698985.jpg,Phallus impudicus
data/images/Phallus_impudicus/187093685.jpg,Phallus impudicus
data/images/Phallus_impudicus/187262867.jpg,Phallus impudicus
data/images/Phallus_impudicus/187296333.jpg,Phallus impudicus
data/images/Phallus_impudicus/187489639.jpg,Phallus impudicus
data/images/Phallus_impudicus/187608034.jpg,Phallus impudicus
data/images/Phallus_impudicus/187627365.jpg,Phallus impudicus
data/images/Phallus_impudicus/188999311.jpg,Phallus impudicus
data/images/Phallus_impudicus/189222585.jpg,Phallus impudicus
data/images/Phallus_impudicus/190209213.jpg,Phallus impudicus
data/images/Phallus_impudicus/190420567.jpg,Phallus impudicus
data/images/Phallus_impudicus/190652381.jpg,Phallus impudicus
data/images/Phallus_impudicus/191358615.jpg,Phallus impudicus
data/images/Phallus_impudicus/191475462.jpg,Phallus impudicus
data/images/Phallus_impudicus/191487017.jpg,Phallus impudicus
data/images/Phallus_impudicus/191499937.jpg,Phallus impudicus
data/images/Phallus_impudicus/192190528.jpg,Phallus impudicus
data/images/Phallus_impudicus/194103460.jpg,Phallus impudicus
data/images/Phallus_impudicus/205215427.jpg,Phallus impudicus
data/images/Phallus_impudicus/221049561.jpg,Phallus impudicus
data/images/Phallus_impudicus/221286569.jpg,Phallus impudicus
data/images/Phallus_impudicus/223367857.jpg,Phallus impudicus
data/images/Phallus_impudicus/223720793.jpg,Phallus impudicus
data/images/Phallus_impudicus/230079349.jpg,Phallus impudicus
data/images/Phallus_impudicus/231979291.jpg,Phallus impudicus
data/images/Phallus_impudicus/234527496.jpg,Phallus impudicus
data/images/Phallus_impudicus/238208361.jpg,Phallus impudicus
data/images/Phallus_impudicus/238924447.jpg,Phallus impudicus
data/images/Phallus_impudicus/240484011.jpg,Phallus impudicus
data/images/Phallus_impudicus/242911324.jpg,Phallus impudicus
data/images/Phallus_impudicus/246216003.jpg,Phallus impudicus
data/images/Phallus_impudicus/246288048.jpg,Phallus impudicus
data/images/Phallus_impudicus/246481675.jpg,Phallus impudicus
data/images/Phallus_impudicus/246604833.jpg,Phallus impudicus
data/images/Phallus_impudicus/246920692.jpg,Phallus impudicus
data/images/Phallus_impudicus/247327143.jpg,Phallus impudicus
data/images/Phallus_impudicus/247334760.jpg,Phallus impudicus
data/images/Phallus_impudicus/247474010.jpg,Phallus impudicus
data/images/Phallus_impudicus/247594824.jpg,Phallus impudicus
data/images/Phallus_impudicus/248271856.jpg,Phallus impudicus
data/images/Phallus_impudicus/251803390.jpg,Phallus impudicus
data/images/Phallus_impudicus/251889523.jpg,Phallus impudicus
data/images/Phallus_impudicus/258023781.jpg,Phallus impudicus
data/images/Phallus_impudicus/292393672.jpg,Phallus impudicus
data/images/Phallus_impudicus/292548970.jpg,Phallus impudicus
data/images/Phallus_impudicus/293240443.jpg,Phallus impudicus
data/images/Phallus_impudicus/296195181.jpg,Phallus impudicus
data/images/Phallus_impudicus/297845028.jpg,Phallus impudicus
data/images/Phallus_impudicus/30234202.jpg,Phallus impudicus
data/images/Phallus_impudicus/302814144.jpg,Phallus impudicus
data/images/Phallus_impudicus/30608201.jpg,Phallus impudicus
data/images/Phallus_impudicus/307603574.jpg,Phallus impudicus
data/images/Phallus_impudicus/30776067.jpg,Phallus impudicus
data/images/Phallus_impudicus/310423987.jpg,Phallus impudicus
data/images/Phallus_impudicus/31046956.jpg,Phallus impudicus
data/images/Phallus_impudicus/31055209.jpg,Phallus impudicus
data/images/Phallus_impudicus/316015258.jpg,Phallus impudicus
data/images/Phallus_impudicus/316108764.jpg,Phallus impudicus
data/images/Phallus_impudicus/316550050.jpg,Phallus impudicus
data/images/Phallus_impudicus/31838224.jpg,Phallus impudicus
data/images/Phallus_impudicus/318851796.jpg,Phallus impudicus
data/images/Phallus_impudicus/32062634.jpg,Phallus impudicus
data/images/Phallus_impudicus/32104809.jpg,Phallus impudicus
data/images/Phallus_impudicus/32116727.jpg,Phallus impudicus
data/images/Phallus_impudicus/32151362.jpg,Phallus impudicus
data/images/Phallus_impudicus/32174665.jpg,Phallus impudicus
data/images/Phallus_impudicus/32266965.jpg,Phallus impudicus
data/images/Phallus_impudicus/32337415.jpg,Phallus impudicus
data/images/Phallus_impudicus/32575946.jpg,Phallus impudicus
data/images/Phallus_impudicus/32576029.jpg,Phallus impudicus
data/images/Phallus_impudicus/32576113.jpg,Phallus impudicus
data/images/Phallus_impudicus/32576195.jpg,Phallus impudicus
data/images/Phallus_impudicus/32578421.jpg,Phallus impudicus
data/images/Phallus_impudicus/32689657.jpg,Phallus impudicus
data/images/Phallus_impudicus/32941067.jpg,Phallus impudicus
data/images/Phallus_impudicus/32941128.jpg,Phallus impudicus
data/images/Phallus_impudicus/32997629.jpg,Phallus impudicus
data/images/Phallus_impudicus/32998550.jpg,Phallus impudicus
data/images/Phallus_impudicus/33123983.jpg,Phallus impudicus
data/images/Phallus_impudicus/33182626.jpg,Phallus impudicus
data/images/Phallus_impudicus/33484936.jpg,Phallus impudicus
data/images/Phallus_impudicus/33526866.jpg,Phallus impudicus
data/images/Phallus_impudicus/33671672.jpg,Phallus impudicus
data/images/Phallus_impudicus/33707615.jpg,Phallus impudicus
data/images/Phallus_impudicus/33709431.jpg,Phallus impudicus
data/images/Phallus_impudicus/33744528.jpg,Phallus impudicus
data/images/Phallus_impudicus/33886728.jpg,Phallus impudicus
data/images/Phallus_impudicus/34076384.jpg,Phallus impudicus
data/images/Phallus_impudicus/34238341.jpg,Phallus impudicus
data/images/Phallus_impudicus/34241906.jpg,Phallus impudicus
data/images/Phallus_impudicus/34244374.jpg,Phallus impudicus
data/images/Phallus_impudicus/34248964.jpg,Phallus impudicus
data/images/Phallus_impudicus/34298143.jpg,Phallus impudicus
data/images/Phallus_impudicus/34409937.jpg,Phallus impudicus
data/images/Phallus_impudicus/34488476.jpg,Phallus impudicus
data/images/Phallus_impudicus/34491561.jpg,Phallus impudicus
data/images/Phallus_impudicus/34583307.jpg,Phallus impudicus
data/images/Phallus_impudicus/34628855.jpg,Phallus impudicus
data/images/Phallus_impudicus/34732023.jpg,Phallus impudicus
data/images/Phallus_impudicus/34949726.jpg,Phallus impudicus
data/images/Phallus_impudicus/34956294.jpg,Phallus impudicus
data/images/Phallus_impudicus/34956297.jpg,Phallus impudicus
data/images/Phallus_impudicus/35056997.jpg,Phallus impudicus
data/images/Phallus_impudicus/35144812.jpg,Phallus impudicus
data/images/Phallus_impudicus/35196473.jpg,Phallus impudicus
data/images/Phallus_impudicus/35302719.jpg,Phallus impudicus
data/images/Phallus_impudicus/35320477.jpg,Phallus impudicus
data/images/Phallus_impudicus/35405825.jpg,Phallus impudicus
data/images/Phallus_impudicus/35605825.jpg,Phallus impudicus
data/images/Phallus_impudicus/47884585.jpg,Phallus impudicus
data/images/Phallus_impudicus/51891376.jpg,Phallus impudicus
data/images/Phallus_impudicus/52055042.jpg,Phallus impudicus
data/images/Phallus_impudicus/52364647.jpg,Phallus impudicus
data/images/Phallus_impudicus/52365588.jpg,Phallus impudicus
data/images/Phallus_impudicus/52847228.jpg,Phallus impudicus
data/images/Phallus_impudicus/54025074.jpg,Phallus impudicus
data/images/Phallus_impudicus/54251445.jpg,Phallus impudicus
data/images/Phallus_impudicus/54510543.jpg,Phallus impudicus
data/images/Phallus_impudicus/55253643.jpg,Phallus impudicus
data/images/Phallus_impudicus/59313020.jpg,Phallus impudicus
data/images/Phallus_impudicus/59758637.jpg,Phallus impudicus
data/images/Phallus_impudicus/59768379.jpg,Phallus impudicus
data/images/Phallus_impudicus/60196947.jpg,Phallus impudicus
data/images/Phallus_impudicus/60318359.jpg,Phallus impudicus
data/images/Phallus_impudicus/60587788.jpg,Phallus impudicus
data/images/Phallus_impudicus/60597139.jpg,Phallus impudicus
data/images/Phallus_impudicus/60704920.jpg,Phallus impudicus
data/images/Phallus_impudicus/60811015.jpg,Phallus impudicus
data/images/Phallus_impudicus/60960982.jpg,Phallus impudicus
data/images/Phallus_impudicus/61393022.jpg,Phallus impudicus
data/images/Phallus_impudicus/61469297.jpg,Phallus impudicus
data/images/Phallus_impudicus/61497229.jpg,Phallus impudicus
data/images/Phallus_impudicus/61554179.jpg,Phallus impudicus
data/images/Phallus_impudicus/61705000.jpg,Phallus impudicus
data/images/Phallus_impudicus/62034106.jpg,Phallus impudicus
data/images/Phallus_impudicus/62049589.jpg,Phallus impudicus
data/images/Phallus_impudicus/62186388.jpg,Phallus impudicus
data/images/Phallus_impudicus/62200788.jpg,Phallus impudicus
data/images/Phallus_impudicus/62305518.jpg,Phallus impudicus
data/images/Phallus_impudicus/62469681.jpg,Phallus impudicus
data/images/Phallus_impudicus/62707524.jpg,Phallus impudicus
data/images/Phallus_impudicus/63564122.jpg,Phallus impudicus
data/images/Phallus_impudicus/63810363.jpg,Phallus impudicus
data/images/Phallus_impudicus/64029676.jpg,Phallus impudicus
data/images/Phallus_impudicus/64355063.jpg,Phallus impudicus
data/images/Phallus_impudicus/65400094.jpg,Phallus impudicus
data/images/Phallus_impudicus/65766630.jpg,Phallus impudicus
data/images/Phallus_impudicus/71291607.jpg,Phallus impudicus
data/images/Phallus_impudicus/77056125.jpg,Phallus impudicus
data/images/Phallus_impudicus/80581029.jpg,Phallus impudicus
data/images/Phallus_impudicus/85245147.jpg,Phallus impudicus
data/images/Phallus_impudicus/85452873.jpg,Phallus impudicus
data/images/Phallus_impudicus/85886694.jpg,Phallus impudicus
data/images/Phallus_impudicus/85889426.jpg,Phallus impudicus
data/images/Phallus_impudicus/85902835.jpg,Phallus impudicus
data/images/Phallus_impudicus/86039367.jpg,Phallus impudicus
data/images/Phallus_impudicus/86085474.jpg,Phallus impudicus
data/images/Phallus_impudicus/86379455.jpg,Phallus impudicus
data/images/Phallus_impudicus/86399175.jpg,Phallus impudicus
data/images/Phallus_impudicus/86403616.jpg,Phallus impudicus
data/images/Phallus_impudicus/86428793.jpg,Phallus impudicus
data/images/Phallus_impudicus/86579996.jpg,Phallus impudicus
data/images/Phallus_impudicus/86580070.jpg,Phallus impudicus
data/images/Phallus_impudicus/87008293.jpg,Phallus impudicus
data/images/Phallus_impudicus/87521031.jpg,Phallus impudicus
data/images/Phallus_impudicus/87826077.jpg,Phallus impudicus
data/images/Phallus_impudicus/87986799.jpg,Phallus impudicus
data/images/Phallus_impudicus/88095956.jpg,Phallus impudicus
data/images/Phallus_impudicus/88514921.jpg,Phallus impudicus
data/images/Phallus_impudicus/88515264.jpg,Phallus impudicus
data/images/Phallus_impudicus/90753019.jpg,Phallus impudicus
data/images/Phallus_impudicus/91181412.jpg,Phallus impudicus
data/images/Phallus_impudicus/92757696.jpg,Phallus impudicus
data/images/Phallus_impudicus/93021340.jpg,Phallus impudicus
data/images/Phallus_impudicus/93021434.jpg,Phallus impudicus
data/images/Phallus_impudicus/93025357.jpg,Phallus impudicus
data/images/Phallus_impudicus/93261525.jpg,Phallus impudicus
data/images/Phallus_impudicus/93298681.jpg,Phallus impudicus
data/images/Phallus_impudicus/93749646.jpg,Phallus impudicus
data/images/Phallus_impudicus/93978523.jpg,Phallus impudicus
data/images/Phallus_impudicus/94192876.jpg,Phallus impudicus
data/images/Phallus_impudicus/94417315.jpg,Phallus impudicus
data/images/Phallus_impudicus/94459749.jpg,Phallus impudicus
data/images/Phallus_impudicus/95052711.jpg,Phallus impudicus
data/images/Phallus_impudicus/95125606.jpg,Phallus impudicus
data/images/Phallus_impudicus/95147380.jpg,Phallus impudicus
data/images/Phallus_impudicus/95242411.jpg,Phallus impudicus
data/images/Phallus_impudicus/95380025.jpg,Phallus impudicus
data/images/Phallus_impudicus/95381209.jpg,Phallus impudicus
data/images/Phallus_impudicus/95381473.jpg,Phallus impudicus
data/images/Phallus_impudicus/95413036.jpg,Phallus impudicus
data/images/Phallus_impudicus/95637165.jpg,Phallus impudicus
data/images/Phallus_impudicus/95734568.jpg,Phallus impudicus
data/images/Phallus_impudicus/95742021.jpg,Phallus impudicus
data/images/Phallus_impudicus/96069627.jpg,Phallus impudicus
data/images/Phallus_impudicus/96093753.jpg,Phallus impudicus
data/images/Phallus_impudicus/96357330.jpg,Phallus impudicus
data/images/Phallus_impudicus/96456970.jpg,Phallus impudicus
data/images/Phallus_impudicus/96598113.jpg,Phallus impudicus
data/images/Phallus_impudicus/96716811.jpg,Phallus impudicus
data/images/Phallus_impudicus/96911281.jpg,Phallus impudicus
data/images/Phallus_impudicus/97121278.jpg,Phallus impudicus
data/images/Phallus_impudicus/97145533.jpg,Phallus impudicus
data/images/Phallus_impudicus/97230116.jpg,Phallus impudicus
data/images/Phallus_impudicus/97275395.jpg,Phallus impudicus
data/images/Phallus_impudicus/97430310.jpg,Phallus impudicus
data/images/Phallus_impudicus/97630048.jpg,Phallus impudicus
data/images/Phallus_impudicus/97750225.jpg,Phallus impudicus
data/images/Phallus_impudicus/97759280.jpg,Phallus impudicus
data/images/Phallus_impudicus/97873593.jpg,Phallus impudicus
data/images/Phallus_impudicus/98005604.jpg,Phallus impudicus
data/images/Phallus_impudicus/98014079.jpg,Phallus impudicus
data/images/Phallus_impudicus/98316568.jpg,Phallus impudicus
data/images/Phallus_impudicus/98467396.jpg,Phallus impudicus
data/images/Phallus_impudicus/98470309.jpg,Phallus impudicus
data/images/Phallus_impudicus/98701281.jpg,Phallus impudicus
data/images/Phallus_impudicus/98883783.jpg,Phallus impudicus
data/images/Phallus_impudicus/98883799.jpg,Phallus impudicus
data/images/Phallus_impudicus/99231640.jpg,Phallus impudicus
data/images/Phallus_impudicus/99459511.jpg,Phallus impudicus
data/images/Phallus_impudicus/99741378.jpg,Phallus impudicus
